pareja,env_parent,fine_parent,align,n_bands,banda_idx,centro_hz,edge_lo_hz,edge_hi_hz,rms_db_abs,rms_db_rel_pico,es_huerfana,n_huerfanas_bandpass_grupo,n_huerfanas_ref_envolvente_grupo,coincide_con_referencia_grupo
trueno_hecho_de_agua,trueno,goteo,False,2,0,259.23,80.0,840.0,-29.0514,0.0,False,1,1,True
trueno_hecho_de_agua,trueno,goteo,False,2,1,2721.91,840.0,8820.0,-84.8233,-55.7719,True,1,1,True
trueno_hecho_de_agua,trueno,goteo,False,4,0,144.01,80.0,259.23,-31.3467,0.0,False,2,2,True
trueno_hecho_de_agua,trueno,goteo,False,4,1,466.64,259.23,840.0,-33.986,-2.6393,False,2,2,True
trueno_hecho_de_agua,trueno,goteo,False,4,2,1512.09,840.0,2721.91,-87.6381,-56.2914,True,2,2,True
trueno_hecho_de_agua,trueno,goteo,False,4,3,4899.72,2721.91,8820.0,-116.1767,-84.8301,True,2,2,True
trueno_hecho_de_agua,trueno,goteo,False,6,0,118.38,80.0,175.18,-34.102,-2.6761,False,3,3,True
trueno_hecho_de_agua,trueno,goteo,False,6,1,259.23,175.18,383.6,-31.4259,0.0,False,3,3,True
trueno_hecho_de_agua,trueno,goteo,False,6,2,567.65,383.6,840.0,-43.4335,-12.0076,False,3,3,True
trueno_hecho_de_agua,trueno,goteo,False,6,3,1243.02,840.0,1839.4,-87.7706,-56.3447,True,3,3,True
trueno_hecho_de_agua,trueno,goteo,False,6,4,2721.91,1839.4,4027.84,-116.4586,-85.0327,True,3,3,True
trueno_hecho_de_agua,trueno,goteo,False,6,5,5960.33,4027.84,8820.0,-126.0676,-94.6417,True,3,3,True
trueno_hecho_de_agua,trueno,goteo,False,8,0,107.33,80.0,144.01,-35.9125,-2.7392,False,4,4,True
trueno_hecho_de_agua,trueno,goteo,False,8,1,193.21,144.01,259.23,-33.1733,0.0,False,4,4,True
trueno_hecho_de_agua,trueno,goteo,False,8,2,347.8,259.23,466.64,-33.7368,-0.5635,False,4,4,True
trueno_hecho_de_agua,trueno,goteo,False,8,3,626.08,466.64,840.0,-53.5842,-20.4109,False,4,4,True
trueno_hecho_de_agua,trueno,goteo,False,8,4,1127.01,840.0,1512.09,-87.0742,-53.9009,True,4,4,True
trueno_hecho_de_agua,trueno,goteo,False,8,5,2028.73,1512.09,2721.91,-103.6429,-70.4696,True,4,4,True
trueno_hecho_de_agua,trueno,goteo,False,8,6,3651.93,2721.91,4899.72,-112.1441,-78.9708,True,4,4,True
trueno_hecho_de_agua,trueno,goteo,False,8,7,6573.85,4899.72,8820.0,-135.7843,-102.611,True,4,4,True
trueno_hecho_de_agua,trueno,goteo,False,12,0,97.32,80.0,118.38,-37.5551,-3.2983,False,7,7,True
trueno_hecho_de_agua,trueno,goteo,False,12,1,144.01,118.38,175.18,-36.6283,-2.3715,False,7,7,True
trueno_hecho_de_agua,trueno,goteo,False,12,2,213.1,175.18,259.23,-34.7207,-0.4639,False,7,7,True
trueno_hecho_de_agua,trueno,goteo,False,12,3,315.34,259.23,383.6,-34.2568,0.0,False,7,7,True
trueno_hecho_de_agua,trueno,goteo,False,12,4,466.64,383.6,567.65,-43.1388,-8.882,False,7,7,True
trueno_hecho_de_agua,trueno,goteo,False,12,5,690.53,567.65,840.0,-65.8828,-31.626,True,7,7,True
trueno_hecho_de_agua,trueno,goteo,False,12,6,1021.83,840.0,1243.02,-86.3591,-52.1023,True,7,7,True
trueno_hecho_de_agua,trueno,goteo,False,12,7,1512.09,1243.02,1839.4,-94.3161,-60.0593,True,7,7,True
trueno_hecho_de_agua,trueno,goteo,False,12,8,2237.56,1839.4,2721.91,-108.0017,-73.7449,True,7,7,True
trueno_hecho_de_agua,trueno,goteo,False,12,9,3311.11,2721.91,4027.84,-112.032,-77.7752,True,7,7,True
trueno_hecho_de_agua,trueno,goteo,False,12,10,4899.72,4027.84,5960.33,-120.8107,-86.554,True,7,7,True
trueno_hecho_de_agua,trueno,goteo,False,12,11,7250.53,5960.33,8820.0,-130.5024,-96.2456,True,7,7,True
trueno_hecho_de_agua,trueno,goteo,False,16,0,92.66,80.0,107.33,-39.3723,-4.1524,False,9,9,True
trueno_hecho_de_agua,trueno,goteo,False,16,1,124.33,107.33,144.01,-38.6462,-3.4264,False,9,9,True
trueno_hecho_de_agua,trueno,goteo,False,16,2,166.81,144.01,193.21,-36.5551,-1.3353,False,9,9,True
trueno_hecho_de_agua,trueno,goteo,False,16,3,223.8,193.21,259.23,-35.8762,-0.6563,False,9,9,True
trueno_hecho_de_agua,trueno,goteo,False,16,4,300.27,259.23,347.8,-35.2198,0.0,False,9,9,True
trueno_hecho_de_agua,trueno,goteo,False,16,5,402.86,347.8,466.64,-39.298,-4.0782,False,9,9,True
trueno_hecho_de_agua,trueno,goteo,False,16,6,540.51,466.64,626.08,-53.4588,-18.239,False,9,9,True
trueno_hecho_de_agua,trueno,goteo,False,16,7,725.2,626.08,840.0,-72.8477,-37.6279,True,9,9,True
trueno_hecho_de_agua,trueno,goteo,False,16,8,972.98,840.0,1127.01,-86.3221,-51.1022,True,9,9,True
trueno_hecho_de_agua,trueno,goteo,False,16,9,1305.43,1127.01,1512.09,-91.5247,-56.3049,True,9,9,True
trueno_hecho_de_agua,trueno,goteo,False,16,10,1751.46,1512.09,2028.73,-100.2063,-64.9864,True,9,9,True
trueno_hecho_de_agua,trueno,goteo,False,16,11,2349.9,2028.73,2721.91,-106.3156,-71.0957,True,9,9,True
trueno_hecho_de_agua,trueno,goteo,False,16,12,3152.81,2721.91,3651.93,-110.2872,-75.0673,True,9,9,True
trueno_hecho_de_agua,trueno,goteo,False,16,13,4230.06,3651.93,4899.72,-121.6521,-86.4323,True,9,9,True
trueno_hecho_de_agua,trueno,goteo,False,16,14,5675.39,4899.72,6573.85,-126.3832,-91.1634,True,9,9,True
trueno_hecho_de_agua,trueno,goteo,False,16,15,7614.55,6573.85,8820.0,-134.4665,-99.2466,True,9,9,True
trueno_hecho_de_agua,trueno,goteo,False,24,0,88.23,80.0,97.32,-41.3039,-4.6896,False,14,14,True
trueno_hecho_de_agua,trueno,goteo,False,24,1,107.33,97.32,118.38,-39.7537,-3.1394,False,14,14,True
trueno_hecho_de_agua,trueno,goteo,False,24,2,130.57,118.38,144.01,-41.137,-4.5227,False,14,14,True
trueno_hecho_de_agua,trueno,goteo,False,24,3,158.83,144.01,175.18,-38.485,-1.8707,False,14,14,True
trueno_hecho_de_agua,trueno,goteo,False,24,4,193.21,175.18,213.1,-38.1,-1.4857,False,14,14,True
trueno_hecho_de_agua,trueno,goteo,False,24,5,235.04,213.1,259.23,-37.3901,-0.7758,False,14,14,True
trueno_hecho_de_agua,trueno,goteo,False,24,6,285.91,259.23,315.34,-36.6143,0.0,False,14,14,True
trueno_hecho_de_agua,trueno,goteo,False,24,7,347.8,315.34,383.6,-37.9944,-1.3801,False,14,14,True
trueno_hecho_de_agua,trueno,goteo,False,24,8,423.09,383.6,466.64,-43.3633,-6.749,False,14,14,True
trueno_hecho_de_agua,trueno,goteo,False,24,9,514.67,466.64,567.65,-53.4934,-16.8791,False,14,14,True
trueno_hecho_de_agua,trueno,goteo,False,24,10,626.08,567.65,690.53,-65.9072,-29.2929,True,14,14,True
trueno_hecho_de_agua,trueno,goteo,False,24,11,761.6,690.53,840.0,-79.6981,-43.0838,True,14,14,True
trueno_hecho_de_agua,trueno,goteo,False,24,12,926.46,840.0,1021.83,-86.7813,-50.1669,True,14,14,True
trueno_hecho_de_agua,trueno,goteo,False,24,13,1127.01,1021.83,1243.02,-90.225,-53.6107,True,14,14,True
trueno_hecho_de_agua,trueno,goteo,False,24,14,1370.97,1243.02,1512.09,-93.5962,-56.9818,True,14,14,True
trueno_hecho_de_agua,trueno,goteo,False,24,15,1667.73,1512.09,1839.4,-98.941,-62.3267,True,14,14,True
trueno_hecho_de_agua,trueno,goteo,False,24,16,2028.73,1839.4,2237.56,-104.9836,-68.3693,True,14,14,True
trueno_hecho_de_agua,trueno,goteo,False,24,17,2467.88,2237.56,2721.91,-105.5504,-68.9361,True,14,14,True
trueno_hecho_de_agua,trueno,goteo,False,24,18,3002.09,2721.91,3311.11,-107.8731,-71.2588,True,14,14,True
trueno_hecho_de_agua,trueno,goteo,False,24,19,3651.93,3311.11,4027.84,-115.5164,-78.9021,True,14,14,True
trueno_hecho_de_agua,trueno,goteo,False,24,20,4442.44,4027.84,4899.72,-117.3719,-80.7575,True,14,14,True
trueno_hecho_de_agua,trueno,goteo,False,24,21,5404.07,4899.72,5960.33,-124.4799,-87.8656,True,14,14,True
trueno_hecho_de_agua,trueno,goteo,False,24,22,6573.85,5960.33,7250.53,-127.2417,-90.6273,True,14,14,True
trueno_hecho_de_agua,trueno,goteo,False,24,23,7996.85,7250.53,8820.0,-132.2996,-95.6853,True,14,14,True
trueno_hecho_de_agua,trueno,goteo,False,32,0,86.1,80.0,92.66,-42.358,-4.4035,False,18,18,True
trueno_hecho_de_agua,trueno,goteo,False,32,1,99.73,92.66,107.33,-42.0474,-4.0929,False,18,18,True
trueno_hecho_de_agua,trueno,goteo,False,32,2,115.52,107.33,124.33,-40.9674,-3.0129,False,18,18,True
trueno_hecho_de_agua,trueno,goteo,False,32,3,133.81,124.33,144.01,-42.4107,-4.4562,False,18,18,True
trueno_hecho_de_agua,trueno,goteo,False,32,4,154.99,144.01,166.81,-39.9403,-1.9858,False,18,18,True
trueno_hecho_de_agua,trueno,goteo,False,32,5,179.52,166.81,193.21,-39.3679,-1.4134,False,18,18,True
trueno_hecho_de_agua,trueno,goteo,False,32,6,207.94,193.21,223.8,-39.342,-1.3875,False,18,18,True
trueno_hecho_de_agua,trueno,goteo,False,32,7,240.86,223.8,259.23,-38.5405,-0.586,False,18,18,True
trueno_hecho_de_agua,trueno,goteo,False,32,8,279.0,259.23,300.27,-37.9545,0.0,False,18,18,True
trueno_hecho_de_agua,trueno,goteo,False,32,9,323.16,300.27,347.8,-38.7222,-0.7677,False,18,18,True
trueno_hecho_de_agua,trueno,goteo,False,32,10,374.32,347.8,402.86,-40.2469,-2.2924,False,18,18,True
trueno_hecho_de_agua,trueno,goteo,False,32,11,433.58,402.86,466.64,-45.7844,-7.8299,False,18,18,True
trueno_hecho_de_agua,trueno,goteo,False,32,12,502.22,466.64,540.51,-53.7439,-15.7894,False,18,18,True
trueno_hecho_de_agua,trueno,goteo,False,32,13,581.73,540.51,626.08,-62.6787,-24.7242,False,18,18,True
trueno_hecho_de_agua,trueno,goteo,False,32,14,673.82,626.08,725.2,-73.0991,-35.1446,True,18,18,True
trueno_hecho_de_agua,trueno,goteo,False,32,15,780.49,725.2,840.0,-82.1552,-44.2007,True,18,18,True
trueno_hecho_de_agua,trueno,goteo,False,32,16,904.05,840.0,972.98,-87.2604,-49.3059,True,18,18,True
trueno_hecho_de_agua,trueno,goteo,False,32,17,1047.17,972.98,1127.01,-90.1355,-52.181,True,18,18,True
trueno_hecho_de_agua,trueno,goteo,False,32,18,1212.94,1127.01,1305.43,-92.2895,-54.3349,True,18,18,True
trueno_hecho_de_agua,trueno,goteo,False,32,19,1404.96,1305.43,1512.09,-95.0383,-57.0838,True,18,18,True
trueno_hecho_de_agua,trueno,goteo,False,32,20,1627.38,1512.09,1751.46,-98.8746,-60.9201,True,18,18,True
trueno_hecho_de_agua,trueno,goteo,False,32,21,1885.01,1751.46,2028.73,-103.6013,-65.6468,True,18,18,True
trueno_hecho_de_agua,trueno,goteo,False,32,22,2183.42,2028.73,2349.9,-105.4337,-67.4791,True,18,18,True
trueno_hecho_de_agua,trueno,goteo,False,32,23,2529.08,2349.9,2721.91,-105.7285,-67.7739,True,18,18,True
trueno_hecho_de_agua,trueno,goteo,False,32,24,2929.45,2721.91,3152.81,-107.3251,-69.3706,True,18,18,True
trueno_hecho_de_agua,trueno,goteo,False,32,25,3393.21,3152.81,3651.93,-111.8983,-73.9438,True,18,18,True
trueno_hecho_de_agua,trueno,goteo,False,32,26,3930.38,3651.93,4230.06,-114.6181,-76.6635,True,18,18,True
trueno_hecho_de_agua,trueno,goteo,False,32,27,4552.6,4230.06,4899.72,-116.0423,-78.0877,True,18,18,True
trueno_hecho_de_agua,trueno,goteo,False,32,28,5273.31,4899.72,5675.39,-121.7507,-83.7961,True,18,18,True
trueno_hecho_de_agua,trueno,goteo,False,32,29,6108.12,5675.39,6573.85,-123.318,-85.3635,True,18,18,True
trueno_hecho_de_agua,trueno,goteo,False,32,30,7075.09,6573.85,7614.55,-128.6012,-90.6467,True,18,18,True
trueno_hecho_de_agua,trueno,goteo,False,32,31,8195.14,7614.55,8820.0,-131.0237,-93.0692,True,18,18,True
trueno_hecho_de_agua,trueno,goteo,True,2,0,259.23,80.0,840.0,-29.0514,0.0,False,1,1,True
trueno_hecho_de_agua,trueno,goteo,True,2,1,2721.91,840.0,8820.0,-84.8233,-55.7719,True,1,1,True
trueno_hecho_de_agua,trueno,goteo,True,4,0,144.01,80.0,259.23,-31.3467,0.0,False,2,2,True
trueno_hecho_de_agua,trueno,goteo,True,4,1,466.64,259.23,840.0,-33.986,-2.6393,False,2,2,True
trueno_hecho_de_agua,trueno,goteo,True,4,2,1512.09,840.0,2721.91,-87.6381,-56.2914,True,2,2,True
trueno_hecho_de_agua,trueno,goteo,True,4,3,4899.72,2721.91,8820.0,-116.1767,-84.8301,True,2,2,True
trueno_hecho_de_agua,trueno,goteo,True,6,0,118.38,80.0,175.18,-34.102,-2.6761,False,3,3,True
trueno_hecho_de_agua,trueno,goteo,True,6,1,259.23,175.18,383.6,-31.4259,0.0,False,3,3,True
trueno_hecho_de_agua,trueno,goteo,True,6,2,567.65,383.6,840.0,-43.4335,-12.0076,False,3,3,True
trueno_hecho_de_agua,trueno,goteo,True,6,3,1243.02,840.0,1839.4,-87.7706,-56.3447,True,3,3,True
trueno_hecho_de_agua,trueno,goteo,True,6,4,2721.91,1839.4,4027.84,-116.4586,-85.0327,True,3,3,True
trueno_hecho_de_agua,trueno,goteo,True,6,5,5960.33,4027.84,8820.0,-126.0676,-94.6417,True,3,3,True
trueno_hecho_de_agua,trueno,goteo,True,8,0,107.33,80.0,144.01,-35.9125,-2.7392,False,4,4,True
trueno_hecho_de_agua,trueno,goteo,True,8,1,193.21,144.01,259.23,-33.1733,0.0,False,4,4,True
trueno_hecho_de_agua,trueno,goteo,True,8,2,347.8,259.23,466.64,-33.7368,-0.5635,False,4,4,True
trueno_hecho_de_agua,trueno,goteo,True,8,3,626.08,466.64,840.0,-53.5842,-20.4109,False,4,4,True
trueno_hecho_de_agua,trueno,goteo,True,8,4,1127.01,840.0,1512.09,-87.0742,-53.9009,True,4,4,True
trueno_hecho_de_agua,trueno,goteo,True,8,5,2028.73,1512.09,2721.91,-103.6429,-70.4696,True,4,4,True
trueno_hecho_de_agua,trueno,goteo,True,8,6,3651.93,2721.91,4899.72,-112.1441,-78.9708,True,4,4,True
trueno_hecho_de_agua,trueno,goteo,True,8,7,6573.85,4899.72,8820.0,-135.7843,-102.611,True,4,4,True
trueno_hecho_de_agua,trueno,goteo,True,12,0,97.32,80.0,118.38,-37.5551,-3.2983,False,7,7,True
trueno_hecho_de_agua,trueno,goteo,True,12,1,144.01,118.38,175.18,-36.6283,-2.3715,False,7,7,True
trueno_hecho_de_agua,trueno,goteo,True,12,2,213.1,175.18,259.23,-34.7207,-0.4639,False,7,7,True
trueno_hecho_de_agua,trueno,goteo,True,12,3,315.34,259.23,383.6,-34.2568,0.0,False,7,7,True
trueno_hecho_de_agua,trueno,goteo,True,12,4,466.64,383.6,567.65,-43.1388,-8.882,False,7,7,True
trueno_hecho_de_agua,trueno,goteo,True,12,5,690.53,567.65,840.0,-65.8828,-31.626,True,7,7,True
trueno_hecho_de_agua,trueno,goteo,True,12,6,1021.83,840.0,1243.02,-86.3591,-52.1023,True,7,7,True
trueno_hecho_de_agua,trueno,goteo,True,12,7,1512.09,1243.02,1839.4,-94.3161,-60.0593,True,7,7,True
trueno_hecho_de_agua,trueno,goteo,True,12,8,2237.56,1839.4,2721.91,-108.0017,-73.7449,True,7,7,True
trueno_hecho_de_agua,trueno,goteo,True,12,9,3311.11,2721.91,4027.84,-112.032,-77.7752,True,7,7,True
trueno_hecho_de_agua,trueno,goteo,True,12,10,4899.72,4027.84,5960.33,-120.8107,-86.554,True,7,7,True
trueno_hecho_de_agua,trueno,goteo,True,12,11,7250.53,5960.33,8820.0,-130.5024,-96.2456,True,7,7,True
trueno_hecho_de_agua,trueno,goteo,True,16,0,92.66,80.0,107.33,-39.3723,-4.1524,False,9,9,True
trueno_hecho_de_agua,trueno,goteo,True,16,1,124.33,107.33,144.01,-38.6462,-3.4264,False,9,9,True
trueno_hecho_de_agua,trueno,goteo,True,16,2,166.81,144.01,193.21,-36.5551,-1.3353,False,9,9,True
trueno_hecho_de_agua,trueno,goteo,True,16,3,223.8,193.21,259.23,-35.8762,-0.6563,False,9,9,True
trueno_hecho_de_agua,trueno,goteo,True,16,4,300.27,259.23,347.8,-35.2198,0.0,False,9,9,True
trueno_hecho_de_agua,trueno,goteo,True,16,5,402.86,347.8,466.64,-39.298,-4.0782,False,9,9,True
trueno_hecho_de_agua,trueno,goteo,True,16,6,540.51,466.64,626.08,-53.4588,-18.239,False,9,9,True
trueno_hecho_de_agua,trueno,goteo,True,16,7,725.2,626.08,840.0,-72.8477,-37.6279,True,9,9,True
trueno_hecho_de_agua,trueno,goteo,True,16,8,972.98,840.0,1127.01,-86.3221,-51.1022,True,9,9,True
trueno_hecho_de_agua,trueno,goteo,True,16,9,1305.43,1127.01,1512.09,-91.5247,-56.3049,True,9,9,True
trueno_hecho_de_agua,trueno,goteo,True,16,10,1751.46,1512.09,2028.73,-100.2063,-64.9864,True,9,9,True
trueno_hecho_de_agua,trueno,goteo,True,16,11,2349.9,2028.73,2721.91,-106.3156,-71.0957,True,9,9,True
trueno_hecho_de_agua,trueno,goteo,True,16,12,3152.81,2721.91,3651.93,-110.2872,-75.0673,True,9,9,True
trueno_hecho_de_agua,trueno,goteo,True,16,13,4230.06,3651.93,4899.72,-121.6521,-86.4323,True,9,9,True
trueno_hecho_de_agua,trueno,goteo,True,16,14,5675.39,4899.72,6573.85,-126.3832,-91.1634,True,9,9,True
trueno_hecho_de_agua,trueno,goteo,True,16,15,7614.55,6573.85,8820.0,-134.4665,-99.2466,True,9,9,True
trueno_hecho_de_agua,trueno,goteo,True,24,0,88.23,80.0,97.32,-41.3039,-4.6896,False,14,14,True
trueno_hecho_de_agua,trueno,goteo,True,24,1,107.33,97.32,118.38,-39.7537,-3.1394,False,14,14,True
trueno_hecho_de_agua,trueno,goteo,True,24,2,130.57,118.38,144.01,-41.137,-4.5227,False,14,14,True
trueno_hecho_de_agua,trueno,goteo,True,24,3,158.83,144.01,175.18,-38.485,-1.8707,False,14,14,True
trueno_hecho_de_agua,trueno,goteo,True,24,4,193.21,175.18,213.1,-38.1,-1.4857,False,14,14,True
trueno_hecho_de_agua,trueno,goteo,True,24,5,235.04,213.1,259.23,-37.3901,-0.7758,False,14,14,True
trueno_hecho_de_agua,trueno,goteo,True,24,6,285.91,259.23,315.34,-36.6143,0.0,False,14,14,True
trueno_hecho_de_agua,trueno,goteo,True,24,7,347.8,315.34,383.6,-37.9944,-1.3801,False,14,14,True
trueno_hecho_de_agua,trueno,goteo,True,24,8,423.09,383.6,466.64,-43.3633,-6.749,False,14,14,True
trueno_hecho_de_agua,trueno,goteo,True,24,9,514.67,466.64,567.65,-53.4934,-16.8791,False,14,14,True
trueno_hecho_de_agua,trueno,goteo,True,24,10,626.08,567.65,690.53,-65.9072,-29.2929,True,14,14,True
trueno_hecho_de_agua,trueno,goteo,True,24,11,761.6,690.53,840.0,-79.6981,-43.0838,True,14,14,True
trueno_hecho_de_agua,trueno,goteo,True,24,12,926.46,840.0,1021.83,-86.7813,-50.1669,True,14,14,True
trueno_hecho_de_agua,trueno,goteo,True,24,13,1127.01,1021.83,1243.02,-90.225,-53.6107,True,14,14,True
trueno_hecho_de_agua,trueno,goteo,True,24,14,1370.97,1243.02,1512.09,-93.5962,-56.9818,True,14,14,True
trueno_hecho_de_agua,trueno,goteo,True,24,15,1667.73,1512.09,1839.4,-98.941,-62.3267,True,14,14,True
trueno_hecho_de_agua,trueno,goteo,True,24,16,2028.73,1839.4,2237.56,-104.9836,-68.3693,True,14,14,True
trueno_hecho_de_agua,trueno,goteo,True,24,17,2467.88,2237.56,2721.91,-105.5504,-68.9361,True,14,14,True
trueno_hecho_de_agua,trueno,goteo,True,24,18,3002.09,2721.91,3311.11,-107.8731,-71.2588,True,14,14,True
trueno_hecho_de_agua,trueno,goteo,True,24,19,3651.93,3311.11,4027.84,-115.5164,-78.9021,True,14,14,True
trueno_hecho_de_agua,trueno,goteo,True,24,20,4442.44,4027.84,4899.72,-117.3719,-80.7575,True,14,14,True
trueno_hecho_de_agua,trueno,goteo,True,24,21,5404.07,4899.72,5960.33,-124.4799,-87.8656,True,14,14,True
trueno_hecho_de_agua,trueno,goteo,True,24,22,6573.85,5960.33,7250.53,-127.2417,-90.6273,True,14,14,True
trueno_hecho_de_agua,trueno,goteo,True,24,23,7996.85,7250.53,8820.0,-132.2996,-95.6853,True,14,14,True
trueno_hecho_de_agua,trueno,goteo,True,32,0,86.1,80.0,92.66,-42.358,-4.4035,False,18,18,True
trueno_hecho_de_agua,trueno,goteo,True,32,1,99.73,92.66,107.33,-42.0474,-4.0929,False,18,18,True
trueno_hecho_de_agua,trueno,goteo,True,32,2,115.52,107.33,124.33,-40.9674,-3.0129,False,18,18,True
trueno_hecho_de_agua,trueno,goteo,True,32,3,133.81,124.33,144.01,-42.4107,-4.4562,False,18,18,True
trueno_hecho_de_agua,trueno,goteo,True,32,4,154.99,144.01,166.81,-39.9403,-1.9858,False,18,18,True
trueno_hecho_de_agua,trueno,goteo,True,32,5,179.52,166.81,193.21,-39.3679,-1.4134,False,18,18,True
trueno_hecho_de_agua,trueno,goteo,True,32,6,207.94,193.21,223.8,-39.342,-1.3875,False,18,18,True
trueno_hecho_de_agua,trueno,goteo,True,32,7,240.86,223.8,259.23,-38.5405,-0.586,False,18,18,True
trueno_hecho_de_agua,trueno,goteo,True,32,8,279.0,259.23,300.27,-37.9545,0.0,False,18,18,True
trueno_hecho_de_agua,trueno,goteo,True,32,9,323.16,300.27,347.8,-38.7222,-0.7677,False,18,18,True
trueno_hecho_de_agua,trueno,goteo,True,32,10,374.32,347.8,402.86,-40.2469,-2.2924,False,18,18,True
trueno_hecho_de_agua,trueno,goteo,True,32,11,433.58,402.86,466.64,-45.7844,-7.8299,False,18,18,True
trueno_hecho_de_agua,trueno,goteo,True,32,12,502.22,466.64,540.51,-53.7439,-15.7894,False,18,18,True
trueno_hecho_de_agua,trueno,goteo,True,32,13,581.73,540.51,626.08,-62.6787,-24.7242,False,18,18,True
trueno_hecho_de_agua,trueno,goteo,True,32,14,673.82,626.08,725.2,-73.0991,-35.1446,True,18,18,True
trueno_hecho_de_agua,trueno,goteo,True,32,15,780.49,725.2,840.0,-82.1552,-44.2007,True,18,18,True
trueno_hecho_de_agua,trueno,goteo,True,32,16,904.05,840.0,972.98,-87.2604,-49.3059,True,18,18,True
trueno_hecho_de_agua,trueno,goteo,True,32,17,1047.17,972.98,1127.01,-90.1355,-52.181,True,18,18,True
trueno_hecho_de_agua,trueno,goteo,True,32,18,1212.94,1127.01,1305.43,-92.2895,-54.3349,True,18,18,True
trueno_hecho_de_agua,trueno,goteo,True,32,19,1404.96,1305.43,1512.09,-95.0383,-57.0838,True,18,18,True
trueno_hecho_de_agua,trueno,goteo,True,32,20,1627.38,1512.09,1751.46,-98.8746,-60.9201,True,18,18,True
trueno_hecho_de_agua,trueno,goteo,True,32,21,1885.01,1751.46,2028.73,-103.6013,-65.6468,True,18,18,True
trueno_hecho_de_agua,trueno,goteo,True,32,22,2183.42,2028.73,2349.9,-105.4337,-67.4791,True,18,18,True
trueno_hecho_de_agua,trueno,goteo,True,32,23,2529.08,2349.9,2721.91,-105.7285,-67.7739,True,18,18,True
trueno_hecho_de_agua,trueno,goteo,True,32,24,2929.45,2721.91,3152.81,-107.3251,-69.3706,True,18,18,True
trueno_hecho_de_agua,trueno,goteo,True,32,25,3393.21,3152.81,3651.93,-111.8983,-73.9438,True,18,18,True
trueno_hecho_de_agua,trueno,goteo,True,32,26,3930.38,3651.93,4230.06,-114.6181,-76.6635,True,18,18,True
trueno_hecho_de_agua,trueno,goteo,True,32,27,4552.6,4230.06,4899.72,-116.0423,-78.0877,True,18,18,True
trueno_hecho_de_agua,trueno,goteo,True,32,28,5273.31,4899.72,5675.39,-121.7507,-83.7961,True,18,18,True
trueno_hecho_de_agua,trueno,goteo,True,32,29,6108.12,5675.39,6573.85,-123.318,-85.3635,True,18,18,True
trueno_hecho_de_agua,trueno,goteo,True,32,30,7075.09,6573.85,7614.55,-128.6012,-90.6467,True,18,18,True
trueno_hecho_de_agua,trueno,goteo,True,32,31,8195.14,7614.55,8820.0,-131.0237,-93.0692,True,18,18,True
fuego_hecho_de_vidrio,fuego,vidrio,False,2,0,259.23,80.0,840.0,-38.8193,-8.9219,False,0,0,True
fuego_hecho_de_vidrio,fuego,vidrio,False,2,1,2721.91,840.0,8820.0,-29.8975,0.0,False,0,0,True
fuego_hecho_de_vidrio,fuego,vidrio,False,4,0,144.01,80.0,259.23,-46.1807,-13.7344,False,0,0,True
fuego_hecho_de_vidrio,fuego,vidrio,False,4,1,466.64,259.23,840.0,-39.6546,-7.2083,False,0,0,True
fuego_hecho_de_vidrio,fuego,vidrio,False,4,2,1512.09,840.0,2721.91,-33.4172,-0.9709,False,0,0,True
fuego_hecho_de_vidrio,fuego,vidrio,False,4,3,4899.72,2721.91,8820.0,-32.4463,0.0,False,0,0,True
fuego_hecho_de_vidrio,fuego,vidrio,False,6,0,118.38,80.0,175.18,-49.3056,-15.2779,False,0,0,True
fuego_hecho_de_vidrio,fuego,vidrio,False,6,1,259.23,175.18,383.6,-44.9871,-10.9594,False,0,0,True
fuego_hecho_de_vidrio,fuego,vidrio,False,6,2,567.65,383.6,840.0,-40.4133,-6.3857,False,0,0,True
fuego_hecho_de_vidrio,fuego,vidrio,False,6,3,1243.02,840.0,1839.4,-34.0277,0.0,False,0,0,True
fuego_hecho_de_vidrio,fuego,vidrio,False,6,4,2721.91,1839.4,4027.84,-36.867,-2.8393,False,0,0,True
fuego_hecho_de_vidrio,fuego,vidrio,False,6,5,5960.33,4027.84,8820.0,-34.4072,-0.3796,False,0,0,True
fuego_hecho_de_vidrio,fuego,vidrio,False,8,0,107.33,80.0,144.01,-51.3914,-16.7457,False,0,0,True
fuego_hecho_de_vidrio,fuego,vidrio,False,8,1,193.21,144.01,259.23,-47.7393,-13.0936,False,0,0,True
fuego_hecho_de_vidrio,fuego,vidrio,False,8,2,347.8,259.23,466.64,-45.0457,-10.4,False,0,0,True
fuego_hecho_de_vidrio,fuego,vidrio,False,8,3,626.08,466.64,840.0,-41.0274,-6.3817,False,0,0,True
fuego_hecho_de_vidrio,fuego,vidrio,False,8,4,1127.01,840.0,1512.09,-35.3177,-0.672,False,0,0,True
fuego_hecho_de_vidrio,fuego,vidrio,False,8,5,2028.73,1512.09,2721.91,-38.6156,-3.9698,False,0,0,True
fuego_hecho_de_vidrio,fuego,vidrio,False,8,6,3651.93,2721.91,4899.72,-34.6457,0.0,False,0,0,True
fuego_hecho_de_vidrio,fuego,vidrio,False,8,7,6573.85,4899.72,8820.0,-37.7297,-3.084,False,0,0,True
fuego_hecho_de_vidrio,fuego,vidrio,False,12,0,97.32,80.0,118.38,-54.4259,-19.5963,False,0,0,True
fuego_hecho_de_vidrio,fuego,vidrio,False,12,1,144.01,118.38,175.18,-50.9699,-16.1403,False,0,0,True
fuego_hecho_de_vidrio,fuego,vidrio,False,12,2,213.1,175.18,259.23,-49.0168,-14.1872,False,0,0,True
fuego_hecho_de_vidrio,fuego,vidrio,False,12,3,315.34,259.23,383.6,-47.1682,-12.3386,False,0,0,True
fuego_hecho_de_vidrio,fuego,vidrio,False,12,4,466.64,383.6,567.65,-45.5471,-10.7175,False,0,0,True
fuego_hecho_de_vidrio,fuego,vidrio,False,12,5,690.53,567.65,840.0,-41.8791,-7.0495,False,0,0,True
fuego_hecho_de_vidrio,fuego,vidrio,False,12,6,1021.83,840.0,1243.02,-37.9085,-3.079,False,0,0,True
fuego_hecho_de_vidrio,fuego,vidrio,False,12,7,1512.09,1243.02,1839.4,-36.5395,-1.71,False,0,0,True
fuego_hecho_de_vidrio,fuego,vidrio,False,12,8,2237.56,1839.4,2721.91,-42.8537,-8.0241,False,0,0,True
fuego_hecho_de_vidrio,fuego,vidrio,False,12,9,3311.11,2721.91,4027.84,-37.8986,-3.069,False,0,0,True
fuego_hecho_de_vidrio,fuego,vidrio,False,12,10,4899.72,4027.84,5960.33,-34.8296,0.0,False,0,0,True
fuego_hecho_de_vidrio,fuego,vidrio,False,12,11,7250.53,5960.33,8820.0,-43.5945,-8.7649,False,0,0,True
fuego_hecho_de_vidrio,fuego,vidrio,False,16,0,92.66,80.0,107.33,-56.6061,-20.6201,False,0,0,True
fuego_hecho_de_vidrio,fuego,vidrio,False,16,1,124.33,107.33,144.01,-52.9044,-16.9184,False,0,0,True
fuego_hecho_de_vidrio,fuego,vidrio,False,16,2,166.81,144.01,193.21,-51.6805,-15.6945,False,0,0,True
fuego_hecho_de_vidrio,fuego,vidrio,False,16,3,223.8,193.21,259.23,-49.9039,-13.9179,False,0,0,True
fuego_hecho_de_vidrio,fuego,vidrio,False,16,4,300.27,259.23,347.8,-48.52,-12.534,False,0,0,True
fuego_hecho_de_vidrio,fuego,vidrio,False,16,5,402.86,347.8,466.64,-47.5746,-11.5886,False,0,0,True
fuego_hecho_de_vidrio,fuego,vidrio,False,16,6,540.51,466.64,626.08,-45.9899,-10.0038,False,0,0,True
fuego_hecho_de_vidrio,fuego,vidrio,False,16,7,725.2,626.08,840.0,-42.6139,-6.6279,False,0,0,True
fuego_hecho_de_vidrio,fuego,vidrio,False,16,8,972.98,840.0,1127.01,-39.7107,-3.7246,False,0,0,True
fuego_hecho_de_vidrio,fuego,vidrio,False,16,9,1305.43,1127.01,1512.09,-37.3053,-1.3193,False,0,0,True
fuego_hecho_de_vidrio,fuego,vidrio,False,16,10,1751.46,1512.09,2028.73,-39.615,-3.629,False,0,0,True
fuego_hecho_de_vidrio,fuego,vidrio,False,16,11,2349.9,2028.73,2721.91,-44.2171,-8.2311,False,0,0,True
fuego_hecho_de_vidrio,fuego,vidrio,False,16,12,3152.81,2721.91,3651.93,-40.4102,-4.4242,False,0,0,True
fuego_hecho_de_vidrio,fuego,vidrio,False,16,13,4230.06,3651.93,4899.72,-35.986,0.0,False,0,0,True
fuego_hecho_de_vidrio,fuego,vidrio,False,16,14,5675.39,4899.72,6573.85,-38.1125,-2.1265,False,0,0,True
fuego_hecho_de_vidrio,fuego,vidrio,False,16,15,7614.55,6573.85,8820.0,-45.7325,-9.7465,False,0,0,True
fuego_hecho_de_vidrio,fuego,vidrio,False,24,0,88.23,80.0,97.32,-59.7282,-22.2701,False,0,0,True
fuego_hecho_de_vidrio,fuego,vidrio,False,24,1,107.33,97.32,118.38,-55.8596,-18.4016,False,0,0,True
fuego_hecho_de_vidrio,fuego,vidrio,False,24,2,130.57,118.38,144.01,-54.3053,-16.8472,False,0,0,True
fuego_hecho_de_vidrio,fuego,vidrio,False,24,3,158.83,144.01,175.18,-53.7061,-16.2481,False,0,0,True
fuego_hecho_de_vidrio,fuego,vidrio,False,24,4,193.21,175.18,213.1,-52.9962,-15.5381,False,0,0,True
fuego_hecho_de_vidrio,fuego,vidrio,False,24,5,235.04,213.1,259.23,-51.2903,-13.8323,False,0,0,True
fuego_hecho_de_vidrio,fuego,vidrio,False,24,6,285.91,259.23,315.34,-50.5958,-13.1378,False,0,0,True
fuego_hecho_de_vidrio,fuego,vidrio,False,24,7,347.8,315.34,383.6,-49.8305,-12.3724,False,0,0,True
fuego_hecho_de_vidrio,fuego,vidrio,False,24,8,423.09,383.6,466.64,-49.0946,-11.6365,False,0,0,True
fuego_hecho_de_vidrio,fuego,vidrio,False,24,9,514.67,466.64,567.65,-48.1793,-10.7213,False,0,0,True
fuego_hecho_de_vidrio,fuego,vidrio,False,24,10,626.08,567.65,690.53,-46.3215,-8.8635,False,0,0,True
fuego_hecho_de_vidrio,fuego,vidrio,False,24,11,761.6,690.53,840.0,-43.7805,-6.3225,False,0,0,True
fuego_hecho_de_vidrio,fuego,vidrio,False,24,12,926.46,840.0,1021.83,-42.0447,-4.5867,False,0,0,True
fuego_hecho_de_vidrio,fuego,vidrio,False,24,13,1127.01,1021.83,1243.02,-39.9595,-2.5015,False,0,0,True
fuego_hecho_de_vidrio,fuego,vidrio,False,24,14,1370.97,1243.02,1512.09,-38.9688,-1.5108,False,0,0,True
fuego_hecho_de_vidrio,fuego,vidrio,False,24,15,1667.73,1512.09,1839.4,-40.3374,-2.8793,False,0,0,True
fuego_hecho_de_vidrio,fuego,vidrio,False,24,16,2028.73,1839.4,2237.56,-46.5339,-9.0759,False,0,0,True
fuego_hecho_de_vidrio,fuego,vidrio,False,24,17,2467.88,2237.56,2721.91,-44.9021,-7.4441,False,0,0,True
fuego_hecho_de_vidrio,fuego,vidrio,False,24,18,3002.09,2721.91,3311.11,-44.1718,-6.7138,False,0,0,True
fuego_hecho_de_vidrio,fuego,vidrio,False,24,19,3651.93,3311.11,4027.84,-39.0477,-1.5896,False,0,0,True
fuego_hecho_de_vidrio,fuego,vidrio,False,24,20,4442.44,4027.84,4899.72,-37.458,0.0,False,0,0,True
fuego_hecho_de_vidrio,fuego,vidrio,False,24,21,5404.07,4899.72,5960.33,-38.5346,-1.0766,False,0,0,True
fuego_hecho_de_vidrio,fuego,vidrio,False,24,22,6573.85,5960.33,7250.53,-45.4724,-8.0144,False,0,0,True
fuego_hecho_de_vidrio,fuego,vidrio,False,24,23,7996.85,7250.53,8820.0,-48.0539,-10.5959,False,0,0,True
fuego_hecho_de_vidrio,fuego,vidrio,False,32,0,86.1,80.0,92.66,-61.2998,-22.8955,False,0,0,True
fuego_hecho_de_vidrio,fuego,vidrio,False,32,1,99.73,92.66,107.33,-58.1667,-19.7625,False,0,0,True
fuego_hecho_de_vidrio,fuego,vidrio,False,32,2,115.52,107.33,124.33,-56.4427,-18.0384,False,0,0,True
fuego_hecho_de_vidrio,fuego,vidrio,False,32,3,133.81,124.33,144.01,-55.5457,-17.1415,False,0,0,True
fuego_hecho_de_vidrio,fuego,vidrio,False,32,4,154.99,144.01,166.81,-54.98,-16.5757,False,0,0,True
fuego_hecho_de_vidrio,fuego,vidrio,False,32,5,179.52,166.81,193.21,-54.4461,-16.0419,False,0,0,True
fuego_hecho_de_vidrio,fuego,vidrio,False,32,6,207.94,193.21,223.8,-53.788,-15.3837,False,0,0,True
fuego_hecho_de_vidrio,fuego,vidrio,False,32,7,240.86,223.8,259.23,-52.1847,-13.7805,False,0,0,True
fuego_hecho_de_vidrio,fuego,vidrio,False,32,8,279.0,259.23,300.27,-51.9293,-13.525,False,0,0,True
fuego_hecho_de_vidrio,fuego,vidrio,False,32,9,323.16,300.27,347.8,-51.2086,-12.8043,False,0,0,True
fuego_hecho_de_vidrio,fuego,vidrio,False,32,10,374.32,347.8,402.86,-51.0699,-12.6656,False,0,0,True
fuego_hecho_de_vidrio,fuego,vidrio,False,32,11,433.58,402.86,466.64,-50.0404,-11.6362,False,0,0,True
fuego_hecho_de_vidrio,fuego,vidrio,False,32,12,502.22,466.64,540.51,-49.6256,-11.2213,False,0,0,True
fuego_hecho_de_vidrio,fuego,vidrio,False,32,13,581.73,540.51,626.08,-48.3681,-9.9638,False,0,0,True
fuego_hecho_de_vidrio,fuego,vidrio,False,32,14,673.82,626.08,725.2,-46.8377,-8.4335,False,0,0,True
fuego_hecho_de_vidrio,fuego,vidrio,False,32,15,780.49,725.2,840.0,-44.6439,-6.2396,False,0,0,True
fuego_hecho_de_vidrio,fuego,vidrio,False,32,16,904.05,840.0,972.98,-43.465,-5.0607,False,0,0,True
fuego_hecho_de_vidrio,fuego,vidrio,False,32,17,1047.17,972.98,1127.01,-42.0062,-3.6019,False,0,0,True
fuego_hecho_de_vidrio,fuego,vidrio,False,32,18,1212.94,1127.01,1305.43,-40.514,-2.1097,False,0,0,True
fuego_hecho_de_vidrio,fuego,vidrio,False,32,19,1404.96,1305.43,1512.09,-40.1925,-1.7882,False,0,0,True
fuego_hecho_de_vidrio,fuego,vidrio,False,32,20,1627.38,1512.09,1751.46,-41.2357,-2.8315,False,0,0,True
fuego_hecho_de_vidrio,fuego,vidrio,False,32,21,1885.01,1751.46,2028.73,-44.7379,-6.3337,False,0,0,True
fuego_hecho_de_vidrio,fuego,vidrio,False,32,22,2183.42,2028.73,2349.9,-50.2416,-11.8373,False,0,0,True
fuego_hecho_de_vidrio,fuego,vidrio,False,32,23,2529.08,2349.9,2721.91,-45.3353,-6.931,False,0,0,True
fuego_hecho_de_vidrio,fuego,vidrio,False,32,24,2929.45,2721.91,3152.81,-46.4655,-8.0613,False,0,0,True
fuego_hecho_de_vidrio,fuego,vidrio,False,32,25,3393.21,3152.81,3651.93,-41.5754,-3.1711,False,0,0,True
fuego_hecho_de_vidrio,fuego,vidrio,False,32,26,3930.38,3651.93,4230.06,-39.5632,-1.1589,False,0,0,True
fuego_hecho_de_vidrio,fuego,vidrio,False,32,27,4552.6,4230.06,4899.72,-38.4043,0.0,False,0,0,True
fuego_hecho_de_vidrio,fuego,vidrio,False,32,28,5273.31,4899.72,5675.39,-38.9886,-0.5843,False,0,0,True
fuego_hecho_de_vidrio,fuego,vidrio,False,32,29,6108.12,5675.39,6573.85,-45.0696,-6.6653,False,0,0,True
fuego_hecho_de_vidrio,fuego,vidrio,False,32,30,7075.09,6573.85,7614.55,-48.0127,-9.6084,False,0,0,True
fuego_hecho_de_vidrio,fuego,vidrio,False,32,31,8195.14,7614.55,8820.0,-49.6141,-11.2098,False,0,0,True
fuego_hecho_de_vidrio,fuego,vidrio,True,2,0,259.23,80.0,840.0,-38.8193,-8.9219,False,0,0,True
fuego_hecho_de_vidrio,fuego,vidrio,True,2,1,2721.91,840.0,8820.0,-29.8975,0.0,False,0,0,True
fuego_hecho_de_vidrio,fuego,vidrio,True,4,0,144.01,80.0,259.23,-46.1807,-13.7344,False,0,0,True
fuego_hecho_de_vidrio,fuego,vidrio,True,4,1,466.64,259.23,840.0,-39.6546,-7.2083,False,0,0,True
fuego_hecho_de_vidrio,fuego,vidrio,True,4,2,1512.09,840.0,2721.91,-33.4172,-0.9709,False,0,0,True
fuego_hecho_de_vidrio,fuego,vidrio,True,4,3,4899.72,2721.91,8820.0,-32.4463,0.0,False,0,0,True
fuego_hecho_de_vidrio,fuego,vidrio,True,6,0,118.38,80.0,175.18,-49.3056,-15.2779,False,0,0,True
fuego_hecho_de_vidrio,fuego,vidrio,True,6,1,259.23,175.18,383.6,-44.9871,-10.9594,False,0,0,True
fuego_hecho_de_vidrio,fuego,vidrio,True,6,2,567.65,383.6,840.0,-40.4133,-6.3857,False,0,0,True
fuego_hecho_de_vidrio,fuego,vidrio,True,6,3,1243.02,840.0,1839.4,-34.0277,0.0,False,0,0,True
fuego_hecho_de_vidrio,fuego,vidrio,True,6,4,2721.91,1839.4,4027.84,-36.867,-2.8393,False,0,0,True
fuego_hecho_de_vidrio,fuego,vidrio,True,6,5,5960.33,4027.84,8820.0,-34.4072,-0.3796,False,0,0,True
fuego_hecho_de_vidrio,fuego,vidrio,True,8,0,107.33,80.0,144.01,-51.3914,-16.7457,False,0,0,True
fuego_hecho_de_vidrio,fuego,vidrio,True,8,1,193.21,144.01,259.23,-47.7393,-13.0936,False,0,0,True
fuego_hecho_de_vidrio,fuego,vidrio,True,8,2,347.8,259.23,466.64,-45.0457,-10.4,False,0,0,True
fuego_hecho_de_vidrio,fuego,vidrio,True,8,3,626.08,466.64,840.0,-41.0274,-6.3817,False,0,0,True
fuego_hecho_de_vidrio,fuego,vidrio,True,8,4,1127.01,840.0,1512.09,-35.3177,-0.672,False,0,0,True
fuego_hecho_de_vidrio,fuego,vidrio,True,8,5,2028.73,1512.09,2721.91,-38.6156,-3.9698,False,0,0,True
fuego_hecho_de_vidrio,fuego,vidrio,True,8,6,3651.93,2721.91,4899.72,-34.6457,0.0,False,0,0,True
fuego_hecho_de_vidrio,fuego,vidrio,True,8,7,6573.85,4899.72,8820.0,-37.7297,-3.084,False,0,0,True
fuego_hecho_de_vidrio,fuego,vidrio,True,12,0,97.32,80.0,118.38,-54.4259,-19.5963,False,0,0,True
fuego_hecho_de_vidrio,fuego,vidrio,True,12,1,144.01,118.38,175.18,-50.9699,-16.1403,False,0,0,True
fuego_hecho_de_vidrio,fuego,vidrio,True,12,2,213.1,175.18,259.23,-49.0168,-14.1872,False,0,0,True
fuego_hecho_de_vidrio,fuego,vidrio,True,12,3,315.34,259.23,383.6,-47.1682,-12.3386,False,0,0,True
fuego_hecho_de_vidrio,fuego,vidrio,True,12,4,466.64,383.6,567.65,-45.5471,-10.7175,False,0,0,True
fuego_hecho_de_vidrio,fuego,vidrio,True,12,5,690.53,567.65,840.0,-41.8791,-7.0495,False,0,0,True
fuego_hecho_de_vidrio,fuego,vidrio,True,12,6,1021.83,840.0,1243.02,-37.9085,-3.079,False,0,0,True
fuego_hecho_de_vidrio,fuego,vidrio,True,12,7,1512.09,1243.02,1839.4,-36.5395,-1.71,False,0,0,True
fuego_hecho_de_vidrio,fuego,vidrio,True,12,8,2237.56,1839.4,2721.91,-42.8537,-8.0241,False,0,0,True
fuego_hecho_de_vidrio,fuego,vidrio,True,12,9,3311.11,2721.91,4027.84,-37.8986,-3.069,False,0,0,True
fuego_hecho_de_vidrio,fuego,vidrio,True,12,10,4899.72,4027.84,5960.33,-34.8296,0.0,False,0,0,True
fuego_hecho_de_vidrio,fuego,vidrio,True,12,11,7250.53,5960.33,8820.0,-43.5945,-8.7649,False,0,0,True
fuego_hecho_de_vidrio,fuego,vidrio,True,16,0,92.66,80.0,107.33,-56.6061,-20.6201,False,0,0,True
fuego_hecho_de_vidrio,fuego,vidrio,True,16,1,124.33,107.33,144.01,-52.9044,-16.9184,False,0,0,True
fuego_hecho_de_vidrio,fuego,vidrio,True,16,2,166.81,144.01,193.21,-51.6805,-15.6945,False,0,0,True
fuego_hecho_de_vidrio,fuego,vidrio,True,16,3,223.8,193.21,259.23,-49.9039,-13.9179,False,0,0,True
fuego_hecho_de_vidrio,fuego,vidrio,True,16,4,300.27,259.23,347.8,-48.52,-12.534,False,0,0,True
fuego_hecho_de_vidrio,fuego,vidrio,True,16,5,402.86,347.8,466.64,-47.5746,-11.5886,False,0,0,True
fuego_hecho_de_vidrio,fuego,vidrio,True,16,6,540.51,466.64,626.08,-45.9899,-10.0038,False,0,0,True
fuego_hecho_de_vidrio,fuego,vidrio,True,16,7,725.2,626.08,840.0,-42.6139,-6.6279,False,0,0,True
fuego_hecho_de_vidrio,fuego,vidrio,True,16,8,972.98,840.0,1127.01,-39.7107,-3.7246,False,0,0,True
fuego_hecho_de_vidrio,fuego,vidrio,True,16,9,1305.43,1127.01,1512.09,-37.3053,-1.3193,False,0,0,True
fuego_hecho_de_vidrio,fuego,vidrio,True,16,10,1751.46,1512.09,2028.73,-39.615,-3.629,False,0,0,True
fuego_hecho_de_vidrio,fuego,vidrio,True,16,11,2349.9,2028.73,2721.91,-44.2171,-8.2311,False,0,0,True
fuego_hecho_de_vidrio,fuego,vidrio,True,16,12,3152.81,2721.91,3651.93,-40.4102,-4.4242,False,0,0,True
fuego_hecho_de_vidrio,fuego,vidrio,True,16,13,4230.06,3651.93,4899.72,-35.986,0.0,False,0,0,True
fuego_hecho_de_vidrio,fuego,vidrio,True,16,14,5675.39,4899.72,6573.85,-38.1125,-2.1265,False,0,0,True
fuego_hecho_de_vidrio,fuego,vidrio,True,16,15,7614.55,6573.85,8820.0,-45.7325,-9.7465,False,0,0,True
fuego_hecho_de_vidrio,fuego,vidrio,True,24,0,88.23,80.0,97.32,-59.7282,-22.2701,False,0,0,True
fuego_hecho_de_vidrio,fuego,vidrio,True,24,1,107.33,97.32,118.38,-55.8596,-18.4016,False,0,0,True
fuego_hecho_de_vidrio,fuego,vidrio,True,24,2,130.57,118.38,144.01,-54.3053,-16.8472,False,0,0,True
fuego_hecho_de_vidrio,fuego,vidrio,True,24,3,158.83,144.01,175.18,-53.7061,-16.2481,False,0,0,True
fuego_hecho_de_vidrio,fuego,vidrio,True,24,4,193.21,175.18,213.1,-52.9962,-15.5381,False,0,0,True
fuego_hecho_de_vidrio,fuego,vidrio,True,24,5,235.04,213.1,259.23,-51.2903,-13.8323,False,0,0,True
fuego_hecho_de_vidrio,fuego,vidrio,True,24,6,285.91,259.23,315.34,-50.5958,-13.1378,False,0,0,True
fuego_hecho_de_vidrio,fuego,vidrio,True,24,7,347.8,315.34,383.6,-49.8305,-12.3724,False,0,0,True
fuego_hecho_de_vidrio,fuego,vidrio,True,24,8,423.09,383.6,466.64,-49.0946,-11.6365,False,0,0,True
fuego_hecho_de_vidrio,fuego,vidrio,True,24,9,514.67,466.64,567.65,-48.1793,-10.7213,False,0,0,True
fuego_hecho_de_vidrio,fuego,vidrio,True,24,10,626.08,567.65,690.53,-46.3215,-8.8635,False,0,0,True
fuego_hecho_de_vidrio,fuego,vidrio,True,24,11,761.6,690.53,840.0,-43.7805,-6.3225,False,0,0,True
fuego_hecho_de_vidrio,fuego,vidrio,True,24,12,926.46,840.0,1021.83,-42.0447,-4.5867,False,0,0,True
fuego_hecho_de_vidrio,fuego,vidrio,True,24,13,1127.01,1021.83,1243.02,-39.9595,-2.5015,False,0,0,True
fuego_hecho_de_vidrio,fuego,vidrio,True,24,14,1370.97,1243.02,1512.09,-38.9688,-1.5108,False,0,0,True
fuego_hecho_de_vidrio,fuego,vidrio,True,24,15,1667.73,1512.09,1839.4,-40.3374,-2.8793,False,0,0,True
fuego_hecho_de_vidrio,fuego,vidrio,True,24,16,2028.73,1839.4,2237.56,-46.5339,-9.0759,False,0,0,True
fuego_hecho_de_vidrio,fuego,vidrio,True,24,17,2467.88,2237.56,2721.91,-44.9021,-7.4441,False,0,0,True
fuego_hecho_de_vidrio,fuego,vidrio,True,24,18,3002.09,2721.91,3311.11,-44.1718,-6.7138,False,0,0,True
fuego_hecho_de_vidrio,fuego,vidrio,True,24,19,3651.93,3311.11,4027.84,-39.0477,-1.5896,False,0,0,True
fuego_hecho_de_vidrio,fuego,vidrio,True,24,20,4442.44,4027.84,4899.72,-37.458,0.0,False,0,0,True
fuego_hecho_de_vidrio,fuego,vidrio,True,24,21,5404.07,4899.72,5960.33,-38.5346,-1.0766,False,0,0,True
fuego_hecho_de_vidrio,fuego,vidrio,True,24,22,6573.85,5960.33,7250.53,-45.4724,-8.0144,False,0,0,True
fuego_hecho_de_vidrio,fuego,vidrio,True,24,23,7996.85,7250.53,8820.0,-48.0539,-10.5959,False,0,0,True
fuego_hecho_de_vidrio,fuego,vidrio,True,32,0,86.1,80.0,92.66,-61.2998,-22.8955,False,0,0,True
fuego_hecho_de_vidrio,fuego,vidrio,True,32,1,99.73,92.66,107.33,-58.1667,-19.7625,False,0,0,True
fuego_hecho_de_vidrio,fuego,vidrio,True,32,2,115.52,107.33,124.33,-56.4427,-18.0384,False,0,0,True
fuego_hecho_de_vidrio,fuego,vidrio,True,32,3,133.81,124.33,144.01,-55.5457,-17.1415,False,0,0,True
fuego_hecho_de_vidrio,fuego,vidrio,True,32,4,154.99,144.01,166.81,-54.98,-16.5757,False,0,0,True
fuego_hecho_de_vidrio,fuego,vidrio,True,32,5,179.52,166.81,193.21,-54.4461,-16.0419,False,0,0,True
fuego_hecho_de_vidrio,fuego,vidrio,True,32,6,207.94,193.21,223.8,-53.788,-15.3837,False,0,0,True
fuego_hecho_de_vidrio,fuego,vidrio,True,32,7,240.86,223.8,259.23,-52.1847,-13.7805,False,0,0,True
fuego_hecho_de_vidrio,fuego,vidrio,True,32,8,279.0,259.23,300.27,-51.9293,-13.525,False,0,0,True
fuego_hecho_de_vidrio,fuego,vidrio,True,32,9,323.16,300.27,347.8,-51.2086,-12.8043,False,0,0,True
fuego_hecho_de_vidrio,fuego,vidrio,True,32,10,374.32,347.8,402.86,-51.0699,-12.6656,False,0,0,True
fuego_hecho_de_vidrio,fuego,vidrio,True,32,11,433.58,402.86,466.64,-50.0404,-11.6362,False,0,0,True
fuego_hecho_de_vidrio,fuego,vidrio,True,32,12,502.22,466.64,540.51,-49.6256,-11.2213,False,0,0,True
fuego_hecho_de_vidrio,fuego,vidrio,True,32,13,581.73,540.51,626.08,-48.3681,-9.9638,False,0,0,True
fuego_hecho_de_vidrio,fuego,vidrio,True,32,14,673.82,626.08,725.2,-46.8377,-8.4335,False,0,0,True
fuego_hecho_de_vidrio,fuego,vidrio,True,32,15,780.49,725.2,840.0,-44.6439,-6.2396,False,0,0,True
fuego_hecho_de_vidrio,fuego,vidrio,True,32,16,904.05,840.0,972.98,-43.465,-5.0607,False,0,0,True
fuego_hecho_de_vidrio,fuego,vidrio,True,32,17,1047.17,972.98,1127.01,-42.0062,-3.6019,False,0,0,True
fuego_hecho_de_vidrio,fuego,vidrio,True,32,18,1212.94,1127.01,1305.43,-40.514,-2.1097,False,0,0,True
fuego_hecho_de_vidrio,fuego,vidrio,True,32,19,1404.96,1305.43,1512.09,-40.1925,-1.7882,False,0,0,True
fuego_hecho_de_vidrio,fuego,vidrio,True,32,20,1627.38,1512.09,1751.46,-41.2357,-2.8315,False,0,0,True
fuego_hecho_de_vidrio,fuego,vidrio,True,32,21,1885.01,1751.46,2028.73,-44.7379,-6.3337,False,0,0,True
fuego_hecho_de_vidrio,fuego,vidrio,True,32,22,2183.42,2028.73,2349.9,-50.2416,-11.8373,False,0,0,True
fuego_hecho_de_vidrio,fuego,vidrio,True,32,23,2529.08,2349.9,2721.91,-45.3353,-6.931,False,0,0,True
fuego_hecho_de_vidrio,fuego,vidrio,True,32,24,2929.45,2721.91,3152.81,-46.4655,-8.0613,False,0,0,True
fuego_hecho_de_vidrio,fuego,vidrio,True,32,25,3393.21,3152.81,3651.93,-41.5754,-3.1711,False,0,0,True
fuego_hecho_de_vidrio,fuego,vidrio,True,32,26,3930.38,3651.93,4230.06,-39.5632,-1.1589,False,0,0,True
fuego_hecho_de_vidrio,fuego,vidrio,True,32,27,4552.6,4230.06,4899.72,-38.4043,0.0,False,0,0,True
fuego_hecho_de_vidrio,fuego,vidrio,True,32,28,5273.31,4899.72,5675.39,-38.9886,-0.5843,False,0,0,True
fuego_hecho_de_vidrio,fuego,vidrio,True,32,29,6108.12,5675.39,6573.85,-45.0696,-6.6653,False,0,0,True
fuego_hecho_de_vidrio,fuego,vidrio,True,32,30,7075.09,6573.85,7614.55,-48.0127,-9.6084,False,0,0,True
fuego_hecho_de_vidrio,fuego,vidrio,True,32,31,8195.14,7614.55,8820.0,-49.6141,-11.2098,False,0,0,True
canica_hecha_de_fuego,canica,fuego,False,2,0,259.23,80.0,840.0,-29.4731,-7.7178,False,0,0,True
canica_hecha_de_fuego,canica,fuego,False,2,1,2721.91,840.0,8820.0,-21.7553,0.0,False,0,0,True
canica_hecha_de_fuego,canica,fuego,False,4,0,144.01,80.0,259.23,-43.6696,-21.2592,False,0,0,True
canica_hecha_de_fuego,canica,fuego,False,4,1,466.64,259.23,840.0,-29.1437,-6.7333,False,0,0,True
canica_hecha_de_fuego,canica,fuego,False,4,2,1512.09,840.0,2721.91,-22.4104,0.0,False,0,0,True
canica_hecha_de_fuego,canica,fuego,False,4,3,4899.72,2721.91,8820.0,-31.4744,-9.064,False,0,0,True
canica_hecha_de_fuego,canica,fuego,False,6,0,118.38,80.0,175.18,-43.7621,-19.6805,False,0,0,True
canica_hecha_de_fuego,canica,fuego,False,6,1,259.23,175.18,383.6,-48.8247,-24.7431,False,0,0,True
canica_hecha_de_fuego,canica,fuego,False,6,2,567.65,383.6,840.0,-29.0768,-4.9953,False,0,0,True
canica_hecha_de_fuego,canica,fuego,False,6,3,1243.02,840.0,1839.4,-24.0815,0.0,False,0,0,True
canica_hecha_de_fuego,canica,fuego,False,6,4,2721.91,1839.4,4027.84,-26.0785,-1.997,False,0,0,True
canica_hecha_de_fuego,canica,fuego,False,6,5,5960.33,4027.84,8820.0,-39.2955,-15.214,False,0,0,True
canica_hecha_de_fuego,canica,fuego,False,8,0,107.33,80.0,144.01,-43.8121,-18.646,False,1,1,True
canica_hecha_de_fuego,canica,fuego,False,8,1,193.21,144.01,259.23,-53.6103,-28.4443,True,1,1,True
canica_hecha_de_fuego,canica,fuego,False,8,2,347.8,259.23,466.64,-46.4181,-21.252,False,1,1,True
canica_hecha_de_fuego,canica,fuego,False,8,3,626.08,466.64,840.0,-29.0981,-3.9321,False,1,1,True
canica_hecha_de_fuego,canica,fuego,False,8,4,1127.01,840.0,1512.09,-25.8941,-0.728,False,1,1,True
canica_hecha_de_fuego,canica,fuego,False,8,5,2028.73,1512.09,2721.91,-25.1661,0.0,False,1,1,True
canica_hecha_de_fuego,canica,fuego,False,8,6,3651.93,2721.91,4899.72,-31.4893,-6.3232,False,1,1,True
canica_hecha_de_fuego,canica,fuego,False,8,7,6573.85,4899.72,8820.0,-41.8343,-16.6682,False,1,1,True
canica_hecha_de_fuego,canica,fuego,False,12,0,97.32,80.0,118.38,-45.9459,-19.0521,False,1,1,True
canica_hecha_de_fuego,canica,fuego,False,12,1,144.01,118.38,175.18,-47.2923,-20.3985,False,1,1,True
canica_hecha_de_fuego,canica,fuego,False,12,2,213.1,175.18,259.23,-55.0454,-28.1516,True,1,1,True
canica_hecha_de_fuego,canica,fuego,False,12,3,315.34,259.23,383.6,-49.9285,-23.0347,False,1,1,True
canica_hecha_de_fuego,canica,fuego,False,12,4,466.64,383.6,567.65,-43.3384,-16.4446,False,1,1,True
canica_hecha_de_fuego,canica,fuego,False,12,5,690.53,567.65,840.0,-29.2285,-2.3347,False,1,1,True
canica_hecha_de_fuego,canica,fuego,False,12,6,1021.83,840.0,1243.02,-26.8938,0.0,False,1,1,True
canica_hecha_de_fuego,canica,fuego,False,12,7,1512.09,1243.02,1839.4,-27.0778,-0.184,False,1,1,True
canica_hecha_de_fuego,canica,fuego,False,12,8,2237.56,1839.4,2721.91,-27.6806,-0.7868,False,1,1,True
canica_hecha_de_fuego,canica,fuego,False,12,9,3311.11,2721.91,4027.84,-31.6223,-4.7285,False,1,1,True
canica_hecha_de_fuego,canica,fuego,False,12,10,4899.72,4027.84,5960.33,-41.0915,-14.1977,False,1,1,True
canica_hecha_de_fuego,canica,fuego,False,12,11,7250.53,5960.33,8820.0,-43.744,-16.8502,False,1,1,True
canica_hecha_de_fuego,canica,fuego,False,16,0,92.66,80.0,107.33,-46.1182,-18.7861,False,2,2,True
canica_hecha_de_fuego,canica,fuego,False,16,1,124.33,107.33,144.01,-46.7185,-19.3864,False,2,2,True
canica_hecha_de_fuego,canica,fuego,False,16,2,166.81,144.01,193.21,-57.655,-30.3229,True,2,2,True
canica_hecha_de_fuego,canica,fuego,False,16,3,223.8,193.21,259.23,-55.8502,-28.5181,True,2,2,True
canica_hecha_de_fuego,canica,fuego,False,16,4,300.27,259.23,347.8,-52.0194,-24.6873,False,2,2,True
canica_hecha_de_fuego,canica,fuego,False,16,5,402.86,347.8,466.64,-47.7574,-20.4253,False,2,2,True
canica_hecha_de_fuego,canica,fuego,False,16,6,540.51,466.64,626.08,-39.2624,-11.9303,False,2,2,True
canica_hecha_de_fuego,canica,fuego,False,16,7,725.2,626.08,840.0,-29.9639,-2.6318,False,2,2,True
canica_hecha_de_fuego,canica,fuego,False,16,8,972.98,840.0,1127.01,-28.6777,-1.3456,False,2,2,True
canica_hecha_de_fuego,canica,fuego,False,16,9,1305.43,1127.01,1512.09,-30.8124,-3.4803,False,2,2,True
canica_hecha_de_fuego,canica,fuego,False,16,10,1751.46,1512.09,2028.73,-27.3321,0.0,False,2,2,True
canica_hecha_de_fuego,canica,fuego,False,16,11,2349.9,2028.73,2721.91,-29.0027,-1.6706,False,2,2,True
canica_hecha_de_fuego,canica,fuego,False,16,12,3152.81,2721.91,3651.93,-31.8184,-4.4863,False,2,2,True
canica_hecha_de_fuego,canica,fuego,False,16,13,4230.06,3651.93,4899.72,-40.6569,-13.3248,False,2,2,True
canica_hecha_de_fuego,canica,fuego,False,16,14,5675.39,4899.72,6573.85,-44.6515,-17.3194,False,2,2,True
canica_hecha_de_fuego,canica,fuego,False,16,15,7614.55,6573.85,8820.0,-45.15,-17.8179,False,2,2,True
canica_hecha_de_fuego,canica,fuego,False,24,0,88.23,80.0,97.32,-46.2767,-18.5942,False,5,5,True
canica_hecha_de_fuego,canica,fuego,False,24,1,107.33,97.32,118.38,-53.5885,-25.906,True,5,5,True
canica_hecha_de_fuego,canica,fuego,False,24,2,130.57,118.38,144.01,-47.295,-19.6125,False,5,5,True
canica_hecha_de_fuego,canica,fuego,False,24,3,158.83,144.01,175.18,-59.357,-31.6744,True,5,5,True
canica_hecha_de_fuego,canica,fuego,False,24,4,193.21,175.18,213.1,-59.3111,-31.6286,True,5,5,True
canica_hecha_de_fuego,canica,fuego,False,24,5,235.04,213.1,259.23,-57.126,-29.4435,True,5,5,True
canica_hecha_de_fuego,canica,fuego,False,24,6,285.91,259.23,315.34,-54.458,-26.7755,True,5,5,True
canica_hecha_de_fuego,canica,fuego,False,24,7,347.8,315.34,383.6,-51.688,-24.0055,False,5,5,True
canica_hecha_de_fuego,canica,fuego,False,24,8,423.09,383.6,466.64,-48.9373,-21.2548,False,5,5,True
canica_hecha_de_fuego,canica,fuego,False,24,9,514.67,466.64,567.65,-44.6771,-16.9946,False,5,5,True
canica_hecha_de_fuego,canica,fuego,False,24,10,626.08,567.65,690.53,-30.2146,-2.5321,False,5,5,True
canica_hecha_de_fuego,canica,fuego,False,24,11,761.6,690.53,840.0,-37.0607,-9.3781,False,5,5,True
canica_hecha_de_fuego,canica,fuego,False,24,12,926.46,840.0,1021.83,-34.8929,-7.2104,False,5,5,True
canica_hecha_de_fuego,canica,fuego,False,24,13,1127.01,1021.83,1243.02,-27.6825,0.0,False,5,5,True
canica_hecha_de_fuego,canica,fuego,False,24,14,1370.97,1243.02,1512.09,-32.8999,-5.2174,False,5,5,True
canica_hecha_de_fuego,canica,fuego,False,24,15,1667.73,1512.09,1839.4,-28.4298,-0.7473,False,5,5,True
canica_hecha_de_fuego,canica,fuego,False,24,16,2028.73,1839.4,2237.56,-30.6947,-3.0122,False,5,5,True
canica_hecha_de_fuego,canica,fuego,False,24,17,2467.88,2237.56,2721.91,-30.6953,-3.0128,False,5,5,True
canica_hecha_de_fuego,canica,fuego,False,24,18,3002.09,2721.91,3311.11,-32.6182,-4.9357,False,5,5,True
canica_hecha_de_fuego,canica,fuego,False,24,19,3651.93,3311.11,4027.84,-38.4003,-10.7178,False,5,5,True
canica_hecha_de_fuego,canica,fuego,False,24,20,4442.44,4027.84,4899.72,-42.8241,-15.1416,False,5,5,True
canica_hecha_de_fuego,canica,fuego,False,24,21,5404.07,4899.72,5960.33,-46.1478,-18.4652,False,5,5,True
canica_hecha_de_fuego,canica,fuego,False,24,22,6573.85,5960.33,7250.53,-47.3464,-19.6639,False,5,5,True
canica_hecha_de_fuego,canica,fuego,False,24,23,7996.85,7250.53,8820.0,-46.0208,-18.3383,False,5,5,True
canica_hecha_de_fuego,canica,fuego,False,32,0,86.1,80.0,92.66,-46.4808,-17.8994,False,7,7,True
canica_hecha_de_fuego,canica,fuego,False,32,1,99.73,92.66,107.33,-54.31,-25.7286,True,7,7,True
canica_hecha_de_fuego,canica,fuego,False,32,2,115.52,107.33,124.33,-52.6877,-24.1063,False,7,7,True
canica_hecha_de_fuego,canica,fuego,False,32,3,133.81,124.33,144.01,-48.5712,-19.9898,False,7,7,True
canica_hecha_de_fuego,canica,fuego,False,32,4,154.99,144.01,166.81,-60.5249,-31.9435,True,7,7,True
canica_hecha_de_fuego,canica,fuego,False,32,5,179.52,166.81,193.21,-60.8002,-32.2188,True,7,7,True
canica_hecha_de_fuego,canica,fuego,False,32,6,207.94,193.21,223.8,-59.7513,-31.1699,True,7,7,True
canica_hecha_de_fuego,canica,fuego,False,32,7,240.86,223.8,259.23,-58.2113,-29.6299,True,7,7,True
canica_hecha_de_fuego,canica,fuego,False,32,8,279.0,259.23,300.27,-55.9006,-27.3192,True,7,7,True
canica_hecha_de_fuego,canica,fuego,False,32,9,323.16,300.27,347.8,-54.3225,-25.7411,True,7,7,True
canica_hecha_de_fuego,canica,fuego,False,32,10,374.32,347.8,402.86,-51.7975,-23.2161,False,7,7,True
canica_hecha_de_fuego,canica,fuego,False,32,11,433.58,402.86,466.64,-49.9906,-21.4092,False,7,7,True
canica_hecha_de_fuego,canica,fuego,False,32,12,502.22,466.64,540.51,-46.6516,-18.0702,False,7,7,True
canica_hecha_de_fuego,canica,fuego,False,32,13,581.73,540.51,626.08,-40.3139,-11.7325,False,7,7,True
canica_hecha_de_fuego,canica,fuego,False,32,14,673.82,626.08,725.2,-30.251,-1.6696,False,7,7,True
canica_hecha_de_fuego,canica,fuego,False,32,15,780.49,725.2,840.0,-38.5885,-10.0071,False,7,7,True
canica_hecha_de_fuego,canica,fuego,False,32,16,904.05,840.0,972.98,-36.5476,-7.9662,False,7,7,True
canica_hecha_de_fuego,canica,fuego,False,32,17,1047.17,972.98,1127.01,-28.5814,0.0,False,7,7,True
canica_hecha_de_fuego,canica,fuego,False,32,18,1212.94,1127.01,1305.43,-34.2151,-5.6337,False,7,7,True
canica_hecha_de_fuego,canica,fuego,False,32,19,1404.96,1305.43,1512.09,-33.9013,-5.3199,False,7,7,True
canica_hecha_de_fuego,canica,fuego,False,32,20,1627.38,1512.09,1751.46,-29.267,-0.6856,False,7,7,True
canica_hecha_de_fuego,canica,fuego,False,32,21,1885.01,1751.46,2028.73,-31.8197,-3.2383,False,7,7,True
canica_hecha_de_fuego,canica,fuego,False,32,22,2183.42,2028.73,2349.9,-32.1363,-3.5549,False,7,7,True
canica_hecha_de_fuego,canica,fuego,False,32,23,2529.08,2349.9,2721.91,-31.9352,-3.3538,False,7,7,True
canica_hecha_de_fuego,canica,fuego,False,32,24,2929.45,2721.91,3152.81,-33.4663,-4.8849,False,7,7,True
canica_hecha_de_fuego,canica,fuego,False,32,25,3393.21,3152.81,3651.93,-36.7456,-8.1642,False,7,7,True
canica_hecha_de_fuego,canica,fuego,False,32,26,3930.38,3651.93,4230.06,-43.3863,-14.8049,False,7,7,True
canica_hecha_de_fuego,canica,fuego,False,32,27,4552.6,4230.06,4899.72,-43.9964,-15.415,False,7,7,True
canica_hecha_de_fuego,canica,fuego,False,32,28,5273.31,4899.72,5675.39,-46.8573,-18.2759,False,7,7,True
canica_hecha_de_fuego,canica,fuego,False,32,29,6108.12,5675.39,6573.85,-48.0755,-19.4941,False,7,7,True
canica_hecha_de_fuego,canica,fuego,False,32,30,7075.09,6573.85,7614.55,-49.3614,-20.78,False,7,7,True
canica_hecha_de_fuego,canica,fuego,False,32,31,8195.14,7614.55,8820.0,-48.3777,-19.7963,False,7,7,True
canica_hecha_de_fuego,canica,fuego,True,2,0,259.23,80.0,840.0,-29.366,-7.5622,False,0,0,True
canica_hecha_de_fuego,canica,fuego,True,2,1,2721.91,840.0,8820.0,-21.8037,0.0,False,0,0,True
canica_hecha_de_fuego,canica,fuego,True,4,0,144.01,80.0,259.23,-47.7086,-25.2916,True,1,0,False
canica_hecha_de_fuego,canica,fuego,True,4,1,466.64,259.23,840.0,-28.9535,-6.5365,False,1,0,False
canica_hecha_de_fuego,canica,fuego,True,4,2,1512.09,840.0,2721.91,-22.417,0.0,False,1,0,False
canica_hecha_de_fuego,canica,fuego,True,4,3,4899.72,2721.91,8820.0,-31.6049,-9.188,False,1,0,False
canica_hecha_de_fuego,canica,fuego,True,6,0,118.38,80.0,175.18,-48.109,-24.303,False,0,0,True
canica_hecha_de_fuego,canica,fuego,True,6,1,259.23,175.18,383.6,-48.2845,-24.4784,False,0,0,True
canica_hecha_de_fuego,canica,fuego,True,6,2,567.65,383.6,840.0,-28.8983,-5.0923,False,0,0,True
canica_hecha_de_fuego,canica,fuego,True,6,3,1243.02,840.0,1839.4,-23.806,0.0,False,0,0,True
canica_hecha_de_fuego,canica,fuego,True,6,4,2721.91,1839.4,4027.84,-26.2921,-2.4861,False,0,0,True
canica_hecha_de_fuego,canica,fuego,True,6,5,5960.33,4027.84,8820.0,-39.9444,-16.1383,False,0,0,True
canica_hecha_de_fuego,canica,fuego,True,8,0,107.33,80.0,144.01,-47.9212,-23.2808,False,1,1,True
canica_hecha_de_fuego,canica,fuego,True,8,1,193.21,144.01,259.23,-53.9328,-29.2924,True,1,1,True
canica_hecha_de_fuego,canica,fuego,True,8,2,347.8,259.23,466.64,-45.5794,-20.939,False,1,1,True
canica_hecha_de_fuego,canica,fuego,True,8,3,626.08,466.64,840.0,-28.9369,-4.2965,False,1,1,True
canica_hecha_de_fuego,canica,fuego,True,8,4,1127.01,840.0,1512.09,-24.6404,0.0,False,1,1,True
canica_hecha_de_fuego,canica,fuego,True,8,5,2028.73,1512.09,2721.91,-26.4298,-1.7894,False,1,1,True
canica_hecha_de_fuego,canica,fuego,True,8,6,3651.93,2721.91,4899.72,-31.6106,-6.9702,False,1,1,True
canica_hecha_de_fuego,canica,fuego,True,8,7,6573.85,4899.72,8820.0,-42.3013,-17.661,False,1,1,True
canica_hecha_de_fuego,canica,fuego,True,12,0,97.32,80.0,118.38,-47.5557,-21.3194,False,2,2,True
canica_hecha_de_fuego,canica,fuego,True,12,1,144.01,118.38,175.18,-58.9744,-32.7381,True,2,2,True
canica_hecha_de_fuego,canica,fuego,True,12,2,213.1,175.18,259.23,-54.8388,-28.6026,True,2,2,True
canica_hecha_de_fuego,canica,fuego,True,12,3,315.34,259.23,383.6,-49.2923,-23.056,False,2,2,True
canica_hecha_de_fuego,canica,fuego,True,12,4,466.64,383.6,567.65,-42.0238,-15.7876,False,2,2,True
canica_hecha_de_fuego,canica,fuego,True,12,5,690.53,567.65,840.0,-29.1175,-2.8812,False,2,2,True
canica_hecha_de_fuego,canica,fuego,True,12,6,1021.83,840.0,1243.02,-26.2362,0.0,False,2,2,True
canica_hecha_de_fuego,canica,fuego,True,12,7,1512.09,1243.02,1839.4,-28.0147,-1.7785,False,2,2,True
canica_hecha_de_fuego,canica,fuego,True,12,8,2237.56,1839.4,2721.91,-27.9506,-1.7143,False,2,2,True
canica_hecha_de_fuego,canica,fuego,True,12,9,3311.11,2721.91,4027.84,-31.7145,-5.4782,False,2,2,True
canica_hecha_de_fuego,canica,fuego,True,12,10,4899.72,4027.84,5960.33,-41.4586,-15.2224,False,2,2,True
canica_hecha_de_fuego,canica,fuego,True,12,11,7250.53,5960.33,8820.0,-46.1207,-19.8845,False,2,2,True
canica_hecha_de_fuego,canica,fuego,True,16,0,92.66,80.0,107.33,-47.3965,-19.2944,False,3,3,True
canica_hecha_de_fuego,canica,fuego,True,16,1,124.33,107.33,144.01,-60.7187,-32.6166,True,3,3,True
canica_hecha_de_fuego,canica,fuego,True,16,2,166.81,144.01,193.21,-58.9173,-30.8152,True,3,3,True
canica_hecha_de_fuego,canica,fuego,True,16,3,223.8,193.21,259.23,-55.5362,-27.4341,True,3,3,True
canica_hecha_de_fuego,canica,fuego,True,16,4,300.27,259.23,347.8,-51.473,-23.3709,False,3,3,True
canica_hecha_de_fuego,canica,fuego,True,16,5,402.86,347.8,466.64,-46.8045,-18.7024,False,3,3,True
canica_hecha_de_fuego,canica,fuego,True,16,6,540.51,466.64,626.08,-38.5786,-10.4765,False,3,3,True
canica_hecha_de_fuego,canica,fuego,True,16,7,725.2,626.08,840.0,-29.8707,-1.7686,False,3,3,True
canica_hecha_de_fuego,canica,fuego,True,16,8,972.98,840.0,1127.01,-28.2419,-0.1398,False,3,3,True
canica_hecha_de_fuego,canica,fuego,True,16,9,1305.43,1127.01,1512.09,-28.1021,0.0,False,3,3,True
canica_hecha_de_fuego,canica,fuego,True,16,10,1751.46,1512.09,2028.73,-29.8242,-1.7221,False,3,3,True
canica_hecha_de_fuego,canica,fuego,True,16,11,2349.9,2028.73,2721.91,-29.0488,-0.9467,False,3,3,True
canica_hecha_de_fuego,canica,fuego,True,16,12,3152.81,2721.91,3651.93,-32.0264,-3.9243,False,3,3,True
canica_hecha_de_fuego,canica,fuego,True,16,13,4230.06,3651.93,4899.72,-40.5993,-12.4972,False,3,3,True
canica_hecha_de_fuego,canica,fuego,True,16,14,5675.39,4899.72,6573.85,-43.6325,-15.5304,False,3,3,True
canica_hecha_de_fuego,canica,fuego,True,16,15,7614.55,6573.85,8820.0,-48.4006,-20.2985,False,3,3,True
canica_hecha_de_fuego,canica,fuego,True,24,0,88.23,80.0,97.32,-47.3572,-20.4339,False,7,7,True
canica_hecha_de_fuego,canica,fuego,True,24,1,107.33,97.32,118.38,-59.3272,-32.4039,True,7,7,True
canica_hecha_de_fuego,canica,fuego,True,24,2,130.57,118.38,144.01,-63.021,-36.0977,True,7,7,True
canica_hecha_de_fuego,canica,fuego,True,24,3,158.83,144.01,175.18,-61.0708,-34.1475,True,7,7,True
canica_hecha_de_fuego,canica,fuego,True,24,4,193.21,175.18,213.1,-59.2952,-32.3719,True,7,7,True
canica_hecha_de_fuego,canica,fuego,True,24,5,235.04,213.1,259.23,-56.8219,-29.8986,True,7,7,True
canica_hecha_de_fuego,canica,fuego,True,24,6,285.91,259.23,315.34,-54.0156,-27.0923,True,7,7,True
canica_hecha_de_fuego,canica,fuego,True,24,7,347.8,315.34,383.6,-50.9572,-24.0339,False,7,7,True
canica_hecha_de_fuego,canica,fuego,True,24,8,423.09,383.6,466.64,-47.9396,-21.0163,False,7,7,True
canica_hecha_de_fuego,canica,fuego,True,24,9,514.67,466.64,567.65,-43.2102,-16.2869,False,7,7,True
canica_hecha_de_fuego,canica,fuego,True,24,10,626.08,567.65,690.53,-30.0696,-3.1463,False,7,7,True
canica_hecha_de_fuego,canica,fuego,True,24,11,761.6,690.53,840.0,-37.1273,-10.204,False,7,7,True
canica_hecha_de_fuego,canica,fuego,True,24,12,926.46,840.0,1021.83,-34.5367,-7.6134,False,7,7,True
canica_hecha_de_fuego,canica,fuego,True,24,13,1127.01,1021.83,1243.02,-26.9233,0.0,False,7,7,True
canica_hecha_de_fuego,canica,fuego,True,24,14,1370.97,1243.02,1512.09,-30.4616,-3.5383,False,7,7,True
canica_hecha_de_fuego,canica,fuego,True,24,15,1667.73,1512.09,1839.4,-31.537,-4.6137,False,7,7,True
canica_hecha_de_fuego,canica,fuego,True,24,16,2028.73,1839.4,2237.56,-31.3758,-4.4525,False,7,7,True
canica_hecha_de_fuego,canica,fuego,True,24,17,2467.88,2237.56,2721.91,-30.58,-3.6567,False,7,7,True
canica_hecha_de_fuego,canica,fuego,True,24,18,3002.09,2721.91,3311.11,-32.8572,-5.9339,False,7,7,True
canica_hecha_de_fuego,canica,fuego,True,24,19,3651.93,3311.11,4027.84,-37.8948,-10.9715,False,7,7,True
canica_hecha_de_fuego,canica,fuego,True,24,20,4442.44,4027.84,4899.72,-44.0386,-17.1153,False,7,7,True
canica_hecha_de_fuego,canica,fuego,True,24,21,5404.07,4899.72,5960.33,-44.7184,-17.7951,False,7,7,True
canica_hecha_de_fuego,canica,fuego,True,24,22,6573.85,5960.33,7250.53,-47.7407,-20.8174,False,7,7,True
canica_hecha_de_fuego,canica,fuego,True,24,23,7996.85,7250.53,8820.0,-53.215,-26.2917,True,7,7,True
canica_hecha_de_fuego,canica,fuego,True,32,0,86.1,80.0,92.66,-47.461,-19.3096,False,10,10,True
canica_hecha_de_fuego,canica,fuego,True,32,1,99.73,92.66,107.33,-58.2146,-30.0632,True,10,10,True
canica_hecha_de_fuego,canica,fuego,True,32,2,115.52,107.33,124.33,-63.1207,-34.9693,True,10,10,True
canica_hecha_de_fuego,canica,fuego,True,32,3,133.81,124.33,144.01,-64.3943,-36.2429,True,10,10,True
canica_hecha_de_fuego,canica,fuego,True,32,4,154.99,144.01,166.81,-62.838,-34.6866,True,10,10,True
canica_hecha_de_fuego,canica,fuego,True,32,5,179.52,166.81,193.21,-61.2577,-33.1063,True,10,10,True
canica_hecha_de_fuego,canica,fuego,True,32,6,207.94,193.21,223.8,-59.3915,-31.2401,True,10,10,True
canica_hecha_de_fuego,canica,fuego,True,32,7,240.86,223.8,259.23,-57.8368,-29.6854,True,10,10,True
canica_hecha_de_fuego,canica,fuego,True,32,8,279.0,259.23,300.27,-55.4235,-27.2721,True,10,10,True
canica_hecha_de_fuego,canica,fuego,True,32,9,323.16,300.27,347.8,-53.6961,-25.5447,True,10,10,True
canica_hecha_de_fuego,canica,fuego,True,32,10,374.32,347.8,402.86,-50.9701,-22.8187,False,10,10,True
canica_hecha_de_fuego,canica,fuego,True,32,11,433.58,402.86,466.64,-48.9337,-20.7823,False,10,10,True
canica_hecha_de_fuego,canica,fuego,True,32,12,502.22,466.64,540.51,-45.0881,-16.9367,False,10,10,True
canica_hecha_de_fuego,canica,fuego,True,32,13,581.73,540.51,626.08,-39.8927,-11.7413,False,10,10,True
canica_hecha_de_fuego,canica,fuego,True,32,14,673.82,626.08,725.2,-30.1159,-1.9645,False,10,10,True
canica_hecha_de_fuego,canica,fuego,True,32,15,780.49,725.2,840.0,-38.7528,-10.6014,False,10,10,True
canica_hecha_de_fuego,canica,fuego,True,32,16,904.05,840.0,972.98,-36.3571,-8.2057,False,10,10,True
canica_hecha_de_fuego,canica,fuego,True,32,17,1047.17,972.98,1127.01,-28.1514,0.0,False,10,10,True
canica_hecha_de_fuego,canica,fuego,True,32,18,1212.94,1127.01,1305.43,-30.4541,-2.3027,False,10,10,True
canica_hecha_de_fuego,canica,fuego,True,32,19,1404.96,1305.43,1512.09,-32.6501,-4.4987,False,10,10,True
canica_hecha_de_fuego,canica,fuego,True,32,20,1627.38,1512.09,1751.46,-32.5797,-4.4283,False,10,10,True
canica_hecha_de_fuego,canica,fuego,True,32,21,1885.01,1751.46,2028.73,-32.9461,-4.7947,False,10,10,True
canica_hecha_de_fuego,canica,fuego,True,32,22,2183.42,2028.73,2349.9,-32.4338,-4.2824,False,10,10,True
canica_hecha_de_fuego,canica,fuego,True,32,23,2529.08,2349.9,2721.91,-31.7513,-3.5999,False,10,10,True
canica_hecha_de_fuego,canica,fuego,True,32,24,2929.45,2721.91,3152.81,-33.6767,-5.5253,False,10,10,True
canica_hecha_de_fuego,canica,fuego,True,32,25,3393.21,3152.81,3651.93,-36.9701,-8.8187,False,10,10,True
canica_hecha_de_fuego,canica,fuego,True,32,26,3930.38,3651.93,4230.06,-42.1434,-13.992,False,10,10,True
canica_hecha_de_fuego,canica,fuego,True,32,27,4552.6,4230.06,4899.72,-45.6109,-17.4595,False,10,10,True
canica_hecha_de_fuego,canica,fuego,True,32,28,5273.31,4899.72,5675.39,-48.0632,-19.9118,False,10,10,True
canica_hecha_de_fuego,canica,fuego,True,32,29,6108.12,5675.39,6573.85,-45.8475,-17.6961,False,10,10,True
canica_hecha_de_fuego,canica,fuego,True,32,30,7075.09,6573.85,7614.55,-49.4283,-21.2769,False,10,10,True
canica_hecha_de_fuego,canica,fuego,True,32,31,8195.14,7614.55,8820.0,-54.9625,-26.8111,True,10,10,True
trueno_hecho_de_canica,trueno,canica,False,2,0,259.23,80.0,840.0,-29.0514,0.0,False,1,1,True
trueno_hecho_de_canica,trueno,canica,False,2,1,2721.91,840.0,8820.0,-84.8233,-55.7719,True,1,1,True
trueno_hecho_de_canica,trueno,canica,False,4,0,144.01,80.0,259.23,-31.3467,0.0,False,2,2,True
trueno_hecho_de_canica,trueno,canica,False,4,1,466.64,259.23,840.0,-33.986,-2.6393,False,2,2,True
trueno_hecho_de_canica,trueno,canica,False,4,2,1512.09,840.0,2721.91,-87.6381,-56.2914,True,2,2,True
trueno_hecho_de_canica,trueno,canica,False,4,3,4899.72,2721.91,8820.0,-116.1767,-84.8301,True,2,2,True
trueno_hecho_de_canica,trueno,canica,False,6,0,118.38,80.0,175.18,-34.102,-2.6761,False,3,3,True
trueno_hecho_de_canica,trueno,canica,False,6,1,259.23,175.18,383.6,-31.4259,0.0,False,3,3,True
trueno_hecho_de_canica,trueno,canica,False,6,2,567.65,383.6,840.0,-43.4335,-12.0076,False,3,3,True
trueno_hecho_de_canica,trueno,canica,False,6,3,1243.02,840.0,1839.4,-87.7706,-56.3447,True,3,3,True
trueno_hecho_de_canica,trueno,canica,False,6,4,2721.91,1839.4,4027.84,-116.4586,-85.0327,True,3,3,True
trueno_hecho_de_canica,trueno,canica,False,6,5,5960.33,4027.84,8820.0,-126.0676,-94.6417,True,3,3,True
trueno_hecho_de_canica,trueno,canica,False,8,0,107.33,80.0,144.01,-35.9125,-2.7392,False,4,4,True
trueno_hecho_de_canica,trueno,canica,False,8,1,193.21,144.01,259.23,-33.1733,0.0,False,4,4,True
trueno_hecho_de_canica,trueno,canica,False,8,2,347.8,259.23,466.64,-33.7368,-0.5635,False,4,4,True
trueno_hecho_de_canica,trueno,canica,False,8,3,626.08,466.64,840.0,-53.5842,-20.4109,False,4,4,True
trueno_hecho_de_canica,trueno,canica,False,8,4,1127.01,840.0,1512.09,-87.0742,-53.9009,True,4,4,True
trueno_hecho_de_canica,trueno,canica,False,8,5,2028.73,1512.09,2721.91,-103.6429,-70.4696,True,4,4,True
trueno_hecho_de_canica,trueno,canica,False,8,6,3651.93,2721.91,4899.72,-112.1441,-78.9708,True,4,4,True
trueno_hecho_de_canica,trueno,canica,False,8,7,6573.85,4899.72,8820.0,-135.7843,-102.611,True,4,4,True
trueno_hecho_de_canica,trueno,canica,False,12,0,97.32,80.0,118.38,-37.5551,-3.2983,False,7,7,True
trueno_hecho_de_canica,trueno,canica,False,12,1,144.01,118.38,175.18,-36.6283,-2.3715,False,7,7,True
trueno_hecho_de_canica,trueno,canica,False,12,2,213.1,175.18,259.23,-34.7207,-0.4639,False,7,7,True
trueno_hecho_de_canica,trueno,canica,False,12,3,315.34,259.23,383.6,-34.2568,0.0,False,7,7,True
trueno_hecho_de_canica,trueno,canica,False,12,4,466.64,383.6,567.65,-43.1388,-8.882,False,7,7,True
trueno_hecho_de_canica,trueno,canica,False,12,5,690.53,567.65,840.0,-65.8828,-31.626,True,7,7,True
trueno_hecho_de_canica,trueno,canica,False,12,6,1021.83,840.0,1243.02,-86.3591,-52.1023,True,7,7,True
trueno_hecho_de_canica,trueno,canica,False,12,7,1512.09,1243.02,1839.4,-94.3161,-60.0593,True,7,7,True
trueno_hecho_de_canica,trueno,canica,False,12,8,2237.56,1839.4,2721.91,-108.0017,-73.7449,True,7,7,True
trueno_hecho_de_canica,trueno,canica,False,12,9,3311.11,2721.91,4027.84,-112.032,-77.7752,True,7,7,True
trueno_hecho_de_canica,trueno,canica,False,12,10,4899.72,4027.84,5960.33,-120.8107,-86.554,True,7,7,True
trueno_hecho_de_canica,trueno,canica,False,12,11,7250.53,5960.33,8820.0,-130.5024,-96.2456,True,7,7,True
trueno_hecho_de_canica,trueno,canica,False,16,0,92.66,80.0,107.33,-39.3723,-4.1524,False,9,9,True
trueno_hecho_de_canica,trueno,canica,False,16,1,124.33,107.33,144.01,-38.6462,-3.4264,False,9,9,True
trueno_hecho_de_canica,trueno,canica,False,16,2,166.81,144.01,193.21,-36.5551,-1.3353,False,9,9,True
trueno_hecho_de_canica,trueno,canica,False,16,3,223.8,193.21,259.23,-35.8762,-0.6563,False,9,9,True
trueno_hecho_de_canica,trueno,canica,False,16,4,300.27,259.23,347.8,-35.2198,0.0,False,9,9,True
trueno_hecho_de_canica,trueno,canica,False,16,5,402.86,347.8,466.64,-39.298,-4.0782,False,9,9,True
trueno_hecho_de_canica,trueno,canica,False,16,6,540.51,466.64,626.08,-53.4588,-18.239,False,9,9,True
trueno_hecho_de_canica,trueno,canica,False,16,7,725.2,626.08,840.0,-72.8477,-37.6279,True,9,9,True
trueno_hecho_de_canica,trueno,canica,False,16,8,972.98,840.0,1127.01,-86.3221,-51.1022,True,9,9,True
trueno_hecho_de_canica,trueno,canica,False,16,9,1305.43,1127.01,1512.09,-91.5247,-56.3049,True,9,9,True
trueno_hecho_de_canica,trueno,canica,False,16,10,1751.46,1512.09,2028.73,-100.2063,-64.9864,True,9,9,True
trueno_hecho_de_canica,trueno,canica,False,16,11,2349.9,2028.73,2721.91,-106.3156,-71.0957,True,9,9,True
trueno_hecho_de_canica,trueno,canica,False,16,12,3152.81,2721.91,3651.93,-110.2872,-75.0673,True,9,9,True
trueno_hecho_de_canica,trueno,canica,False,16,13,4230.06,3651.93,4899.72,-121.6521,-86.4323,True,9,9,True
trueno_hecho_de_canica,trueno,canica,False,16,14,5675.39,4899.72,6573.85,-126.3832,-91.1634,True,9,9,True
trueno_hecho_de_canica,trueno,canica,False,16,15,7614.55,6573.85,8820.0,-134.4665,-99.2466,True,9,9,True
trueno_hecho_de_canica,trueno,canica,False,24,0,88.23,80.0,97.32,-41.3039,-4.6896,False,14,14,True
trueno_hecho_de_canica,trueno,canica,False,24,1,107.33,97.32,118.38,-39.7537,-3.1394,False,14,14,True
trueno_hecho_de_canica,trueno,canica,False,24,2,130.57,118.38,144.01,-41.137,-4.5227,False,14,14,True
trueno_hecho_de_canica,trueno,canica,False,24,3,158.83,144.01,175.18,-38.485,-1.8707,False,14,14,True
trueno_hecho_de_canica,trueno,canica,False,24,4,193.21,175.18,213.1,-38.1,-1.4857,False,14,14,True
trueno_hecho_de_canica,trueno,canica,False,24,5,235.04,213.1,259.23,-37.3901,-0.7758,False,14,14,True
trueno_hecho_de_canica,trueno,canica,False,24,6,285.91,259.23,315.34,-36.6143,0.0,False,14,14,True
trueno_hecho_de_canica,trueno,canica,False,24,7,347.8,315.34,383.6,-37.9944,-1.3801,False,14,14,True
trueno_hecho_de_canica,trueno,canica,False,24,8,423.09,383.6,466.64,-43.3633,-6.749,False,14,14,True
trueno_hecho_de_canica,trueno,canica,False,24,9,514.67,466.64,567.65,-53.4934,-16.8791,False,14,14,True
trueno_hecho_de_canica,trueno,canica,False,24,10,626.08,567.65,690.53,-65.9072,-29.2929,True,14,14,True
trueno_hecho_de_canica,trueno,canica,False,24,11,761.6,690.53,840.0,-79.6981,-43.0838,True,14,14,True
trueno_hecho_de_canica,trueno,canica,False,24,12,926.46,840.0,1021.83,-86.7813,-50.1669,True,14,14,True
trueno_hecho_de_canica,trueno,canica,False,24,13,1127.01,1021.83,1243.02,-90.225,-53.6107,True,14,14,True
trueno_hecho_de_canica,trueno,canica,False,24,14,1370.97,1243.02,1512.09,-93.5962,-56.9818,True,14,14,True
trueno_hecho_de_canica,trueno,canica,False,24,15,1667.73,1512.09,1839.4,-98.941,-62.3267,True,14,14,True
trueno_hecho_de_canica,trueno,canica,False,24,16,2028.73,1839.4,2237.56,-104.9836,-68.3693,True,14,14,True
trueno_hecho_de_canica,trueno,canica,False,24,17,2467.88,2237.56,2721.91,-105.5504,-68.9361,True,14,14,True
trueno_hecho_de_canica,trueno,canica,False,24,18,3002.09,2721.91,3311.11,-107.8731,-71.2588,True,14,14,True
trueno_hecho_de_canica,trueno,canica,False,24,19,3651.93,3311.11,4027.84,-115.5164,-78.9021,True,14,14,True
trueno_hecho_de_canica,trueno,canica,False,24,20,4442.44,4027.84,4899.72,-117.3719,-80.7575,True,14,14,True
trueno_hecho_de_canica,trueno,canica,False,24,21,5404.07,4899.72,5960.33,-124.4799,-87.8656,True,14,14,True
trueno_hecho_de_canica,trueno,canica,False,24,22,6573.85,5960.33,7250.53,-127.2417,-90.6273,True,14,14,True
trueno_hecho_de_canica,trueno,canica,False,24,23,7996.85,7250.53,8820.0,-132.2996,-95.6853,True,14,14,True
trueno_hecho_de_canica,trueno,canica,False,32,0,86.1,80.0,92.66,-42.358,-4.4035,False,18,18,True
trueno_hecho_de_canica,trueno,canica,False,32,1,99.73,92.66,107.33,-42.0474,-4.0929,False,18,18,True
trueno_hecho_de_canica,trueno,canica,False,32,2,115.52,107.33,124.33,-40.9674,-3.0129,False,18,18,True
trueno_hecho_de_canica,trueno,canica,False,32,3,133.81,124.33,144.01,-42.4107,-4.4562,False,18,18,True
trueno_hecho_de_canica,trueno,canica,False,32,4,154.99,144.01,166.81,-39.9403,-1.9858,False,18,18,True
trueno_hecho_de_canica,trueno,canica,False,32,5,179.52,166.81,193.21,-39.3679,-1.4134,False,18,18,True
trueno_hecho_de_canica,trueno,canica,False,32,6,207.94,193.21,223.8,-39.342,-1.3875,False,18,18,True
trueno_hecho_de_canica,trueno,canica,False,32,7,240.86,223.8,259.23,-38.5405,-0.586,False,18,18,True
trueno_hecho_de_canica,trueno,canica,False,32,8,279.0,259.23,300.27,-37.9545,0.0,False,18,18,True
trueno_hecho_de_canica,trueno,canica,False,32,9,323.16,300.27,347.8,-38.7222,-0.7677,False,18,18,True
trueno_hecho_de_canica,trueno,canica,False,32,10,374.32,347.8,402.86,-40.2469,-2.2924,False,18,18,True
trueno_hecho_de_canica,trueno,canica,False,32,11,433.58,402.86,466.64,-45.7844,-7.8299,False,18,18,True
trueno_hecho_de_canica,trueno,canica,False,32,12,502.22,466.64,540.51,-53.7439,-15.7894,False,18,18,True
trueno_hecho_de_canica,trueno,canica,False,32,13,581.73,540.51,626.08,-62.6787,-24.7242,False,18,18,True
trueno_hecho_de_canica,trueno,canica,False,32,14,673.82,626.08,725.2,-73.0991,-35.1446,True,18,18,True
trueno_hecho_de_canica,trueno,canica,False,32,15,780.49,725.2,840.0,-82.1552,-44.2007,True,18,18,True
trueno_hecho_de_canica,trueno,canica,False,32,16,904.05,840.0,972.98,-87.2604,-49.3059,True,18,18,True
trueno_hecho_de_canica,trueno,canica,False,32,17,1047.17,972.98,1127.01,-90.1355,-52.181,True,18,18,True
trueno_hecho_de_canica,trueno,canica,False,32,18,1212.94,1127.01,1305.43,-92.2895,-54.3349,True,18,18,True
trueno_hecho_de_canica,trueno,canica,False,32,19,1404.96,1305.43,1512.09,-95.0383,-57.0838,True,18,18,True
trueno_hecho_de_canica,trueno,canica,False,32,20,1627.38,1512.09,1751.46,-98.8746,-60.9201,True,18,18,True
trueno_hecho_de_canica,trueno,canica,False,32,21,1885.01,1751.46,2028.73,-103.6013,-65.6468,True,18,18,True
trueno_hecho_de_canica,trueno,canica,False,32,22,2183.42,2028.73,2349.9,-105.4337,-67.4791,True,18,18,True
trueno_hecho_de_canica,trueno,canica,False,32,23,2529.08,2349.9,2721.91,-105.7285,-67.7739,True,18,18,True
trueno_hecho_de_canica,trueno,canica,False,32,24,2929.45,2721.91,3152.81,-107.3251,-69.3706,True,18,18,True
trueno_hecho_de_canica,trueno,canica,False,32,25,3393.21,3152.81,3651.93,-111.8983,-73.9438,True,18,18,True
trueno_hecho_de_canica,trueno,canica,False,32,26,3930.38,3651.93,4230.06,-114.6181,-76.6635,True,18,18,True
trueno_hecho_de_canica,trueno,canica,False,32,27,4552.6,4230.06,4899.72,-116.0423,-78.0877,True,18,18,True
trueno_hecho_de_canica,trueno,canica,False,32,28,5273.31,4899.72,5675.39,-121.7507,-83.7961,True,18,18,True
trueno_hecho_de_canica,trueno,canica,False,32,29,6108.12,5675.39,6573.85,-123.318,-85.3635,True,18,18,True
trueno_hecho_de_canica,trueno,canica,False,32,30,7075.09,6573.85,7614.55,-128.6012,-90.6467,True,18,18,True
trueno_hecho_de_canica,trueno,canica,False,32,31,8195.14,7614.55,8820.0,-131.0237,-93.0692,True,18,18,True
trueno_hecho_de_canica,trueno,canica,True,2,0,259.23,80.0,840.0,-29.0514,0.0,False,1,1,True
trueno_hecho_de_canica,trueno,canica,True,2,1,2721.91,840.0,8820.0,-84.8233,-55.7719,True,1,1,True
trueno_hecho_de_canica,trueno,canica,True,4,0,144.01,80.0,259.23,-31.3467,0.0,False,2,2,True
trueno_hecho_de_canica,trueno,canica,True,4,1,466.64,259.23,840.0,-33.986,-2.6393,False,2,2,True
trueno_hecho_de_canica,trueno,canica,True,4,2,1512.09,840.0,2721.91,-87.6381,-56.2914,True,2,2,True
trueno_hecho_de_canica,trueno,canica,True,4,3,4899.72,2721.91,8820.0,-116.1767,-84.8301,True,2,2,True
trueno_hecho_de_canica,trueno,canica,True,6,0,118.38,80.0,175.18,-34.102,-2.6761,False,3,3,True
trueno_hecho_de_canica,trueno,canica,True,6,1,259.23,175.18,383.6,-31.4259,0.0,False,3,3,True
trueno_hecho_de_canica,trueno,canica,True,6,2,567.65,383.6,840.0,-43.4335,-12.0076,False,3,3,True
trueno_hecho_de_canica,trueno,canica,True,6,3,1243.02,840.0,1839.4,-87.7706,-56.3447,True,3,3,True
trueno_hecho_de_canica,trueno,canica,True,6,4,2721.91,1839.4,4027.84,-116.4586,-85.0327,True,3,3,True
trueno_hecho_de_canica,trueno,canica,True,6,5,5960.33,4027.84,8820.0,-126.0676,-94.6417,True,3,3,True
trueno_hecho_de_canica,trueno,canica,True,8,0,107.33,80.0,144.01,-35.9125,-2.7392,False,4,4,True
trueno_hecho_de_canica,trueno,canica,True,8,1,193.21,144.01,259.23,-33.1733,0.0,False,4,4,True
trueno_hecho_de_canica,trueno,canica,True,8,2,347.8,259.23,466.64,-33.7368,-0.5635,False,4,4,True
trueno_hecho_de_canica,trueno,canica,True,8,3,626.08,466.64,840.0,-53.5842,-20.4109,False,4,4,True
trueno_hecho_de_canica,trueno,canica,True,8,4,1127.01,840.0,1512.09,-87.0742,-53.9009,True,4,4,True
trueno_hecho_de_canica,trueno,canica,True,8,5,2028.73,1512.09,2721.91,-103.6429,-70.4696,True,4,4,True
trueno_hecho_de_canica,trueno,canica,True,8,6,3651.93,2721.91,4899.72,-112.1441,-78.9708,True,4,4,True
trueno_hecho_de_canica,trueno,canica,True,8,7,6573.85,4899.72,8820.0,-135.7843,-102.611,True,4,4,True
trueno_hecho_de_canica,trueno,canica,True,12,0,97.32,80.0,118.38,-37.5551,-3.2983,False,7,7,True
trueno_hecho_de_canica,trueno,canica,True,12,1,144.01,118.38,175.18,-36.6283,-2.3715,False,7,7,True
trueno_hecho_de_canica,trueno,canica,True,12,2,213.1,175.18,259.23,-34.7207,-0.4639,False,7,7,True
trueno_hecho_de_canica,trueno,canica,True,12,3,315.34,259.23,383.6,-34.2568,0.0,False,7,7,True
trueno_hecho_de_canica,trueno,canica,True,12,4,466.64,383.6,567.65,-43.1388,-8.882,False,7,7,True
trueno_hecho_de_canica,trueno,canica,True,12,5,690.53,567.65,840.0,-65.8828,-31.626,True,7,7,True
trueno_hecho_de_canica,trueno,canica,True,12,6,1021.83,840.0,1243.02,-86.3591,-52.1023,True,7,7,True
trueno_hecho_de_canica,trueno,canica,True,12,7,1512.09,1243.02,1839.4,-94.3161,-60.0593,True,7,7,True
trueno_hecho_de_canica,trueno,canica,True,12,8,2237.56,1839.4,2721.91,-108.0017,-73.7449,True,7,7,True
trueno_hecho_de_canica,trueno,canica,True,12,9,3311.11,2721.91,4027.84,-112.032,-77.7752,True,7,7,True
trueno_hecho_de_canica,trueno,canica,True,12,10,4899.72,4027.84,5960.33,-120.8107,-86.554,True,7,7,True
trueno_hecho_de_canica,trueno,canica,True,12,11,7250.53,5960.33,8820.0,-130.5024,-96.2456,True,7,7,True
trueno_hecho_de_canica,trueno,canica,True,16,0,92.66,80.0,107.33,-39.3723,-4.1524,False,9,9,True
trueno_hecho_de_canica,trueno,canica,True,16,1,124.33,107.33,144.01,-38.6462,-3.4264,False,9,9,True
trueno_hecho_de_canica,trueno,canica,True,16,2,166.81,144.01,193.21,-36.5551,-1.3353,False,9,9,True
trueno_hecho_de_canica,trueno,canica,True,16,3,223.8,193.21,259.23,-35.8762,-0.6563,False,9,9,True
trueno_hecho_de_canica,trueno,canica,True,16,4,300.27,259.23,347.8,-35.2198,0.0,False,9,9,True
trueno_hecho_de_canica,trueno,canica,True,16,5,402.86,347.8,466.64,-39.298,-4.0782,False,9,9,True
trueno_hecho_de_canica,trueno,canica,True,16,6,540.51,466.64,626.08,-53.4588,-18.239,False,9,9,True
trueno_hecho_de_canica,trueno,canica,True,16,7,725.2,626.08,840.0,-72.8477,-37.6279,True,9,9,True
trueno_hecho_de_canica,trueno,canica,True,16,8,972.98,840.0,1127.01,-86.3221,-51.1022,True,9,9,True
trueno_hecho_de_canica,trueno,canica,True,16,9,1305.43,1127.01,1512.09,-91.5247,-56.3049,True,9,9,True
trueno_hecho_de_canica,trueno,canica,True,16,10,1751.46,1512.09,2028.73,-100.2063,-64.9864,True,9,9,True
trueno_hecho_de_canica,trueno,canica,True,16,11,2349.9,2028.73,2721.91,-106.3156,-71.0957,True,9,9,True
trueno_hecho_de_canica,trueno,canica,True,16,12,3152.81,2721.91,3651.93,-110.2872,-75.0673,True,9,9,True
trueno_hecho_de_canica,trueno,canica,True,16,13,4230.06,3651.93,4899.72,-121.6521,-86.4323,True,9,9,True
trueno_hecho_de_canica,trueno,canica,True,16,14,5675.39,4899.72,6573.85,-126.3832,-91.1634,True,9,9,True
trueno_hecho_de_canica,trueno,canica,True,16,15,7614.55,6573.85,8820.0,-134.4665,-99.2466,True,9,9,True
trueno_hecho_de_canica,trueno,canica,True,24,0,88.23,80.0,97.32,-41.3039,-4.6896,False,14,14,True
trueno_hecho_de_canica,trueno,canica,True,24,1,107.33,97.32,118.38,-39.7537,-3.1394,False,14,14,True
trueno_hecho_de_canica,trueno,canica,True,24,2,130.57,118.38,144.01,-41.137,-4.5227,False,14,14,True
trueno_hecho_de_canica,trueno,canica,True,24,3,158.83,144.01,175.18,-38.485,-1.8707,False,14,14,True
trueno_hecho_de_canica,trueno,canica,True,24,4,193.21,175.18,213.1,-38.1,-1.4857,False,14,14,True
trueno_hecho_de_canica,trueno,canica,True,24,5,235.04,213.1,259.23,-37.3901,-0.7758,False,14,14,True
trueno_hecho_de_canica,trueno,canica,True,24,6,285.91,259.23,315.34,-36.6143,0.0,False,14,14,True
trueno_hecho_de_canica,trueno,canica,True,24,7,347.8,315.34,383.6,-37.9944,-1.3801,False,14,14,True
trueno_hecho_de_canica,trueno,canica,True,24,8,423.09,383.6,466.64,-43.3633,-6.749,False,14,14,True
trueno_hecho_de_canica,trueno,canica,True,24,9,514.67,466.64,567.65,-53.4934,-16.8791,False,14,14,True
trueno_hecho_de_canica,trueno,canica,True,24,10,626.08,567.65,690.53,-65.9072,-29.2929,True,14,14,True
trueno_hecho_de_canica,trueno,canica,True,24,11,761.6,690.53,840.0,-79.6981,-43.0838,True,14,14,True
trueno_hecho_de_canica,trueno,canica,True,24,12,926.46,840.0,1021.83,-86.7813,-50.1669,True,14,14,True
trueno_hecho_de_canica,trueno,canica,True,24,13,1127.01,1021.83,1243.02,-90.225,-53.6107,True,14,14,True
trueno_hecho_de_canica,trueno,canica,True,24,14,1370.97,1243.02,1512.09,-93.5962,-56.9818,True,14,14,True
trueno_hecho_de_canica,trueno,canica,True,24,15,1667.73,1512.09,1839.4,-98.941,-62.3267,True,14,14,True
trueno_hecho_de_canica,trueno,canica,True,24,16,2028.73,1839.4,2237.56,-104.9836,-68.3693,True,14,14,True
trueno_hecho_de_canica,trueno,canica,True,24,17,2467.88,2237.56,2721.91,-105.5504,-68.9361,True,14,14,True
trueno_hecho_de_canica,trueno,canica,True,24,18,3002.09,2721.91,3311.11,-107.8731,-71.2588,True,14,14,True
trueno_hecho_de_canica,trueno,canica,True,24,19,3651.93,3311.11,4027.84,-115.5164,-78.9021,True,14,14,True
trueno_hecho_de_canica,trueno,canica,True,24,20,4442.44,4027.84,4899.72,-117.3719,-80.7575,True,14,14,True
trueno_hecho_de_canica,trueno,canica,True,24,21,5404.07,4899.72,5960.33,-124.4799,-87.8656,True,14,14,True
trueno_hecho_de_canica,trueno,canica,True,24,22,6573.85,5960.33,7250.53,-127.2417,-90.6273,True,14,14,True
trueno_hecho_de_canica,trueno,canica,True,24,23,7996.85,7250.53,8820.0,-132.2996,-95.6853,True,14,14,True
trueno_hecho_de_canica,trueno,canica,True,32,0,86.1,80.0,92.66,-42.358,-4.4035,False,18,18,True
trueno_hecho_de_canica,trueno,canica,True,32,1,99.73,92.66,107.33,-42.0474,-4.0929,False,18,18,True
trueno_hecho_de_canica,trueno,canica,True,32,2,115.52,107.33,124.33,-40.9674,-3.0129,False,18,18,True
trueno_hecho_de_canica,trueno,canica,True,32,3,133.81,124.33,144.01,-42.4107,-4.4562,False,18,18,True
trueno_hecho_de_canica,trueno,canica,True,32,4,154.99,144.01,166.81,-39.9403,-1.9858,False,18,18,True
trueno_hecho_de_canica,trueno,canica,True,32,5,179.52,166.81,193.21,-39.3679,-1.4134,False,18,18,True
trueno_hecho_de_canica,trueno,canica,True,32,6,207.94,193.21,223.8,-39.342,-1.3875,False,18,18,True
trueno_hecho_de_canica,trueno,canica,True,32,7,240.86,223.8,259.23,-38.5405,-0.586,False,18,18,True
trueno_hecho_de_canica,trueno,canica,True,32,8,279.0,259.23,300.27,-37.9545,0.0,False,18,18,True
trueno_hecho_de_canica,trueno,canica,True,32,9,323.16,300.27,347.8,-38.7222,-0.7677,False,18,18,True
trueno_hecho_de_canica,trueno,canica,True,32,10,374.32,347.8,402.86,-40.2469,-2.2924,False,18,18,True
trueno_hecho_de_canica,trueno,canica,True,32,11,433.58,402.86,466.64,-45.7844,-7.8299,False,18,18,True
trueno_hecho_de_canica,trueno,canica,True,32,12,502.22,466.64,540.51,-53.7439,-15.7894,False,18,18,True
trueno_hecho_de_canica,trueno,canica,True,32,13,581.73,540.51,626.08,-62.6787,-24.7242,False,18,18,True
trueno_hecho_de_canica,trueno,canica,True,32,14,673.82,626.08,725.2,-73.0991,-35.1446,True,18,18,True
trueno_hecho_de_canica,trueno,canica,True,32,15,780.49,725.2,840.0,-82.1552,-44.2007,True,18,18,True
trueno_hecho_de_canica,trueno,canica,True,32,16,904.05,840.0,972.98,-87.2604,-49.3059,True,18,18,True
trueno_hecho_de_canica,trueno,canica,True,32,17,1047.17,972.98,1127.01,-90.1355,-52.181,True,18,18,True
trueno_hecho_de_canica,trueno,canica,True,32,18,1212.94,1127.01,1305.43,-92.2895,-54.3349,True,18,18,True
trueno_hecho_de_canica,trueno,canica,True,32,19,1404.96,1305.43,1512.09,-95.0383,-57.0838,True,18,18,True
trueno_hecho_de_canica,trueno,canica,True,32,20,1627.38,1512.09,1751.46,-98.8746,-60.9201,True,18,18,True
trueno_hecho_de_canica,trueno,canica,True,32,21,1885.01,1751.46,2028.73,-103.6013,-65.6468,True,18,18,True
trueno_hecho_de_canica,trueno,canica,True,32,22,2183.42,2028.73,2349.9,-105.4337,-67.4791,True,18,18,True
trueno_hecho_de_canica,trueno,canica,True,32,23,2529.08,2349.9,2721.91,-105.7285,-67.7739,True,18,18,True
trueno_hecho_de_canica,trueno,canica,True,32,24,2929.45,2721.91,3152.81,-107.3251,-69.3706,True,18,18,True
trueno_hecho_de_canica,trueno,canica,True,32,25,3393.21,3152.81,3651.93,-111.8983,-73.9438,True,18,18,True
trueno_hecho_de_canica,trueno,canica,True,32,26,3930.38,3651.93,4230.06,-114.6181,-76.6635,True,18,18,True
trueno_hecho_de_canica,trueno,canica,True,32,27,4552.6,4230.06,4899.72,-116.0423,-78.0877,True,18,18,True
trueno_hecho_de_canica,trueno,canica,True,32,28,5273.31,4899.72,5675.39,-121.7507,-83.7961,True,18,18,True
trueno_hecho_de_canica,trueno,canica,True,32,29,6108.12,5675.39,6573.85,-123.318,-85.3635,True,18,18,True
trueno_hecho_de_canica,trueno,canica,True,32,30,7075.09,6573.85,7614.55,-128.6012,-90.6467,True,18,18,True
trueno_hecho_de_canica,trueno,canica,True,32,31,8195.14,7614.55,8820.0,-131.0237,-93.0692,True,18,18,True
oceano_hecho_de_campana,oceano,campana_tela,False,2,0,259.23,80.0,840.0,-28.1274,-5.5983,False,0,0,True
oceano_hecho_de_campana,oceano,campana_tela,False,2,1,2721.91,840.0,8820.0,-22.5292,0.0,False,0,0,True
oceano_hecho_de_campana,oceano,campana_tela,False,4,0,144.01,80.0,259.23,-35.0619,-9.7913,False,0,0,True
oceano_hecho_de_campana,oceano,campana_tela,False,4,1,466.64,259.23,840.0,-29.1005,-3.8299,False,0,0,True
oceano_hecho_de_campana,oceano,campana_tela,False,4,2,1512.09,840.0,2721.91,-25.2706,0.0,False,0,0,True
oceano_hecho_de_campana,oceano,campana_tela,False,4,3,4899.72,2721.91,8820.0,-26.4729,-1.2023,False,0,0,True
oceano_hecho_de_campana,oceano,campana_tela,False,6,0,118.38,80.0,175.18,-38.432,-12.6364,False,0,0,True
oceano_hecho_de_campana,oceano,campana_tela,False,6,1,259.23,175.18,383.6,-33.8197,-8.0241,False,0,0,True
oceano_hecho_de_campana,oceano,campana_tela,False,6,2,567.65,383.6,840.0,-30.0197,-4.2242,False,0,0,True
oceano_hecho_de_campana,oceano,campana_tela,False,6,3,1243.02,840.0,1839.4,-27.5641,-1.7686,False,0,0,True
oceano_hecho_de_campana,oceano,campana_tela,False,6,4,2721.91,1839.4,4027.84,-25.7956,0.0,False,0,0,True
oceano_hecho_de_campana,oceano,campana_tela,False,6,5,5960.33,4027.84,8820.0,-30.7351,-4.9395,False,0,0,True
oceano_hecho_de_campana,oceano,campana_tela,False,8,0,107.33,80.0,144.01,-40.7317,-13.4746,False,0,0,True
oceano_hecho_de_campana,oceano,campana_tela,False,8,1,193.21,144.01,259.23,-36.3973,-9.1402,False,0,0,True
oceano_hecho_de_campana,oceano,campana_tela,False,8,2,347.8,259.23,466.64,-33.897,-6.6399,False,0,0,True
oceano_hecho_de_campana,oceano,campana_tela,False,8,3,626.08,466.64,840.0,-30.8519,-3.5948,False,0,0,True
oceano_hecho_de_campana,oceano,campana_tela,False,8,4,1127.01,840.0,1512.09,-29.0226,-1.7655,False,0,0,True
oceano_hecho_de_campana,oceano,campana_tela,False,8,5,2028.73,1512.09,2721.91,-27.6561,-0.399,False,0,0,True
oceano_hecho_de_campana,oceano,campana_tela,False,8,6,3651.93,2721.91,4899.72,-27.2571,0.0,False,0,0,True
oceano_hecho_de_campana,oceano,campana_tela,False,8,7,6573.85,4899.72,8820.0,-34.3045,-7.0473,False,0,0,True
oceano_hecho_de_campana,oceano,campana_tela,False,12,0,97.32,80.0,118.38,-44.7419,-16.1876,False,0,0,True
oceano_hecho_de_campana,oceano,campana_tela,False,12,1,144.01,118.38,175.18,-39.639,-11.0847,False,0,0,True
oceano_hecho_de_campana,oceano,campana_tela,False,12,2,213.1,175.18,259.23,-37.7897,-9.2354,False,0,0,True
oceano_hecho_de_campana,oceano,campana_tela,False,12,3,315.34,259.23,383.6,-36.1254,-7.5711,False,0,0,True
oceano_hecho_de_campana,oceano,campana_tela,False,12,4,466.64,383.6,567.65,-34.1186,-5.5644,False,0,0,True
oceano_hecho_de_campana,oceano,campana_tela,False,12,5,690.53,567.65,840.0,-32.1148,-3.5605,False,0,0,True
oceano_hecho_de_campana,oceano,campana_tela,False,12,6,1021.83,840.0,1243.02,-31.1457,-2.5914,False,0,0,True
oceano_hecho_de_campana,oceano,campana_tela,False,12,7,1512.09,1243.02,1839.4,-30.1344,-1.5802,False,0,0,True
oceano_hecho_de_campana,oceano,campana_tela,False,12,8,2237.56,1839.4,2721.91,-29.1467,-0.5924,False,0,0,True
oceano_hecho_de_campana,oceano,campana_tela,False,12,9,3311.11,2721.91,4027.84,-28.5543,0.0,False,0,0,True
oceano_hecho_de_campana,oceano,campana_tela,False,12,10,4899.72,4027.84,5960.33,-31.2238,-2.6695,False,0,0,True
oceano_hecho_de_campana,oceano,campana_tela,False,12,11,7250.53,5960.33,8820.0,-39.4814,-10.9271,False,0,0,True
oceano_hecho_de_campana,oceano,campana_tela,False,16,0,92.66,80.0,107.33,-46.5485,-16.8397,False,0,0,True
oceano_hecho_de_campana,oceano,campana_tela,False,16,1,124.33,107.33,144.01,-41.8121,-12.1033,False,0,0,True
oceano_hecho_de_campana,oceano,campana_tela,False,16,2,166.81,144.01,193.21,-40.3129,-10.6042,False,0,0,True
oceano_hecho_de_campana,oceano,campana_tela,False,16,3,223.8,193.21,259.23,-38.5854,-8.8767,False,0,0,True
oceano_hecho_de_campana,oceano,campana_tela,False,16,4,300.27,259.23,347.8,-37.3308,-7.622,False,0,0,True
oceano_hecho_de_campana,oceano,campana_tela,False,16,5,402.86,347.8,466.64,-36.4379,-6.7292,False,0,0,True
oceano_hecho_de_campana,oceano,campana_tela,False,16,6,540.51,466.64,626.08,-34.7533,-5.0446,False,0,0,True
oceano_hecho_de_campana,oceano,campana_tela,False,16,7,725.2,626.08,840.0,-33.1037,-3.395,False,0,0,True
oceano_hecho_de_campana,oceano,campana_tela,False,16,8,972.98,840.0,1127.01,-32.465,-2.7563,False,0,0,True
oceano_hecho_de_campana,oceano,campana_tela,False,16,9,1305.43,1127.01,1512.09,-31.5867,-1.878,False,0,0,True
oceano_hecho_de_campana,oceano,campana_tela,False,16,10,1751.46,1512.09,2028.73,-30.9871,-1.2784,False,0,0,True
oceano_hecho_de_campana,oceano,campana_tela,False,16,11,2349.9,2028.73,2721.91,-30.3109,-0.6022,False,0,0,True
oceano_hecho_de_campana,oceano,campana_tela,False,16,12,3152.81,2721.91,3651.93,-29.7087,0.0,False,0,0,True
oceano_hecho_de_campana,oceano,campana_tela,False,16,13,4230.06,3651.93,4899.72,-31.0491,-1.3404,False,0,0,True
oceano_hecho_de_campana,oceano,campana_tela,False,16,14,5675.39,4899.72,6573.85,-34.8217,-5.1129,False,0,0,True
oceano_hecho_de_campana,oceano,campana_tela,False,16,15,7614.55,6573.85,8820.0,-42.6619,-12.9532,False,0,0,True
oceano_hecho_de_campana,oceano,campana_tela,False,24,0,88.23,80.0,97.32,-48.821,-17.4337,False,0,0,True
oceano_hecho_de_campana,oceano,campana_tela,False,24,1,107.33,97.32,118.38,-47.0009,-15.6137,False,0,0,True
oceano_hecho_de_campana,oceano,campana_tela,False,24,2,130.57,118.38,144.01,-42.9309,-11.5436,False,0,0,True
oceano_hecho_de_campana,oceano,campana_tela,False,24,3,158.83,144.01,175.18,-42.2094,-10.8222,False,0,0,True
oceano_hecho_de_campana,oceano,campana_tela,False,24,4,193.21,175.18,213.1,-42.2285,-10.8412,False,0,0,True
oceano_hecho_de_campana,oceano,campana_tela,False,24,5,235.04,213.1,259.23,-39.8261,-8.4388,False,0,0,True
oceano_hecho_de_campana,oceano,campana_tela,False,24,6,285.91,259.23,315.34,-39.4795,-8.0923,False,0,0,True
oceano_hecho_de_campana,oceano,campana_tela,False,24,7,347.8,315.34,383.6,-38.9216,-7.5344,False,0,0,True
oceano_hecho_de_campana,oceano,campana_tela,False,24,8,423.09,383.6,466.64,-37.825,-6.4378,False,0,0,True
oceano_hecho_de_campana,oceano,campana_tela,False,24,9,514.67,466.64,567.65,-36.7135,-5.3262,False,0,0,True
oceano_hecho_de_campana,oceano,campana_tela,False,24,10,626.08,567.65,690.53,-35.8523,-4.465,False,0,0,True
oceano_hecho_de_campana,oceano,campana_tela,False,24,11,761.6,690.53,840.0,-34.4726,-3.0853,False,0,0,True
oceano_hecho_de_campana,oceano,campana_tela,False,24,12,926.46,840.0,1021.83,-34.3193,-2.932,False,0,0,True
oceano_hecho_de_campana,oceano,campana_tela,False,24,13,1127.01,1021.83,1243.02,-34.0254,-2.6381,False,0,0,True
oceano_hecho_de_campana,oceano,campana_tela,False,24,14,1370.97,1243.02,1512.09,-33.1718,-1.7845,False,0,0,True
oceano_hecho_de_campana,oceano,campana_tela,False,24,15,1667.73,1512.09,1839.4,-33.0501,-1.6629,False,0,0,True
oceano_hecho_de_campana,oceano,campana_tela,False,24,16,2028.73,1839.4,2237.56,-32.3008,-0.9135,False,0,0,True
oceano_hecho_de_campana,oceano,campana_tela,False,24,17,2467.88,2237.56,2721.91,-31.8808,-0.4935,False,0,0,True
oceano_hecho_de_campana,oceano,campana_tela,False,24,18,3002.09,2721.91,3311.11,-31.3873,0.0,False,0,0,True
oceano_hecho_de_campana,oceano,campana_tela,False,24,19,3651.93,3311.11,4027.84,-31.8046,-0.4174,False,0,0,True
oceano_hecho_de_campana,oceano,campana_tela,False,24,20,4442.44,4027.84,4899.72,-33.1642,-1.7769,False,0,0,True
oceano_hecho_de_campana,oceano,campana_tela,False,24,21,5404.07,4899.72,5960.33,-35.681,-4.2937,False,0,0,True
oceano_hecho_de_campana,oceano,campana_tela,False,24,22,6573.85,5960.33,7250.53,-40.3891,-9.0018,False,0,0,True
oceano_hecho_de_campana,oceano,campana_tela,False,24,23,7996.85,7250.53,8820.0,-46.3204,-14.9332,False,0,0,True
oceano_hecho_de_campana,oceano,campana_tela,False,32,0,86.1,80.0,92.66,-50.391,-17.7594,False,0,0,True
oceano_hecho_de_campana,oceano,campana_tela,False,32,1,99.73,92.66,107.33,-49.0603,-16.4286,False,0,0,True
oceano_hecho_de_campana,oceano,campana_tela,False,32,2,115.52,107.33,124.33,-45.5633,-12.9317,False,0,0,True
oceano_hecho_de_campana,oceano,campana_tela,False,32,3,133.81,124.33,144.01,-44.3183,-11.6866,False,0,0,True
oceano_hecho_de_campana,oceano,campana_tela,False,32,4,154.99,144.01,166.81,-43.896,-11.2644,False,0,0,True
oceano_hecho_de_campana,oceano,campana_tela,False,32,5,179.52,166.81,193.21,-42.9613,-10.3297,False,0,0,True
oceano_hecho_de_campana,oceano,campana_tela,False,32,6,207.94,193.21,223.8,-42.6283,-9.9967,False,0,0,True
oceano_hecho_de_campana,oceano,campana_tela,False,32,7,240.86,223.8,259.23,-40.7725,-8.1409,False,0,0,True
oceano_hecho_de_campana,oceano,campana_tela,False,32,8,279.0,259.23,300.27,-40.7763,-8.1447,False,0,0,True
oceano_hecho_de_campana,oceano,campana_tela,False,32,9,323.16,300.27,347.8,-39.8849,-7.2533,False,0,0,True
oceano_hecho_de_campana,oceano,campana_tela,False,32,10,374.32,347.8,402.86,-40.1221,-7.4904,False,0,0,True
oceano_hecho_de_campana,oceano,campana_tela,False,32,11,433.58,402.86,466.64,-38.8414,-6.2098,False,0,0,True
oceano_hecho_de_campana,oceano,campana_tela,False,32,12,502.22,466.64,540.51,-38.0682,-5.4366,False,0,0,True
oceano_hecho_de_campana,oceano,campana_tela,False,32,13,581.73,540.51,626.08,-37.4186,-4.787,False,0,0,True
oceano_hecho_de_campana,oceano,campana_tela,False,32,14,673.82,626.08,725.2,-36.8082,-4.1765,False,0,0,True
oceano_hecho_de_campana,oceano,campana_tela,False,32,15,780.49,725.2,840.0,-35.5543,-2.9227,False,0,0,True
oceano_hecho_de_campana,oceano,campana_tela,False,32,16,904.05,840.0,972.98,-35.6907,-3.0591,False,0,0,True
oceano_hecho_de_campana,oceano,campana_tela,False,32,17,1047.17,972.98,1127.01,-35.281,-2.6494,False,0,0,True
oceano_hecho_de_campana,oceano,campana_tela,False,32,18,1212.94,1127.01,1305.43,-34.8321,-2.2005,False,0,0,True
oceano_hecho_de_campana,oceano,campana_tela,False,32,19,1404.96,1305.43,1512.09,-34.3472,-1.7156,False,0,0,True
oceano_hecho_de_campana,oceano,campana_tela,False,32,20,1627.38,1512.09,1751.46,-34.2843,-1.6527,False,0,0,True
oceano_hecho_de_campana,oceano,campana_tela,False,32,21,1885.01,1751.46,2028.73,-33.6397,-1.0081,False,0,0,True
oceano_hecho_de_campana,oceano,campana_tela,False,32,22,2183.42,2028.73,2349.9,-33.6389,-1.0073,False,0,0,True
oceano_hecho_de_campana,oceano,campana_tela,False,32,23,2529.08,2349.9,2721.91,-32.8817,-0.2501,False,0,0,True
oceano_hecho_de_campana,oceano,campana_tela,False,32,24,2929.45,2721.91,3152.81,-32.6316,0.0,False,0,0,True
oceano_hecho_de_campana,oceano,campana_tela,False,32,25,3393.21,3152.81,3651.93,-32.8906,-0.259,False,0,0,True
oceano_hecho_de_campana,oceano,campana_tela,False,32,26,3930.38,3651.93,4230.06,-33.5133,-0.8816,False,0,0,True
oceano_hecho_de_campana,oceano,campana_tela,False,32,27,4552.6,4230.06,4899.72,-34.6906,-2.0589,False,0,0,True
oceano_hecho_de_campana,oceano,campana_tela,False,32,28,5273.31,4899.72,5675.39,-36.5448,-3.9132,False,0,0,True
oceano_hecho_de_campana,oceano,campana_tela,False,32,29,6108.12,5675.39,6573.85,-39.6576,-7.026,False,0,0,True
oceano_hecho_de_campana,oceano,campana_tela,False,32,30,7075.09,6573.85,7614.55,-43.8797,-11.2481,False,0,0,True
oceano_hecho_de_campana,oceano,campana_tela,False,32,31,8195.14,7614.55,8820.0,-48.6576,-16.026,False,0,0,True
oceano_hecho_de_campana,oceano,campana_tela,True,2,0,259.23,80.0,840.0,-28.1274,-5.5983,False,0,0,True
oceano_hecho_de_campana,oceano,campana_tela,True,2,1,2721.91,840.0,8820.0,-22.5292,0.0,False,0,0,True
oceano_hecho_de_campana,oceano,campana_tela,True,4,0,144.01,80.0,259.23,-35.0619,-9.7913,False,0,0,True
oceano_hecho_de_campana,oceano,campana_tela,True,4,1,466.64,259.23,840.0,-29.1005,-3.8299,False,0,0,True
oceano_hecho_de_campana,oceano,campana_tela,True,4,2,1512.09,840.0,2721.91,-25.2706,0.0,False,0,0,True
oceano_hecho_de_campana,oceano,campana_tela,True,4,3,4899.72,2721.91,8820.0,-26.4729,-1.2023,False,0,0,True
oceano_hecho_de_campana,oceano,campana_tela,True,6,0,118.38,80.0,175.18,-38.432,-12.6364,False,0,0,True
oceano_hecho_de_campana,oceano,campana_tela,True,6,1,259.23,175.18,383.6,-33.8197,-8.0241,False,0,0,True
oceano_hecho_de_campana,oceano,campana_tela,True,6,2,567.65,383.6,840.0,-30.0197,-4.2242,False,0,0,True
oceano_hecho_de_campana,oceano,campana_tela,True,6,3,1243.02,840.0,1839.4,-27.5641,-1.7686,False,0,0,True
oceano_hecho_de_campana,oceano,campana_tela,True,6,4,2721.91,1839.4,4027.84,-25.7956,0.0,False,0,0,True
oceano_hecho_de_campana,oceano,campana_tela,True,6,5,5960.33,4027.84,8820.0,-30.7351,-4.9395,False,0,0,True
oceano_hecho_de_campana,oceano,campana_tela,True,8,0,107.33,80.0,144.01,-40.7317,-13.4746,False,0,0,True
oceano_hecho_de_campana,oceano,campana_tela,True,8,1,193.21,144.01,259.23,-36.3973,-9.1402,False,0,0,True
oceano_hecho_de_campana,oceano,campana_tela,True,8,2,347.8,259.23,466.64,-33.897,-6.6399,False,0,0,True
oceano_hecho_de_campana,oceano,campana_tela,True,8,3,626.08,466.64,840.0,-30.8519,-3.5948,False,0,0,True
oceano_hecho_de_campana,oceano,campana_tela,True,8,4,1127.01,840.0,1512.09,-29.0226,-1.7655,False,0,0,True
oceano_hecho_de_campana,oceano,campana_tela,True,8,5,2028.73,1512.09,2721.91,-27.6561,-0.399,False,0,0,True
oceano_hecho_de_campana,oceano,campana_tela,True,8,6,3651.93,2721.91,4899.72,-27.2571,0.0,False,0,0,True
oceano_hecho_de_campana,oceano,campana_tela,True,8,7,6573.85,4899.72,8820.0,-34.3045,-7.0473,False,0,0,True
oceano_hecho_de_campana,oceano,campana_tela,True,12,0,97.32,80.0,118.38,-44.7419,-16.1876,False,0,0,True
oceano_hecho_de_campana,oceano,campana_tela,True,12,1,144.01,118.38,175.18,-39.639,-11.0847,False,0,0,True
oceano_hecho_de_campana,oceano,campana_tela,True,12,2,213.1,175.18,259.23,-37.7897,-9.2354,False,0,0,True
oceano_hecho_de_campana,oceano,campana_tela,True,12,3,315.34,259.23,383.6,-36.1254,-7.5711,False,0,0,True
oceano_hecho_de_campana,oceano,campana_tela,True,12,4,466.64,383.6,567.65,-34.1186,-5.5644,False,0,0,True
oceano_hecho_de_campana,oceano,campana_tela,True,12,5,690.53,567.65,840.0,-32.1148,-3.5605,False,0,0,True
oceano_hecho_de_campana,oceano,campana_tela,True,12,6,1021.83,840.0,1243.02,-31.1457,-2.5914,False,0,0,True
oceano_hecho_de_campana,oceano,campana_tela,True,12,7,1512.09,1243.02,1839.4,-30.1344,-1.5802,False,0,0,True
oceano_hecho_de_campana,oceano,campana_tela,True,12,8,2237.56,1839.4,2721.91,-29.1467,-0.5924,False,0,0,True
oceano_hecho_de_campana,oceano,campana_tela,True,12,9,3311.11,2721.91,4027.84,-28.5543,0.0,False,0,0,True
oceano_hecho_de_campana,oceano,campana_tela,True,12,10,4899.72,4027.84,5960.33,-31.2238,-2.6695,False,0,0,True
oceano_hecho_de_campana,oceano,campana_tela,True,12,11,7250.53,5960.33,8820.0,-39.4814,-10.9271,False,0,0,True
oceano_hecho_de_campana,oceano,campana_tela,True,16,0,92.66,80.0,107.33,-46.5485,-16.8397,False,0,0,True
oceano_hecho_de_campana,oceano,campana_tela,True,16,1,124.33,107.33,144.01,-41.8121,-12.1033,False,0,0,True
oceano_hecho_de_campana,oceano,campana_tela,True,16,2,166.81,144.01,193.21,-40.3129,-10.6042,False,0,0,True
oceano_hecho_de_campana,oceano,campana_tela,True,16,3,223.8,193.21,259.23,-38.5854,-8.8767,False,0,0,True
oceano_hecho_de_campana,oceano,campana_tela,True,16,4,300.27,259.23,347.8,-37.3308,-7.622,False,0,0,True
oceano_hecho_de_campana,oceano,campana_tela,True,16,5,402.86,347.8,466.64,-36.4379,-6.7292,False,0,0,True
oceano_hecho_de_campana,oceano,campana_tela,True,16,6,540.51,466.64,626.08,-34.7533,-5.0446,False,0,0,True
oceano_hecho_de_campana,oceano,campana_tela,True,16,7,725.2,626.08,840.0,-33.1037,-3.395,False,0,0,True
oceano_hecho_de_campana,oceano,campana_tela,True,16,8,972.98,840.0,1127.01,-32.465,-2.7563,False,0,0,True
oceano_hecho_de_campana,oceano,campana_tela,True,16,9,1305.43,1127.01,1512.09,-31.5867,-1.878,False,0,0,True
oceano_hecho_de_campana,oceano,campana_tela,True,16,10,1751.46,1512.09,2028.73,-30.9871,-1.2784,False,0,0,True
oceano_hecho_de_campana,oceano,campana_tela,True,16,11,2349.9,2028.73,2721.91,-30.3109,-0.6022,False,0,0,True
oceano_hecho_de_campana,oceano,campana_tela,True,16,12,3152.81,2721.91,3651.93,-29.7087,0.0,False,0,0,True
oceano_hecho_de_campana,oceano,campana_tela,True,16,13,4230.06,3651.93,4899.72,-31.0491,-1.3404,False,0,0,True
oceano_hecho_de_campana,oceano,campana_tela,True,16,14,5675.39,4899.72,6573.85,-34.8217,-5.1129,False,0,0,True
oceano_hecho_de_campana,oceano,campana_tela,True,16,15,7614.55,6573.85,8820.0,-42.6619,-12.9532,False,0,0,True
oceano_hecho_de_campana,oceano,campana_tela,True,24,0,88.23,80.0,97.32,-48.821,-17.4337,False,0,0,True
oceano_hecho_de_campana,oceano,campana_tela,True,24,1,107.33,97.32,118.38,-47.0009,-15.6137,False,0,0,True
oceano_hecho_de_campana,oceano,campana_tela,True,24,2,130.57,118.38,144.01,-42.9309,-11.5436,False,0,0,True
oceano_hecho_de_campana,oceano,campana_tela,True,24,3,158.83,144.01,175.18,-42.2094,-10.8222,False,0,0,True
oceano_hecho_de_campana,oceano,campana_tela,True,24,4,193.21,175.18,213.1,-42.2285,-10.8412,False,0,0,True
oceano_hecho_de_campana,oceano,campana_tela,True,24,5,235.04,213.1,259.23,-39.8261,-8.4388,False,0,0,True
oceano_hecho_de_campana,oceano,campana_tela,True,24,6,285.91,259.23,315.34,-39.4795,-8.0923,False,0,0,True
oceano_hecho_de_campana,oceano,campana_tela,True,24,7,347.8,315.34,383.6,-38.9216,-7.5344,False,0,0,True
oceano_hecho_de_campana,oceano,campana_tela,True,24,8,423.09,383.6,466.64,-37.825,-6.4378,False,0,0,True
oceano_hecho_de_campana,oceano,campana_tela,True,24,9,514.67,466.64,567.65,-36.7135,-5.3262,False,0,0,True
oceano_hecho_de_campana,oceano,campana_tela,True,24,10,626.08,567.65,690.53,-35.8523,-4.465,False,0,0,True
oceano_hecho_de_campana,oceano,campana_tela,True,24,11,761.6,690.53,840.0,-34.4726,-3.0853,False,0,0,True
oceano_hecho_de_campana,oceano,campana_tela,True,24,12,926.46,840.0,1021.83,-34.3193,-2.932,False,0,0,True
oceano_hecho_de_campana,oceano,campana_tela,True,24,13,1127.01,1021.83,1243.02,-34.0254,-2.6381,False,0,0,True
oceano_hecho_de_campana,oceano,campana_tela,True,24,14,1370.97,1243.02,1512.09,-33.1718,-1.7845,False,0,0,True
oceano_hecho_de_campana,oceano,campana_tela,True,24,15,1667.73,1512.09,1839.4,-33.0501,-1.6629,False,0,0,True
oceano_hecho_de_campana,oceano,campana_tela,True,24,16,2028.73,1839.4,2237.56,-32.3008,-0.9135,False,0,0,True
oceano_hecho_de_campana,oceano,campana_tela,True,24,17,2467.88,2237.56,2721.91,-31.8808,-0.4935,False,0,0,True
oceano_hecho_de_campana,oceano,campana_tela,True,24,18,3002.09,2721.91,3311.11,-31.3873,0.0,False,0,0,True
oceano_hecho_de_campana,oceano,campana_tela,True,24,19,3651.93,3311.11,4027.84,-31.8046,-0.4174,False,0,0,True
oceano_hecho_de_campana,oceano,campana_tela,True,24,20,4442.44,4027.84,4899.72,-33.1642,-1.7769,False,0,0,True
oceano_hecho_de_campana,oceano,campana_tela,True,24,21,5404.07,4899.72,5960.33,-35.681,-4.2937,False,0,0,True
oceano_hecho_de_campana,oceano,campana_tela,True,24,22,6573.85,5960.33,7250.53,-40.3891,-9.0018,False,0,0,True
oceano_hecho_de_campana,oceano,campana_tela,True,24,23,7996.85,7250.53,8820.0,-46.3204,-14.9332,False,0,0,True
oceano_hecho_de_campana,oceano,campana_tela,True,32,0,86.1,80.0,92.66,-50.391,-17.7594,False,0,0,True
oceano_hecho_de_campana,oceano,campana_tela,True,32,1,99.73,92.66,107.33,-49.0603,-16.4286,False,0,0,True
oceano_hecho_de_campana,oceano,campana_tela,True,32,2,115.52,107.33,124.33,-45.5633,-12.9317,False,0,0,True
oceano_hecho_de_campana,oceano,campana_tela,True,32,3,133.81,124.33,144.01,-44.3183,-11.6866,False,0,0,True
oceano_hecho_de_campana,oceano,campana_tela,True,32,4,154.99,144.01,166.81,-43.896,-11.2644,False,0,0,True
oceano_hecho_de_campana,oceano,campana_tela,True,32,5,179.52,166.81,193.21,-42.9613,-10.3297,False,0,0,True
oceano_hecho_de_campana,oceano,campana_tela,True,32,6,207.94,193.21,223.8,-42.6283,-9.9967,False,0,0,True
oceano_hecho_de_campana,oceano,campana_tela,True,32,7,240.86,223.8,259.23,-40.7725,-8.1409,False,0,0,True
oceano_hecho_de_campana,oceano,campana_tela,True,32,8,279.0,259.23,300.27,-40.7763,-8.1447,False,0,0,True
oceano_hecho_de_campana,oceano,campana_tela,True,32,9,323.16,300.27,347.8,-39.8849,-7.2533,False,0,0,True
oceano_hecho_de_campana,oceano,campana_tela,True,32,10,374.32,347.8,402.86,-40.1221,-7.4904,False,0,0,True
oceano_hecho_de_campana,oceano,campana_tela,True,32,11,433.58,402.86,466.64,-38.8414,-6.2098,False,0,0,True
oceano_hecho_de_campana,oceano,campana_tela,True,32,12,502.22,466.64,540.51,-38.0682,-5.4366,False,0,0,True
oceano_hecho_de_campana,oceano,campana_tela,True,32,13,581.73,540.51,626.08,-37.4186,-4.787,False,0,0,True
oceano_hecho_de_campana,oceano,campana_tela,True,32,14,673.82,626.08,725.2,-36.8082,-4.1765,False,0,0,True
oceano_hecho_de_campana,oceano,campana_tela,True,32,15,780.49,725.2,840.0,-35.5543,-2.9227,False,0,0,True
oceano_hecho_de_campana,oceano,campana_tela,True,32,16,904.05,840.0,972.98,-35.6907,-3.0591,False,0,0,True
oceano_hecho_de_campana,oceano,campana_tela,True,32,17,1047.17,972.98,1127.01,-35.281,-2.6494,False,0,0,True
oceano_hecho_de_campana,oceano,campana_tela,True,32,18,1212.94,1127.01,1305.43,-34.8321,-2.2005,False,0,0,True
oceano_hecho_de_campana,oceano,campana_tela,True,32,19,1404.96,1305.43,1512.09,-34.3472,-1.7156,False,0,0,True
oceano_hecho_de_campana,oceano,campana_tela,True,32,20,1627.38,1512.09,1751.46,-34.2843,-1.6527,False,0,0,True
oceano_hecho_de_campana,oceano,campana_tela,True,32,21,1885.01,1751.46,2028.73,-33.6397,-1.0081,False,0,0,True
oceano_hecho_de_campana,oceano,campana_tela,True,32,22,2183.42,2028.73,2349.9,-33.6389,-1.0073,False,0,0,True
oceano_hecho_de_campana,oceano,campana_tela,True,32,23,2529.08,2349.9,2721.91,-32.8817,-0.2501,False,0,0,True
oceano_hecho_de_campana,oceano,campana_tela,True,32,24,2929.45,2721.91,3152.81,-32.6316,0.0,False,0,0,True
oceano_hecho_de_campana,oceano,campana_tela,True,32,25,3393.21,3152.81,3651.93,-32.8906,-0.259,False,0,0,True
oceano_hecho_de_campana,oceano,campana_tela,True,32,26,3930.38,3651.93,4230.06,-33.5133,-0.8816,False,0,0,True
oceano_hecho_de_campana,oceano,campana_tela,True,32,27,4552.6,4230.06,4899.72,-34.6906,-2.0589,False,0,0,True
oceano_hecho_de_campana,oceano,campana_tela,True,32,28,5273.31,4899.72,5675.39,-36.5448,-3.9132,False,0,0,True
oceano_hecho_de_campana,oceano,campana_tela,True,32,29,6108.12,5675.39,6573.85,-39.6576,-7.026,False,0,0,True
oceano_hecho_de_campana,oceano,campana_tela,True,32,30,7075.09,6573.85,7614.55,-43.8797,-11.2481,False,0,0,True
oceano_hecho_de_campana,oceano,campana_tela,True,32,31,8195.14,7614.55,8820.0,-48.6576,-16.026,False,0,0,True
goteo_hecho_de_campana,goteo,campana_tela,False,2,0,259.23,80.0,840.0,-24.5439,0.0,False,0,0,True
goteo_hecho_de_campana,goteo,campana_tela,False,2,1,2721.91,840.0,8820.0,-28.41,-3.8661,False,0,0,True
goteo_hecho_de_campana,goteo,campana_tela,False,4,0,144.01,80.0,259.23,-42.3478,-18.1286,False,0,0,True
goteo_hecho_de_campana,goteo,campana_tela,False,4,1,466.64,259.23,840.0,-24.2192,0.0,False,0,0,True
goteo_hecho_de_campana,goteo,campana_tela,False,4,2,1512.09,840.0,2721.91,-28.522,-4.3028,False,0,0,True
goteo_hecho_de_campana,goteo,campana_tela,False,4,3,4899.72,2721.91,8820.0,-40.0265,-15.8073,False,0,0,True
goteo_hecho_de_campana,goteo,campana_tela,False,6,0,118.38,80.0,175.18,-47.911,-23.288,False,0,0,True
goteo_hecho_de_campana,goteo,campana_tela,False,6,1,259.23,175.18,383.6,-33.4311,-8.8081,False,0,0,True
goteo_hecho_de_campana,goteo,campana_tela,False,6,2,567.65,383.6,840.0,-24.623,0.0,False,0,0,True
goteo_hecho_de_campana,goteo,campana_tela,False,6,3,1243.02,840.0,1839.4,-28.6456,-4.0226,False,0,0,True
goteo_hecho_de_campana,goteo,campana_tela,False,6,4,2721.91,1839.4,4027.84,-39.8567,-15.2337,False,0,0,True
goteo_hecho_de_campana,goteo,campana_tela,False,6,5,5960.33,4027.84,8820.0,-42.0495,-17.4265,False,0,0,True
goteo_hecho_de_campana,goteo,campana_tela,False,8,0,107.33,80.0,144.01,-50.4087,-25.2653,True,1,0,False
goteo_hecho_de_campana,goteo,campana_tela,False,8,1,193.21,144.01,259.23,-42.9863,-17.8429,False,1,0,False
goteo_hecho_de_campana,goteo,campana_tela,False,8,2,347.8,259.23,466.64,-30.1178,-4.9744,False,1,0,False
goteo_hecho_de_campana,goteo,campana_tela,False,8,3,626.08,466.64,840.0,-25.1434,0.0,False,1,0,False
goteo_hecho_de_campana,goteo,campana_tela,False,8,4,1127.01,840.0,1512.09,-28.8117,-3.6683,False,1,0,False
goteo_hecho_de_campana,goteo,campana_tela,False,8,5,2028.73,1512.09,2721.91,-38.7905,-13.6471,False,1,0,False
goteo_hecho_de_campana,goteo,campana_tela,False,8,6,3651.93,2721.91,4899.72,-42.8744,-17.731,False,1,0,False
goteo_hecho_de_campana,goteo,campana_tela,False,8,7,6573.85,4899.72,8820.0,-43.7591,-18.6157,False,1,0,False
goteo_hecho_de_campana,goteo,campana_tela,False,12,0,97.32,80.0,118.38,-53.209,-27.6695,True,1,2,False
goteo_hecho_de_campana,goteo,campana_tela,False,12,1,144.01,118.38,175.18,-49.3682,-23.8286,False,1,2,False
goteo_hecho_de_campana,goteo,campana_tela,False,12,2,213.1,175.18,259.23,-43.6076,-18.0681,False,1,2,False
goteo_hecho_de_campana,goteo,campana_tela,False,12,3,315.34,259.23,383.6,-33.5457,-8.0061,False,1,2,False
goteo_hecho_de_campana,goteo,campana_tela,False,12,4,466.64,383.6,567.65,-30.174,-4.6344,False,1,2,False
goteo_hecho_de_campana,goteo,campana_tela,False,12,5,690.53,567.65,840.0,-25.5396,0.0,False,1,2,False
goteo_hecho_de_campana,goteo,campana_tela,False,12,6,1021.83,840.0,1243.02,-29.2285,-3.6889,False,1,2,False
goteo_hecho_de_campana,goteo,campana_tela,False,12,7,1512.09,1243.02,1839.4,-37.3117,-11.7721,False,1,2,False
goteo_hecho_de_campana,goteo,campana_tela,False,12,8,2237.56,1839.4,2721.91,-41.6347,-16.0951,False,1,2,False
goteo_hecho_de_campana,goteo,campana_tela,False,12,9,3311.11,2721.91,4027.84,-44.4164,-18.8768,False,1,2,False
goteo_hecho_de_campana,goteo,campana_tela,False,12,10,4899.72,4027.84,5960.33,-43.2758,-17.7362,False,1,2,False
goteo_hecho_de_campana,goteo,campana_tela,False,12,11,7250.53,5960.33,8820.0,-48.2824,-22.7428,False,1,2,False
goteo_hecho_de_campana,goteo,campana_tela,False,16,0,92.66,80.0,107.33,-54.911,-29.1558,True,2,3,False
goteo_hecho_de_campana,goteo,campana_tela,False,16,1,124.33,107.33,144.01,-52.2605,-26.5053,True,2,3,False
goteo_hecho_de_campana,goteo,campana_tela,False,16,2,166.81,144.01,193.21,-48.8914,-23.1361,False,2,3,False
goteo_hecho_de_campana,goteo,campana_tela,False,16,3,223.8,193.21,259.23,-44.1853,-18.43,False,2,3,False
goteo_hecho_de_campana,goteo,campana_tela,False,16,4,300.27,259.23,347.8,-36.4845,-10.7292,False,2,3,False
goteo_hecho_de_campana,goteo,campana_tela,False,16,5,402.86,347.8,466.64,-31.3252,-5.57,False,2,3,False
goteo_hecho_de_campana,goteo,campana_tela,False,16,6,540.51,466.64,626.08,-32.1524,-6.3972,False,2,3,False
goteo_hecho_de_campana,goteo,campana_tela,False,16,7,725.2,626.08,840.0,-25.7552,0.0,False,2,3,False
goteo_hecho_de_campana,goteo,campana_tela,False,16,8,972.98,840.0,1127.01,-29.7378,-3.9826,False,2,3,False
goteo_hecho_de_campana,goteo,campana_tela,False,16,9,1305.43,1127.01,1512.09,-36.1391,-10.3839,False,2,3,False
goteo_hecho_de_campana,goteo,campana_tela,False,16,10,1751.46,1512.09,2028.73,-40.617,-14.8618,False,2,3,False
goteo_hecho_de_campana,goteo,campana_tela,False,16,11,2349.9,2028.73,2721.91,-43.3926,-17.6373,False,2,3,False
goteo_hecho_de_campana,goteo,campana_tela,False,16,12,3152.81,2721.91,3651.93,-45.5884,-19.8331,False,2,3,False
goteo_hecho_de_campana,goteo,campana_tela,False,16,13,4230.06,3651.93,4899.72,-46.3377,-20.5825,False,2,3,False
goteo_hecho_de_campana,goteo,campana_tela,False,16,14,5675.39,4899.72,6573.85,-44.462,-18.7067,False,2,3,False
goteo_hecho_de_campana,goteo,campana_tela,False,16,15,7614.55,6573.85,8820.0,-49.7527,-23.9975,False,2,3,False
goteo_hecho_de_campana,goteo,campana_tela,False,24,0,88.23,80.0,97.32,-57.0651,-30.6424,True,4,6,False
goteo_hecho_de_campana,goteo,campana_tela,False,24,1,107.33,97.32,118.38,-55.4816,-29.0588,True,4,6,False
goteo_hecho_de_campana,goteo,campana_tela,False,24,2,130.57,118.38,144.01,-53.5558,-27.1331,True,4,6,False
goteo_hecho_de_campana,goteo,campana_tela,False,24,3,158.83,144.01,175.18,-51.366,-24.9432,False,4,6,False
goteo_hecho_de_campana,goteo,campana_tela,False,24,4,193.21,175.18,213.1,-48.6484,-22.2257,False,4,6,False
goteo_hecho_de_campana,goteo,campana_tela,False,24,5,235.04,213.1,259.23,-45.1716,-18.7489,False,4,6,False
goteo_hecho_de_campana,goteo,campana_tela,False,24,6,285.91,259.23,315.34,-40.2238,-13.801,False,4,6,False
goteo_hecho_de_campana,goteo,campana_tela,False,24,7,347.8,315.34,383.6,-34.4949,-8.0722,False,4,6,False
goteo_hecho_de_campana,goteo,campana_tela,False,24,8,423.09,383.6,466.64,-32.8978,-6.475,False,4,6,False
goteo_hecho_de_campana,goteo,campana_tela,False,24,9,514.67,466.64,567.65,-33.6229,-7.2002,False,4,6,False
goteo_hecho_de_campana,goteo,campana_tela,False,24,10,626.08,567.65,690.53,-32.5631,-6.1404,False,4,6,False
goteo_hecho_de_campana,goteo,campana_tela,False,24,11,761.6,690.53,840.0,-26.4228,0.0,False,4,6,False
goteo_hecho_de_campana,goteo,campana_tela,False,24,12,926.46,840.0,1021.83,-30.86,-4.4373,False,4,6,False
goteo_hecho_de_campana,goteo,campana_tela,False,24,13,1127.01,1021.83,1243.02,-34.5314,-8.1086,False,4,6,False
goteo_hecho_de_campana,goteo,campana_tela,False,24,14,1370.97,1243.02,1512.09,-39.0987,-12.6759,False,4,6,False
goteo_hecho_de_campana,goteo,campana_tela,False,24,15,1667.73,1512.09,1839.4,-41.9277,-15.5049,False,4,6,False
goteo_hecho_de_campana,goteo,campana_tela,False,24,16,2028.73,1839.4,2237.56,-43.7922,-17.3694,False,4,6,False
goteo_hecho_de_campana,goteo,campana_tela,False,24,17,2467.88,2237.56,2721.91,-45.6951,-19.2724,False,4,6,False
goteo_hecho_de_campana,goteo,campana_tela,False,24,18,3002.09,2721.91,3311.11,-47.3282,-20.9055,False,4,6,False
goteo_hecho_de_campana,goteo,campana_tela,False,24,19,3651.93,3311.11,4027.84,-47.5205,-21.0978,False,4,6,False
goteo_hecho_de_campana,goteo,campana_tela,False,24,20,4442.44,4027.84,4899.72,-48.27,-21.8473,False,4,6,False
goteo_hecho_de_campana,goteo,campana_tela,False,24,21,5404.07,4899.72,5960.33,-44.9745,-18.5517,False,4,6,False
goteo_hecho_de_campana,goteo,campana_tela,False,24,22,6573.85,5960.33,7250.53,-50.8417,-24.4189,False,4,6,False
goteo_hecho_de_campana,goteo,campana_tela,False,24,23,7996.85,7250.53,8820.0,-51.9759,-25.5531,True,4,6,False
goteo_hecho_de_campana,goteo,campana_tela,False,32,0,86.1,80.0,92.66,-58.4327,-31.1607,True,6,10,False
goteo_hecho_de_campana,goteo,campana_tela,False,32,1,99.73,92.66,107.33,-57.4377,-30.1657,True,6,10,False
goteo_hecho_de_campana,goteo,campana_tela,False,32,2,115.52,107.33,124.33,-56.013,-28.741,True,6,10,False
goteo_hecho_de_campana,goteo,campana_tela,False,32,3,133.81,124.33,144.01,-54.5352,-27.2633,True,6,10,False
goteo_hecho_de_campana,goteo,campana_tela,False,32,4,154.99,144.01,166.81,-52.9921,-25.7201,True,6,10,False
goteo_hecho_de_campana,goteo,campana_tela,False,32,5,179.52,166.81,193.21,-50.9481,-23.6761,False,6,10,False
goteo_hecho_de_campana,goteo,campana_tela,False,32,6,207.94,193.21,223.8,-48.7953,-21.5233,False,6,10,False
goteo_hecho_de_campana,goteo,campana_tela,False,32,7,240.86,223.8,259.23,-45.9883,-18.7164,False,6,10,False
goteo_hecho_de_campana,goteo,campana_tela,False,32,8,279.0,259.23,300.27,-42.3596,-15.0876,False,6,10,False
goteo_hecho_de_campana,goteo,campana_tela,False,32,9,323.16,300.27,347.8,-37.678,-10.406,False,6,10,False
goteo_hecho_de_campana,goteo,campana_tela,False,32,10,374.32,347.8,402.86,-34.601,-7.329,False,6,10,False
goteo_hecho_de_campana,goteo,campana_tela,False,32,11,433.58,402.86,466.64,-34.1036,-6.8316,False,6,10,False
goteo_hecho_de_campana,goteo,campana_tela,False,32,12,502.22,466.64,540.51,-34.5194,-7.2474,False,6,10,False
goteo_hecho_de_campana,goteo,campana_tela,False,32,13,581.73,540.51,626.08,-35.7863,-8.5143,False,6,10,False
goteo_hecho_de_campana,goteo,campana_tela,False,32,14,673.82,626.08,725.2,-31.2107,-3.9388,False,6,10,False
goteo_hecho_de_campana,goteo,campana_tela,False,32,15,780.49,725.2,840.0,-27.272,0.0,False,6,10,False
goteo_hecho_de_campana,goteo,campana_tela,False,32,16,904.05,840.0,972.98,-31.7932,-4.5212,False,6,10,False
goteo_hecho_de_campana,goteo,campana_tela,False,32,17,1047.17,972.98,1127.01,-34.0765,-6.8046,False,6,10,False
goteo_hecho_de_campana,goteo,campana_tela,False,32,18,1212.94,1127.01,1305.43,-37.885,-10.613,False,6,10,False
goteo_hecho_de_campana,goteo,campana_tela,False,32,19,1404.96,1305.43,1512.09,-40.8409,-13.569,False,6,10,False
goteo_hecho_de_campana,goteo,campana_tela,False,32,20,1627.38,1512.09,1751.46,-42.9236,-15.6516,False,6,10,False
goteo_hecho_de_campana,goteo,campana_tela,False,32,21,1885.01,1751.46,2028.73,-44.435,-17.1631,False,6,10,False
goteo_hecho_de_campana,goteo,campana_tela,False,32,22,2183.42,2028.73,2349.9,-45.7181,-18.4461,False,6,10,False
goteo_hecho_de_campana,goteo,campana_tela,False,32,23,2529.08,2349.9,2721.91,-47.1886,-19.9166,False,6,10,False
goteo_hecho_de_campana,goteo,campana_tela,False,32,24,2929.45,2721.91,3152.81,-48.5177,-21.2457,False,6,10,False
goteo_hecho_de_campana,goteo,campana_tela,False,32,25,3393.21,3152.81,3651.93,-48.6439,-21.372,False,6,10,False
goteo_hecho_de_campana,goteo,campana_tela,False,32,26,3930.38,3651.93,4230.06,-49.1803,-21.9084,False,6,10,False
goteo_hecho_de_campana,goteo,campana_tela,False,32,27,4552.6,4230.06,4899.72,-49.5024,-22.2304,False,6,10,False
goteo_hecho_de_campana,goteo,campana_tela,False,32,28,5273.31,4899.72,5675.39,-45.4642,-18.1922,False,6,10,False
goteo_hecho_de_campana,goteo,campana_tela,False,32,29,6108.12,5675.39,6573.85,-51.005,-23.733,False,6,10,False
goteo_hecho_de_campana,goteo,campana_tela,False,32,30,7075.09,6573.85,7614.55,-52.0717,-24.7997,False,6,10,False
goteo_hecho_de_campana,goteo,campana_tela,False,32,31,8195.14,7614.55,8820.0,-53.6665,-26.3945,True,6,10,False
goteo_hecho_de_campana,goteo,campana_tela,True,2,0,259.23,80.0,840.0,-24.5439,0.0,False,0,0,True
goteo_hecho_de_campana,goteo,campana_tela,True,2,1,2721.91,840.0,8820.0,-28.41,-3.8661,False,0,0,True
goteo_hecho_de_campana,goteo,campana_tela,True,4,0,144.01,80.0,259.23,-42.3478,-18.1286,False,0,0,True
goteo_hecho_de_campana,goteo,campana_tela,True,4,1,466.64,259.23,840.0,-24.2192,0.0,False,0,0,True
goteo_hecho_de_campana,goteo,campana_tela,True,4,2,1512.09,840.0,2721.91,-28.522,-4.3028,False,0,0,True
goteo_hecho_de_campana,goteo,campana_tela,True,4,3,4899.72,2721.91,8820.0,-40.0265,-15.8073,False,0,0,True
goteo_hecho_de_campana,goteo,campana_tela,True,6,0,118.38,80.0,175.18,-47.911,-23.288,False,0,0,True
goteo_hecho_de_campana,goteo,campana_tela,True,6,1,259.23,175.18,383.6,-33.4311,-8.8081,False,0,0,True
goteo_hecho_de_campana,goteo,campana_tela,True,6,2,567.65,383.6,840.0,-24.623,0.0,False,0,0,True
goteo_hecho_de_campana,goteo,campana_tela,True,6,3,1243.02,840.0,1839.4,-28.6456,-4.0226,False,0,0,True
goteo_hecho_de_campana,goteo,campana_tela,True,6,4,2721.91,1839.4,4027.84,-39.8567,-15.2337,False,0,0,True
goteo_hecho_de_campana,goteo,campana_tela,True,6,5,5960.33,4027.84,8820.0,-42.0495,-17.4265,False,0,0,True
goteo_hecho_de_campana,goteo,campana_tela,True,8,0,107.33,80.0,144.01,-50.4087,-25.2653,True,1,0,False
goteo_hecho_de_campana,goteo,campana_tela,True,8,1,193.21,144.01,259.23,-42.9863,-17.8429,False,1,0,False
goteo_hecho_de_campana,goteo,campana_tela,True,8,2,347.8,259.23,466.64,-30.1178,-4.9744,False,1,0,False
goteo_hecho_de_campana,goteo,campana_tela,True,8,3,626.08,466.64,840.0,-25.1434,0.0,False,1,0,False
goteo_hecho_de_campana,goteo,campana_tela,True,8,4,1127.01,840.0,1512.09,-28.8117,-3.6683,False,1,0,False
goteo_hecho_de_campana,goteo,campana_tela,True,8,5,2028.73,1512.09,2721.91,-38.7905,-13.6471,False,1,0,False
goteo_hecho_de_campana,goteo,campana_tela,True,8,6,3651.93,2721.91,4899.72,-42.8744,-17.731,False,1,0,False
goteo_hecho_de_campana,goteo,campana_tela,True,8,7,6573.85,4899.72,8820.0,-43.7591,-18.6157,False,1,0,False
goteo_hecho_de_campana,goteo,campana_tela,True,12,0,97.32,80.0,118.38,-53.209,-27.6695,True,1,2,False
goteo_hecho_de_campana,goteo,campana_tela,True,12,1,144.01,118.38,175.18,-49.3682,-23.8286,False,1,2,False
goteo_hecho_de_campana,goteo,campana_tela,True,12,2,213.1,175.18,259.23,-43.6076,-18.0681,False,1,2,False
goteo_hecho_de_campana,goteo,campana_tela,True,12,3,315.34,259.23,383.6,-33.5457,-8.0061,False,1,2,False
goteo_hecho_de_campana,goteo,campana_tela,True,12,4,466.64,383.6,567.65,-30.174,-4.6344,False,1,2,False
goteo_hecho_de_campana,goteo,campana_tela,True,12,5,690.53,567.65,840.0,-25.5396,0.0,False,1,2,False
goteo_hecho_de_campana,goteo,campana_tela,True,12,6,1021.83,840.0,1243.02,-29.2285,-3.6889,False,1,2,False
goteo_hecho_de_campana,goteo,campana_tela,True,12,7,1512.09,1243.02,1839.4,-37.3117,-11.7721,False,1,2,False
goteo_hecho_de_campana,goteo,campana_tela,True,12,8,2237.56,1839.4,2721.91,-41.6347,-16.0951,False,1,2,False
goteo_hecho_de_campana,goteo,campana_tela,True,12,9,3311.11,2721.91,4027.84,-44.4164,-18.8768,False,1,2,False
goteo_hecho_de_campana,goteo,campana_tela,True,12,10,4899.72,4027.84,5960.33,-43.2758,-17.7362,False,1,2,False
goteo_hecho_de_campana,goteo,campana_tela,True,12,11,7250.53,5960.33,8820.0,-48.2824,-22.7428,False,1,2,False
goteo_hecho_de_campana,goteo,campana_tela,True,16,0,92.66,80.0,107.33,-54.911,-29.1558,True,2,3,False
goteo_hecho_de_campana,goteo,campana_tela,True,16,1,124.33,107.33,144.01,-52.2605,-26.5053,True,2,3,False
goteo_hecho_de_campana,goteo,campana_tela,True,16,2,166.81,144.01,193.21,-48.8914,-23.1361,False,2,3,False
goteo_hecho_de_campana,goteo,campana_tela,True,16,3,223.8,193.21,259.23,-44.1853,-18.43,False,2,3,False
goteo_hecho_de_campana,goteo,campana_tela,True,16,4,300.27,259.23,347.8,-36.4845,-10.7292,False,2,3,False
goteo_hecho_de_campana,goteo,campana_tela,True,16,5,402.86,347.8,466.64,-31.3252,-5.57,False,2,3,False
goteo_hecho_de_campana,goteo,campana_tela,True,16,6,540.51,466.64,626.08,-32.1524,-6.3972,False,2,3,False
goteo_hecho_de_campana,goteo,campana_tela,True,16,7,725.2,626.08,840.0,-25.7552,0.0,False,2,3,False
goteo_hecho_de_campana,goteo,campana_tela,True,16,8,972.98,840.0,1127.01,-29.7378,-3.9826,False,2,3,False
goteo_hecho_de_campana,goteo,campana_tela,True,16,9,1305.43,1127.01,1512.09,-36.1391,-10.3839,False,2,3,False
goteo_hecho_de_campana,goteo,campana_tela,True,16,10,1751.46,1512.09,2028.73,-40.617,-14.8618,False,2,3,False
goteo_hecho_de_campana,goteo,campana_tela,True,16,11,2349.9,2028.73,2721.91,-43.3926,-17.6373,False,2,3,False
goteo_hecho_de_campana,goteo,campana_tela,True,16,12,3152.81,2721.91,3651.93,-45.5884,-19.8331,False,2,3,False
goteo_hecho_de_campana,goteo,campana_tela,True,16,13,4230.06,3651.93,4899.72,-46.3377,-20.5825,False,2,3,False
goteo_hecho_de_campana,goteo,campana_tela,True,16,14,5675.39,4899.72,6573.85,-44.462,-18.7067,False,2,3,False
goteo_hecho_de_campana,goteo,campana_tela,True,16,15,7614.55,6573.85,8820.0,-49.7527,-23.9975,False,2,3,False
goteo_hecho_de_campana,goteo,campana_tela,True,24,0,88.23,80.0,97.32,-57.0651,-30.6424,True,4,6,False
goteo_hecho_de_campana,goteo,campana_tela,True,24,1,107.33,97.32,118.38,-55.4816,-29.0588,True,4,6,False
goteo_hecho_de_campana,goteo,campana_tela,True,24,2,130.57,118.38,144.01,-53.5558,-27.1331,True,4,6,False
goteo_hecho_de_campana,goteo,campana_tela,True,24,3,158.83,144.01,175.18,-51.366,-24.9432,False,4,6,False
goteo_hecho_de_campana,goteo,campana_tela,True,24,4,193.21,175.18,213.1,-48.6484,-22.2257,False,4,6,False
goteo_hecho_de_campana,goteo,campana_tela,True,24,5,235.04,213.1,259.23,-45.1716,-18.7489,False,4,6,False
goteo_hecho_de_campana,goteo,campana_tela,True,24,6,285.91,259.23,315.34,-40.2238,-13.801,False,4,6,False
goteo_hecho_de_campana,goteo,campana_tela,True,24,7,347.8,315.34,383.6,-34.4949,-8.0722,False,4,6,False
goteo_hecho_de_campana,goteo,campana_tela,True,24,8,423.09,383.6,466.64,-32.8978,-6.475,False,4,6,False
goteo_hecho_de_campana,goteo,campana_tela,True,24,9,514.67,466.64,567.65,-33.6229,-7.2002,False,4,6,False
goteo_hecho_de_campana,goteo,campana_tela,True,24,10,626.08,567.65,690.53,-32.5631,-6.1404,False,4,6,False
goteo_hecho_de_campana,goteo,campana_tela,True,24,11,761.6,690.53,840.0,-26.4228,0.0,False,4,6,False
goteo_hecho_de_campana,goteo,campana_tela,True,24,12,926.46,840.0,1021.83,-30.86,-4.4373,False,4,6,False
goteo_hecho_de_campana,goteo,campana_tela,True,24,13,1127.01,1021.83,1243.02,-34.5314,-8.1086,False,4,6,False
goteo_hecho_de_campana,goteo,campana_tela,True,24,14,1370.97,1243.02,1512.09,-39.0987,-12.6759,False,4,6,False
goteo_hecho_de_campana,goteo,campana_tela,True,24,15,1667.73,1512.09,1839.4,-41.9277,-15.5049,False,4,6,False
goteo_hecho_de_campana,goteo,campana_tela,True,24,16,2028.73,1839.4,2237.56,-43.7922,-17.3694,False,4,6,False
goteo_hecho_de_campana,goteo,campana_tela,True,24,17,2467.88,2237.56,2721.91,-45.6951,-19.2724,False,4,6,False
goteo_hecho_de_campana,goteo,campana_tela,True,24,18,3002.09,2721.91,3311.11,-47.3282,-20.9055,False,4,6,False
goteo_hecho_de_campana,goteo,campana_tela,True,24,19,3651.93,3311.11,4027.84,-47.5205,-21.0978,False,4,6,False
goteo_hecho_de_campana,goteo,campana_tela,True,24,20,4442.44,4027.84,4899.72,-48.27,-21.8473,False,4,6,False
goteo_hecho_de_campana,goteo,campana_tela,True,24,21,5404.07,4899.72,5960.33,-44.9745,-18.5517,False,4,6,False
goteo_hecho_de_campana,goteo,campana_tela,True,24,22,6573.85,5960.33,7250.53,-50.8417,-24.4189,False,4,6,False
goteo_hecho_de_campana,goteo,campana_tela,True,24,23,7996.85,7250.53,8820.0,-51.9759,-25.5531,True,4,6,False
goteo_hecho_de_campana,goteo,campana_tela,True,32,0,86.1,80.0,92.66,-58.4327,-31.1607,True,6,10,False
goteo_hecho_de_campana,goteo,campana_tela,True,32,1,99.73,92.66,107.33,-57.4377,-30.1657,True,6,10,False
goteo_hecho_de_campana,goteo,campana_tela,True,32,2,115.52,107.33,124.33,-56.013,-28.741,True,6,10,False
goteo_hecho_de_campana,goteo,campana_tela,True,32,3,133.81,124.33,144.01,-54.5352,-27.2633,True,6,10,False
goteo_hecho_de_campana,goteo,campana_tela,True,32,4,154.99,144.01,166.81,-52.9921,-25.7201,True,6,10,False
goteo_hecho_de_campana,goteo,campana_tela,True,32,5,179.52,166.81,193.21,-50.9481,-23.6761,False,6,10,False
goteo_hecho_de_campana,goteo,campana_tela,True,32,6,207.94,193.21,223.8,-48.7953,-21.5233,False,6,10,False
goteo_hecho_de_campana,goteo,campana_tela,True,32,7,240.86,223.8,259.23,-45.9883,-18.7164,False,6,10,False
goteo_hecho_de_campana,goteo,campana_tela,True,32,8,279.0,259.23,300.27,-42.3596,-15.0876,False,6,10,False
goteo_hecho_de_campana,goteo,campana_tela,True,32,9,323.16,300.27,347.8,-37.678,-10.406,False,6,10,False
goteo_hecho_de_campana,goteo,campana_tela,True,32,10,374.32,347.8,402.86,-34.601,-7.329,False,6,10,False
goteo_hecho_de_campana,goteo,campana_tela,True,32,11,433.58,402.86,466.64,-34.1036,-6.8316,False,6,10,False
goteo_hecho_de_campana,goteo,campana_tela,True,32,12,502.22,466.64,540.51,-34.5194,-7.2474,False,6,10,False
goteo_hecho_de_campana,goteo,campana_tela,True,32,13,581.73,540.51,626.08,-35.7863,-8.5143,False,6,10,False
goteo_hecho_de_campana,goteo,campana_tela,True,32,14,673.82,626.08,725.2,-31.2107,-3.9388,False,6,10,False
goteo_hecho_de_campana,goteo,campana_tela,True,32,15,780.49,725.2,840.0,-27.272,0.0,False,6,10,False
goteo_hecho_de_campana,goteo,campana_tela,True,32,16,904.05,840.0,972.98,-31.7932,-4.5212,False,6,10,False
goteo_hecho_de_campana,goteo,campana_tela,True,32,17,1047.17,972.98,1127.01,-34.0765,-6.8046,False,6,10,False
goteo_hecho_de_campana,goteo,campana_tela,True,32,18,1212.94,1127.01,1305.43,-37.885,-10.613,False,6,10,False
goteo_hecho_de_campana,goteo,campana_tela,True,32,19,1404.96,1305.43,1512.09,-40.8409,-13.569,False,6,10,False
goteo_hecho_de_campana,goteo,campana_tela,True,32,20,1627.38,1512.09,1751.46,-42.9236,-15.6516,False,6,10,False
goteo_hecho_de_campana,goteo,campana_tela,True,32,21,1885.01,1751.46,2028.73,-44.435,-17.1631,False,6,10,False
goteo_hecho_de_campana,goteo,campana_tela,True,32,22,2183.42,2028.73,2349.9,-45.7181,-18.4461,False,6,10,False
goteo_hecho_de_campana,goteo,campana_tela,True,32,23,2529.08,2349.9,2721.91,-47.1886,-19.9166,False,6,10,False
goteo_hecho_de_campana,goteo,campana_tela,True,32,24,2929.45,2721.91,3152.81,-48.5177,-21.2457,False,6,10,False
goteo_hecho_de_campana,goteo,campana_tela,True,32,25,3393.21,3152.81,3651.93,-48.6439,-21.372,False,6,10,False
goteo_hecho_de_campana,goteo,campana_tela,True,32,26,3930.38,3651.93,4230.06,-49.1803,-21.9084,False,6,10,False
goteo_hecho_de_campana,goteo,campana_tela,True,32,27,4552.6,4230.06,4899.72,-49.5024,-22.2304,False,6,10,False
goteo_hecho_de_campana,goteo,campana_tela,True,32,28,5273.31,4899.72,5675.39,-45.4642,-18.1922,False,6,10,False
goteo_hecho_de_campana,goteo,campana_tela,True,32,29,6108.12,5675.39,6573.85,-51.005,-23.733,False,6,10,False
goteo_hecho_de_campana,goteo,campana_tela,True,32,30,7075.09,6573.85,7614.55,-52.0717,-24.7997,False,6,10,False
goteo_hecho_de_campana,goteo,campana_tela,True,32,31,8195.14,7614.55,8820.0,-53.6665,-26.3945,True,6,10,False
