pareja,grupo,etapa,descriptor,notas,env_parent,fine_parent,method,n_bands,align,warp,color_mix,a_floor_db,stats_finish,duration_s,seed,mci,sso,dop,bri,fci,register_target_hz,register_achieved_hz,register_error_hz,register_before_move_hz,register_clamped,moved_parent,align_noop,warp_method,n_anchors,n_onsets_matched,n_onsets_total,warp_max_rate_dev,parametros_inertes,n_bandas_huerfanas_a,crest_db,rms_grave_db,rms_aguda_db,exportado,rank_export,wav_path,factor_rms_aplicado,metodo_igualacion,pico_recortado,rms_final_db_vs_objetivo,rank_etapa1_ref,render_s
canica_hecha_de_fuego,chimera_grid,1,align-off__nb2__mix0.00__warp-off,,canica,fuego,chimera,2,False,False,0.0,-40.0,False,6.0,42,0.614613,0.847642,0.268817,0.0,0.257392,,,,,False,,False,,,,,,,0,14.681073,-25.050855,-23.383009,True,muestra1,escucha_AB/fusion_v12/canica_hecha_de_fuego/muestra1__align-off__nb2__mix0.00__warp-off.wav,0.228239,linear,False,0.0,,4.079593
canica_hecha_de_fuego,chimera_grid,1,align-off__nb2__mix0.00__warp-on,,canica,fuego,chimera,2,False,True,0.0,-40.0,False,6.0,42,0.491311,0.847642,0.454545,0.0,0.133857,,,,,False,,False,signal_warp,73,37,39,0.565301,,0,16.204624,-26.750878,-24.213157,,,,,,,,,1.88771
canica_hecha_de_fuego,chimera_grid,1,align-off__nb2__mix0.25__warp-off,,canica,fuego,chimera,2,False,False,0.25,-40.0,False,6.0,42,0.614404,0.847642,0.272401,0.0,0.256202,,,,,False,,False,,,,,,,0,14.703331,-25.210037,-23.360446,,,,,,,,,0.928787
canica_hecha_de_fuego,chimera_grid,1,align-off__nb2__mix0.25__warp-on,,canica,fuego,chimera,2,False,True,0.25,-40.0,False,6.0,42,0.491275,0.847642,0.454545,0.0,0.133838,,,,,False,,False,signal_warp,73,37,39,0.565301,,0,16.204391,-26.755314,-24.211342,,,,,,,,,1.881484
canica_hecha_de_fuego,chimera_grid,1,align-off__nb2__mix0.50__warp-off,,canica,fuego,chimera,2,False,False,0.5,-40.0,False,6.0,42,0.614218,0.847642,0.266904,0.0,0.257749,,,,,False,,False,,,,,,,0,14.724083,-25.365799,-23.338432,,,,,,,,,0.929789
canica_hecha_de_fuego,chimera_grid,1,align-off__nb2__mix0.50__warp-on,,canica,fuego,chimera,2,False,True,0.5,-40.0,False,6.0,42,0.49124,0.847642,0.454545,0.0,0.133818,,,,,False,,False,signal_warp,73,37,39,0.565301,,0,16.204157,-26.759747,-24.209528,,,,,,,,,1.884888
canica_hecha_de_fuego,chimera_grid,1,align-off__nb2__mix0.75__warp-off,,canica,fuego,chimera,2,False,False,0.75,-40.0,False,6.0,42,0.614043,0.847642,0.252632,0.0,0.261934,,,,,False,,False,,,,,,,0,14.743401,-25.518041,-23.316958,,,,,,,,,0.923877
canica_hecha_de_fuego,chimera_grid,1,align-off__nb2__mix0.75__warp-on,,canica,fuego,chimera,2,False,True,0.75,-40.0,False,6.0,42,0.491204,0.847642,0.454545,0.0,0.133799,,,,,False,,False,signal_warp,73,37,39,0.565301,,0,16.203923,-26.764177,-24.207716,,,,,,,,,1.890153
canica_hecha_de_fuego,chimera_grid,1,align-off__nb2__mix1.00__warp-off,,canica,fuego,chimera,2,False,False,1.0,-40.0,False,6.0,42,0.613874,0.847642,0.265734,0.0,0.25791,,,,,False,,False,,,,,,,0,14.761354,-25.666675,-23.296017,True,muestra6,escucha_AB/fusion_v12/canica_hecha_de_fuego/muestra6__align-off__nb2__mix1.00__warp-off.wav,0.230358,linear,False,0.0,,0.934469
canica_hecha_de_fuego,chimera_grid,1,align-off__nb2__mix1.00__warp-on,,canica,fuego,chimera,2,False,True,1.0,-40.0,False,6.0,42,0.491169,0.847642,0.447964,0.0,0.135754,,,,,False,,False,signal_warp,73,37,39,0.565301,,0,16.203687,-26.768604,-24.205906,,,,,,,,,1.881218
canica_hecha_de_fuego,chimera_grid,1,align-off__nb4__mix0.00__warp-off,,canica,fuego,chimera,4,False,False,0.0,-40.0,False,6.0,42,0.593234,0.847642,0.509804,0.0,0.173338,,,,,False,,False,,,,,,,0,15.41324,-25.999807,-23.065367,,,,,,,,,1.139352
canica_hecha_de_fuego,chimera_grid,1,align-off__nb4__mix0.00__warp-on,,canica,fuego,chimera,4,False,True,0.0,-40.0,False,6.0,42,0.494852,0.847642,0.603175,0.0,0.091216,,,,,False,,False,signal_warp,73,37,39,0.565301,,0,15.896695,-26.558444,-22.977608,,,,,,,,,2.106991
canica_hecha_de_fuego,chimera_grid,1,align-off__nb4__mix0.25__warp-off,,canica,fuego,chimera,4,False,False,0.25,-40.0,False,6.0,42,0.576971,0.847642,0.638655,0.0,0.125737,,,,,False,,False,,,,,,,0,16.04245,-26.458496,-22.689015,,,,,,,,,1.156655
canica_hecha_de_fuego,chimera_grid,1,align-off__nb4__mix0.25__warp-on,,canica,fuego,chimera,4,False,True,0.25,-40.0,False,6.0,42,0.487888,0.847642,0.702381,0.0,0.057624,,,,,False,,False,signal_warp,73,37,39,0.565301,,0,16.435983,-26.849072,-22.823924,,,,,,,,,2.090338
canica_hecha_de_fuego,chimera_grid,1,align-off__nb4__mix0.50__warp-off,,canica,fuego,chimera,4,False,False,0.5,-40.0,False,6.0,42,0.559936,0.847642,0.75,0.0,0.082965,,,,,False,,False,,,,,,,0,16.707011,-27.018334,-22.215398,,,,,,,,,1.135514
canica_hecha_de_fuego,chimera_grid,1,align-off__nb4__mix0.50__warp-on,,canica,fuego,chimera,4,False,True,0.5,-40.0,False,6.0,42,0.480393,0.847642,0.819048,0.0,0.018502,,,,,False,,False,signal_warp,73,37,39,0.565301,,0,17.098429,-27.256491,-22.694397,,,,,,,,,2.095077
canica_hecha_de_fuego,chimera_grid,1,align-off__nb4__mix0.75__warp-off,,canica,fuego,chimera,4,False,False,0.75,-40.0,False,6.0,42,0.543885,0.847642,0.822222,0.0,0.05247,,,,,False,,False,,,,,,,0,17.675143,-27.993778,-22.053009,,,,,,,,,1.159927
canica_hecha_de_fuego,chimera_grid,1,align-off__nb4__mix0.75__warp-on,,canica,fuego,chimera,4,False,True,0.75,-40.0,False,6.0,42,0.472896,0.847642,0.857143,0.0,0.00295,,,,,False,,False,signal_warp,73,37,39,0.565301,,0,17.699173,-27.612309,-22.468167,,,,,,,,,2.099523
canica_hecha_de_fuego,chimera_grid,1,align-off__nb4__mix1.00__warp-off,,canica,fuego,chimera,4,False,False,1.0,-40.0,False,6.0,42,0.53035,0.847642,0.935484,0.0,0.011047,,,,,False,,False,,,,,,,0,18.428809,-28.90153,-21.815694,,,,,,,,,1.128896
canica_hecha_de_fuego,chimera_grid,1,align-off__nb4__mix1.00__warp-on,,canica,fuego,chimera,4,False,True,1.0,-40.0,False,6.0,42,0.465964,0.847642,0.911111,0.0,-0.017053,,,,,False,,False,signal_warp,73,37,39,0.565301,,0,18.198905,-27.897784,-22.178936,,,,,,,,,1.221242
canica_hecha_de_fuego,chimera_grid,1,align-off__nb6__mix0.00__warp-off,,canica,fuego,chimera,6,False,False,0.0,-40.0,False,6.0,42,0.57655,0.847642,0.815217,0.0,0.072537,,,,,False,,False,,,,,,,0,16.556067,-28.612376,-21.988231,,,,,,,,,1.361859
canica_hecha_de_fuego,chimera_grid,1,align-off__nb6__mix0.00__warp-on,,canica,fuego,chimera,6,False,True,0.0,-40.0,False,6.0,42,0.527658,0.847642,0.826923,0.0,0.042135,,,,,False,,False,signal_warp,73,37,39,0.565301,,0,16.96266,-28.996382,-22.296546,,,,,,,,,2.314902
canica_hecha_de_fuego,chimera_grid,1,align-off__nb6__mix0.25__warp-off,,canica,fuego,chimera,6,False,False,0.25,-40.0,False,6.0,42,0.571602,0.847642,0.84,0.0,0.062381,,,,,False,,False,,,,,,,0,18.633521,-30.501112,-23.517009,,,,,,,,,1.36192
canica_hecha_de_fuego,chimera_grid,1,align-off__nb6__mix0.25__warp-on,,canica,fuego,chimera,6,False,True,0.25,-40.0,False,6.0,42,0.521424,0.847642,0.862069,0.0,0.028163,,,,,False,,False,signal_warp,73,37,39,0.565301,,0,18.559786,-30.272426,-23.364046,,,,,,,,,1.433622
canica_hecha_de_fuego,chimera_grid,1,align-off__nb6__mix0.50__warp-off,,canica,fuego,chimera,6,False,False,0.5,-40.0,False,6.0,42,0.568141,0.847642,0.789474,0.0,0.075635,,,,,False,,False,,,,,,,0,20.766127,-32.596177,-24.811845,,,,,,,,,1.355928
canica_hecha_de_fuego,chimera_grid,1,align-off__nb6__mix0.50__warp-on,,canica,fuego,chimera,6,False,True,0.5,-40.0,False,6.0,42,0.514921,0.847642,0.888889,0.0,0.01654,,,,,False,,False,signal_warp,73,37,39,0.565301,,0,20.606595,-32.073654,-24.691907,,,,,,,,,2.318141
canica_hecha_de_fuego,chimera_grid,1,align-off__nb6__mix0.75__warp-off,,canica,fuego,chimera,6,False,False,0.75,-40.0,False,6.0,42,0.569704,0.847642,0.888889,0.0,0.04667,,,,,False,,False,,,,,,,0,22.989448,-35.098382,-25.996896,,,,,,,,,1.370185
canica_hecha_de_fuego,chimera_grid,1,align-off__nb6__mix0.75__warp-on,,canica,fuego,chimera,6,False,True,0.75,-40.0,False,6.0,42,0.510116,0.847642,0.882353,0.0,0.015858,,,,,False,,False,signal_warp,73,37,39,0.565301,,0,22.671144,-34.06976,-25.88874,,,,,,,,,2.305799
canica_hecha_de_fuego,chimera_grid,1,align-off__nb6__mix1.00__warp-off,,canica,fuego,chimera,6,False,False,1.0,-40.0,False,6.0,42,0.580575,0.847642,0.882353,0.0,0.05461,,,,,False,,False,,,,,,,0,24.701519,-37.528245,-26.734969,,,,,,,,,1.356427
canica_hecha_de_fuego,chimera_grid,1,align-off__nb6__mix1.00__warp-on,,canica,fuego,chimera,6,False,True,1.0,-40.0,False,6.0,42,0.510133,0.847642,0.875,0.0,0.018073,,,,,False,,False,signal_warp,73,37,39,0.565301,,0,24.296733,-35.893215,-26.649997,,,,,,,,,2.307066
canica_hecha_de_fuego,chimera_grid,1,align-off__nb8__mix0.00__warp-off,,canica,fuego,chimera,8,False,False,0.0,-40.0,False,6.0,42,0.607116,0.847642,0.939394,0.0,0.052096,,,,,False,,False,,,,,,,1,17.745727,-31.020335,-23.114923,,,,,,,,,1.560987
canica_hecha_de_fuego,chimera_grid,1,align-off__nb8__mix0.00__warp-on,,canica,fuego,chimera,8,False,True,0.0,-40.0,False,6.0,42,0.561308,0.847642,0.878788,0.0,0.045083,,,,,False,,False,signal_warp,73,37,39,0.565301,,1,17.969712,-31.261385,-23.208802,,,,,,,,,2.51708
canica_hecha_de_fuego,chimera_grid,1,align-off__nb8__mix0.25__warp-off,,canica,fuego,chimera,8,False,False,0.25,-40.0,False,6.0,42,0.602753,0.847642,0.875,0.0,0.069014,,,,,False,,False,,,,,,,1,20.576354,-33.621747,-25.155007,,,,,,,,,1.575897
canica_hecha_de_fuego,chimera_grid,1,align-off__nb8__mix0.25__warp-on,,canica,fuego,chimera,8,False,True,0.25,-40.0,False,6.0,42,0.554283,0.847642,0.866667,0.0,0.044855,,,,,False,,False,signal_warp,73,37,39,0.565301,,1,20.396073,-33.424739,-24.935313,,,,,,,,,1.649317
canica_hecha_de_fuego,chimera_grid,1,align-off__nb8__mix0.50__warp-off,,canica,fuego,chimera,8,False,False,0.5,-40.0,False,6.0,42,0.59874,0.847642,0.875,0.0,0.066807,,,,,False,,False,,,,,,,1,23.1056,-36.201429,-26.625178,True,muestra4,escucha_AB/fusion_v12/canica_hecha_de_fuego/muestra4__align-off__nb8__mix0.50__warp-off.wav,0.602028,linear,False,0.0,,1.596067
canica_hecha_de_fuego,chimera_grid,1,align-off__nb8__mix0.50__warp-on,,canica,fuego,chimera,8,False,True,0.5,-40.0,False,6.0,42,0.546875,0.847642,0.866667,0.0,0.040781,,,,,False,,False,signal_warp,73,37,39,0.565301,,1,22.845971,-35.732203,-26.502733,,,,,,,,,2.516532
canica_hecha_de_fuego,chimera_grid,1,align-off__nb8__mix0.75__warp-off,,canica,fuego,chimera,8,False,False,0.75,-40.0,False,6.0,42,0.59612,0.847642,0.875,0.0,0.065366,,,,,False,,False,,,,,,,1,25.129313,-38.602637,-27.600221,,,,,,,,,1.569892
canica_hecha_de_fuego,chimera_grid,1,align-off__nb8__mix0.75__warp-on,,canica,fuego,chimera,8,False,True,0.75,-40.0,False,6.0,42,0.540208,0.847642,0.857143,0.0,0.039971,,,,,False,,False,signal_warp,73,37,39,0.565301,,1,24.90785,-37.817049,-27.6376,,,,,,,,,1.649584
canica_hecha_de_fuego,chimera_grid,1,align-off__nb8__mix1.00__warp-off,,canica,fuego,chimera,8,False,False,1.0,-40.0,False,6.0,42,0.595897,0.847642,0.857143,0.0,0.0706,,,,,False,,False,,,,,,,1,26.568971,-40.671795,-28.233335,,,,,,,,,1.555917
canica_hecha_de_fuego,chimera_grid,1,align-off__nb8__mix1.00__warp-on,,canica,fuego,chimera,8,False,True,1.0,-40.0,False,6.0,42,0.536031,0.847642,0.857143,0.0,0.037674,,,,,False,,False,signal_warp,73,37,39,0.565301,,1,26.455664,-39.539618,-28.392121,,,,,,,,,2.502686
canica_hecha_de_fuego,chimera_grid,1,align-off__nb12__mix0.00__warp-off,,canica,fuego,chimera,12,False,False,0.0,-40.0,False,6.0,42,0.588308,0.847642,0.866667,0.0,0.063569,,,,,False,,False,,,,,,,1,21.022031,-36.265557,-25.805973,,,,,,,,,1.991449
canica_hecha_de_fuego,chimera_grid,1,align-off__nb12__mix0.00__warp-on,,canica,fuego,chimera,12,False,True,0.0,-40.0,False,6.0,42,0.570996,0.847642,0.75,0.0,0.089048,,,,,False,,False,signal_warp,73,37,39,0.565301,,1,20.734466,-35.702117,-25.447107,,,,,,,,,2.952559
canica_hecha_de_fuego,chimera_grid,1,align-off__nb12__mix0.25__warp-off,,canica,fuego,chimera,12,False,False,0.25,-40.0,False,6.0,42,0.576231,0.847642,0.866667,0.0,0.056927,,,,,False,,False,,,,,,,1,22.757763,-37.429473,-26.918899,,,,,,,,,2.000836
canica_hecha_de_fuego,chimera_grid,1,align-off__nb12__mix0.25__warp-on,,canica,fuego,chimera,12,False,True,0.25,-40.0,False,6.0,42,0.562416,0.847642,0.75,0.0,0.084329,,,,,False,,False,signal_warp,73,37,39,0.565301,,1,22.947008,-37.35663,-26.882424,,,,,,,,,2.084808
canica_hecha_de_fuego,chimera_grid,1,align-off__nb12__mix0.50__warp-off,,canica,fuego,chimera,12,False,False,0.5,-40.0,False,6.0,42,0.563954,0.847642,0.866667,0.0,0.050175,,,,,False,,False,,,,,,,1,24.169752,-38.517173,-27.409054,,,,,,,,,2.022854
canica_hecha_de_fuego,chimera_grid,1,align-off__nb12__mix0.50__warp-on,,canica,fuego,chimera,12,False,True,0.5,-40.0,False,6.0,42,0.553243,0.847642,0.857143,0.0,0.047141,,,,,False,,False,signal_warp,73,37,39,0.565301,,1,24.888975,-38.905887,-27.929638,,,,,,,,,2.95164
canica_hecha_de_fuego,chimera_grid,1,align-off__nb12__mix0.75__warp-off,,canica,fuego,chimera,12,False,False,0.75,-40.0,False,6.0,42,0.554866,0.847642,0.875,0.0,0.042676,,,,,False,,False,,,,,,,1,25.059907,-39.438862,-27.343154,,,,,,,,,2.010195
canica_hecha_de_fuego,chimera_grid,1,align-off__nb12__mix0.75__warp-on,,canica,fuego,chimera,12,False,True,0.75,-40.0,False,6.0,42,0.546094,0.847642,0.866667,0.0,0.040352,,,,,False,,False,signal_warp,73,37,39,0.565301,,1,26.381951,-40.272056,-28.56997,,,,,,,,,2.938197
canica_hecha_de_fuego,chimera_grid,1,align-off__nb12__mix1.00__warp-off,,canica,fuego,chimera,12,False,False,1.0,-40.0,False,6.0,42,0.553079,0.847642,0.875,0.0,0.041693,,,,,False,,False,,,,,,,1,25.330348,-40.121385,-26.859257,,,,,,,,,1.9944
canica_hecha_de_fuego,chimera_grid,1,align-off__nb12__mix1.00__warp-on,,canica,fuego,chimera,12,False,True,1.0,-40.0,False,6.0,42,0.543267,0.847642,0.875,0.0,0.036297,,,,,False,,False,signal_warp,73,37,39,0.565301,,1,27.353541,-41.391287,-28.882166,,,,,,,,,2.080828
canica_hecha_de_fuego,chimera_grid,1,align-off__nb16__mix0.00__warp-off,,canica,fuego,chimera,16,False,False,0.0,-40.0,False,6.0,42,0.620449,0.847642,0.875,0.0,0.078747,,,,,False,,False,,,,,,,2,20.750756,-35.362451,-24.914392,True,muestra7,escucha_AB/fusion_v12/canica_hecha_de_fuego/muestra7__align-off__nb16__mix0.00__warp-off.wav,0.459065,linear,False,0.0,,2.420319
canica_hecha_de_fuego,chimera_grid,1,align-off__nb16__mix0.00__warp-on,,canica,fuego,chimera,16,False,True,0.0,-40.0,False,6.0,42,0.579729,0.847642,0.875,0.0,0.056351,,,,,False,,False,signal_warp,73,37,39,0.565301,,2,21.114755,-35.904342,-25.230369,,,,,,,,,3.361665
canica_hecha_de_fuego,chimera_grid,1,align-off__nb16__mix0.25__warp-off,,canica,fuego,chimera,16,False,False,0.25,-40.0,False,6.0,42,0.614511,0.847642,0.875,0.0,0.075481,,,,,False,,False,,,,,,,2,22.93171,-37.214967,-26.633785,,,,,,,,,2.42653
canica_hecha_de_fuego,chimera_grid,1,align-off__nb16__mix0.25__warp-on,,canica,fuego,chimera,16,False,True,0.25,-40.0,False,6.0,42,0.579568,0.847642,0.875,0.0,0.056262,,,,,False,,False,signal_warp,73,37,39,0.565301,,2,22.646285,-37.117783,-26.187736,,,,,,,,,3.36702
canica_hecha_de_fuego,chimera_grid,1,align-off__nb16__mix0.50__warp-off,,canica,fuego,chimera,16,False,False,0.5,-40.0,False,6.0,42,0.605357,0.847642,0.875,0.0,0.070447,,,,,False,,False,,,,,,,2,24.71219,-38.95557,-27.644532,,,,,,,,,2.423456
canica_hecha_de_fuego,chimera_grid,1,align-off__nb16__mix0.50__warp-on,,canica,fuego,chimera,16,False,True,0.5,-40.0,False,6.0,42,0.575764,0.847642,0.875,0.0,0.05417,,,,,False,,False,signal_warp,73,37,39,0.565301,,2,24.863872,-39.153782,-27.693442,,,,,,,,,3.347524
canica_hecha_de_fuego,chimera_grid,1,align-off__nb16__mix0.75__warp-off,,canica,fuego,chimera,16,False,False,0.75,-40.0,False,6.0,42,0.595758,0.847642,0.866667,0.0,0.067667,,,,,False,,False,,,,,,,2,25.901024,-40.461254,-27.98673,,,,,,,,,2.437398
canica_hecha_de_fuego,chimera_grid,1,align-off__nb16__mix0.75__warp-on,,canica,fuego,chimera,16,False,True,0.75,-40.0,False,6.0,42,0.568471,0.847642,0.875,0.0,0.050159,,,,,False,,False,signal_warp,73,37,39,0.565301,,2,26.551693,-40.828876,-28.658656,,,,,,,,,2.483088
canica_hecha_de_fuego,chimera_grid,1,align-off__nb16__mix1.00__warp-off,,canica,fuego,chimera,16,False,False,1.0,-40.0,False,6.0,42,0.589751,0.847642,0.777778,0.0,0.09103,,,,,False,,False,,,,,,,2,27.017958,-42.203804,-28.426231,,,,,,,,,2.407056
canica_hecha_de_fuego,chimera_grid,1,align-off__nb16__mix1.00__warp-on,,canica,fuego,chimera,16,False,True,1.0,-40.0,False,6.0,42,0.558989,0.847642,0.888889,0.0,0.040777,,,,,False,,False,signal_warp,73,37,39,0.565301,,2,27.648149,-42.040108,-29.164232,,,,,,,,,3.387075
canica_hecha_de_fuego,chimera_grid,1,align-off__nb24__mix0.00__warp-off,,canica,fuego,chimera,24,False,False,0.0,-40.0,False,6.0,42,0.595165,0.847642,0.882353,0.0,0.062635,,,,,False,,False,,,,,,,5,22.10785,-37.194425,-26.1252,True,muestra8,escucha_AB/fusion_v12/canica_hecha_de_fuego/muestra8__align-off__nb24__mix0.00__warp-off.wav,0.536697,linear,False,0.0,,3.300453
canica_hecha_de_fuego,chimera_grid,1,align-off__nb24__mix0.00__warp-on,,canica,fuego,chimera,24,False,True,0.0,-40.0,False,6.0,42,0.598634,0.847642,0.875,0.0,0.066749,,,,,False,,False,signal_warp,73,37,39,0.565301,,5,22.235557,-37.451709,-26.243089,,,,,,,,,3.342141
canica_hecha_de_fuego,chimera_grid,1,align-off__nb24__mix0.25__warp-off,,canica,fuego,chimera,24,False,False,0.25,-40.0,False,6.0,42,0.593706,0.847642,0.882353,0.0,0.061833,,,,,False,,False,,,,,,,5,23.226611,-38.104187,-26.662976,,,,,,,,,3.274189
canica_hecha_de_fuego,chimera_grid,1,align-off__nb24__mix0.25__warp-on,,canica,fuego,chimera,24,False,True,0.25,-40.0,False,6.0,42,0.596215,0.847642,0.866667,0.0,0.067918,,,,,False,,False,signal_warp,73,37,39,0.565301,,5,24.03055,-39.039483,-27.336936,,,,,,,,,3.35142
canica_hecha_de_fuego,chimera_grid,1,align-off__nb24__mix0.50__warp-off,,canica,fuego,chimera,24,False,False,0.5,-40.0,False,6.0,42,0.588286,0.847642,1.0,0.0,0.023557,,,,,False,,False,,,,,,,5,23.861172,-38.749031,-26.513312,,,,,,,,,3.282305
canica_hecha_de_fuego,chimera_grid,1,align-off__nb24__mix0.50__warp-on,,canica,fuego,chimera,24,False,True,0.5,-40.0,False,6.0,42,0.589717,0.847642,0.866667,0.0,0.064344,,,,,False,,False,signal_warp,73,37,39,0.565301,,5,25.515554,-40.420075,-28.067844,,,,,,,,,4.241759
canica_hecha_de_fuego,chimera_grid,1,align-off__nb24__mix0.75__warp-off,,canica,fuego,chimera,24,False,False,0.75,-40.0,False,6.0,42,0.581024,0.847642,0.894737,0.0,0.051142,,,,,False,,False,,,,,,,5,25.097798,-40.281011,-26.975967,,,,,,,,,3.288422
canica_hecha_de_fuego,chimera_grid,1,align-off__nb24__mix0.75__warp-on,,canica,fuego,chimera,24,False,True,0.75,-40.0,False,6.0,42,0.579789,0.847642,0.866667,0.0,0.058884,,,,,False,,False,signal_warp,73,37,39,0.565301,,5,26.532546,-41.491621,-28.388396,,,,,,,,,4.263324
canica_hecha_de_fuego,chimera_grid,1,align-off__nb24__mix1.00__warp-off,,canica,fuego,chimera,24,False,False,1.0,-40.0,False,6.0,42,0.574106,0.847642,0.904762,0.0,0.04433,,,,,False,,False,,,,,,,5,26.637438,-42.373153,-27.928763,,,,,,,,,3.290219
canica_hecha_de_fuego,chimera_grid,1,align-off__nb24__mix1.00__warp-on,,canica,fuego,chimera,24,False,True,1.0,-40.0,False,6.0,42,0.567589,0.847642,0.857143,0.0,0.055031,,,,,False,,False,signal_warp,73,37,39,0.565301,,5,27.041812,-42.205761,-28.36601,,,,,,,,,3.44817
canica_hecha_de_fuego,chimera_grid,1,align-off__nb32__mix0.00__warp-off,,canica,fuego,chimera,32,False,False,0.0,-40.0,False,6.0,42,0.595126,0.847642,1.0,0.0,0.027319,,,,,False,,False,,,,,,,7,22.480505,-38.418104,-26.541748,,,,,,,,,4.288122
canica_hecha_de_fuego,chimera_grid,1,align-off__nb32__mix0.00__warp-on,,canica,fuego,chimera,32,False,True,0.0,-40.0,False,6.0,42,0.584249,0.847642,0.882353,0.0,0.056631,,,,,False,,False,signal_warp,73,37,39,0.565301,,7,21.437763,-37.216234,-25.522664,,,,,,,,,5.114375
canica_hecha_de_fuego,chimera_grid,1,align-off__nb32__mix0.25__warp-off,,canica,fuego,chimera,32,False,False,0.25,-40.0,False,6.0,42,0.602239,0.847642,1.0,0.0,0.031231,,,,,False,,False,,,,,,,7,24.712181,-40.411425,-28.206401,,,,,,,,,4.16005
canica_hecha_de_fuego,chimera_grid,1,align-off__nb32__mix0.25__warp-on,,canica,fuego,chimera,32,False,True,0.25,-40.0,False,6.0,42,0.591356,0.847642,0.875,0.0,0.062746,,,,,False,,False,signal_warp,73,37,39,0.565301,,7,23.634025,-39.093103,-26.996005,,,,,,,,,5.085229
canica_hecha_de_fuego,chimera_grid,1,align-off__nb32__mix0.50__warp-off,,canica,fuego,chimera,32,False,False,0.5,-40.0,False,6.0,42,0.600932,0.847642,1.0,0.0,0.030513,,,,,False,,False,,,,,,,7,26.311885,-41.928659,-28.998232,,,,,,,,,4.15589
canica_hecha_de_fuego,chimera_grid,1,align-off__nb32__mix0.50__warp-on,,canica,fuego,chimera,32,False,True,0.5,-40.0,False,6.0,42,0.591252,0.847642,0.875,0.0,0.062689,,,,,False,,False,signal_warp,73,37,39,0.565301,,7,25.494405,-40.695019,-28.090077,,,,,,,,,4.214375
canica_hecha_de_fuego,chimera_grid,1,align-off__nb32__mix0.75__warp-off,,canica,fuego,chimera,32,False,False,0.75,-40.0,False,6.0,42,0.59306,0.847642,1.0,0.0,0.026183,,,,,False,,False,,,,,,,7,27.143256,-42.949391,-29.025917,,,,,,,,,4.152253
canica_hecha_de_fuego,chimera_grid,1,align-off__nb32__mix0.75__warp-on,,canica,fuego,chimera,32,False,True,0.75,-40.0,False,6.0,42,0.583763,0.847642,0.875,0.0,0.05857,,,,,False,,False,signal_warp,73,37,39,0.565301,,7,26.828478,-41.916785,-28.724183,,,,,,,,,4.209237
canica_hecha_de_fuego,chimera_grid,1,align-off__nb32__mix1.00__warp-off,,canica,fuego,chimera,32,False,False,1.0,-40.0,False,6.0,42,0.582729,0.847642,1.0,0.0,0.020501,,,,,False,,False,,,,,,,7,27.227931,-43.50783,-28.508492,,,,,,,,,4.113166
canica_hecha_de_fuego,chimera_grid,1,align-off__nb32__mix1.00__warp-on,,canica,fuego,chimera,32,False,True,1.0,-40.0,False,6.0,42,0.570931,0.847642,0.882353,0.0,0.049306,,,,,False,,False,signal_warp,73,37,39,0.565301,,7,27.620465,-42.756651,-28.984818,,,,,,,,,5.088445
canica_hecha_de_fuego,chimera_grid,1,align-on__nb2__mix0.00__warp-off,,canica,fuego,chimera,2,True,False,0.0,-40.0,False,6.0,42,0.61543,0.850496,0.388393,0.0,0.221969,1234.948779,1261.253843,26.305064,1252.795944,False,canica,False,,,,,,,0,15.345636,-25.624062,-24.009799,,,,,,,,,6.607445
canica_hecha_de_fuego,chimera_grid,1,align-on__nb2__mix0.00__warp-on,,canica,fuego,chimera,2,True,True,0.0,-40.0,False,6.0,42,0.515109,0.850496,0.5,0.0,0.13331,1234.948779,1261.253843,26.305064,1252.795944,False,canica,False,signal_warp,68,37,39,1.048171,,0,15.631592,-26.207705,-23.504302,,,,,,,,,1.872599
canica_hecha_de_fuego,chimera_grid,1,align-on__nb2__mix0.25__warp-off,,canica,fuego,chimera,2,True,False,0.25,-40.0,False,6.0,42,0.615102,0.850496,0.370044,0.0,0.227293,1234.948779,1261.253843,26.305064,1252.795944,False,canica,False,,,,,,,0,15.32411,-25.761471,-23.936488,,,,,,,,,1.838481
canica_hecha_de_fuego,chimera_grid,1,align-on__nb2__mix0.25__warp-on,,canica,fuego,chimera,2,True,True,0.25,-40.0,False,6.0,42,0.514696,0.850496,0.502304,0.0,0.132392,1234.948779,1261.253843,26.305064,1252.795944,False,canica,False,signal_warp,68,37,39,1.048171,,0,15.640179,-26.263514,-23.496777,,,,,,,,,1.955365
canica_hecha_de_fuego,chimera_grid,1,align-on__nb2__mix0.50__warp-off,,canica,fuego,chimera,2,True,False,0.5,-40.0,False,6.0,42,0.614797,0.850496,0.363636,0.0,0.229048,1234.948779,1261.253843,26.305064,1252.795944,False,canica,False,,,,,,,0,15.301765,-25.895705,-23.865058,,,,,,,,,1.853849
canica_hecha_de_fuego,chimera_grid,1,align-on__nb2__mix0.50__warp-on,,canica,fuego,chimera,2,True,True,0.5,-40.0,False,6.0,42,0.514287,0.850496,0.5,0.0,0.132858,1234.948779,1261.253843,26.305064,1252.795944,False,canica,False,signal_warp,68,37,39,1.048171,,0,15.648578,-26.318939,-23.489317,,,,,,,,,1.866127
canica_hecha_de_fuego,chimera_grid,1,align-on__nb2__mix0.75__warp-off,,canica,fuego,chimera,2,True,False,0.75,-40.0,False,6.0,42,0.614514,0.850496,0.351695,0.0,0.232474,1234.948779,1261.253843,26.305064,1252.795944,False,canica,False,,,,,,,0,15.278693,-26.026602,-23.795485,,,,,,,,,1.803421
canica_hecha_de_fuego,chimera_grid,1,align-on__nb2__mix0.75__warp-on,,canica,fuego,chimera,2,True,True,0.75,-40.0,False,6.0,42,0.513881,0.850496,0.502304,0.0,0.131943,1234.948779,1261.253843,26.305064,1252.795944,False,canica,False,signal_warp,68,37,39,1.048171,,0,15.656792,-26.373977,-23.481921,,,,,,,,,1.856767
canica_hecha_de_fuego,chimera_grid,1,align-on__nb2__mix1.00__warp-off,,canica,fuego,chimera,2,True,False,1.0,-40.0,False,6.0,42,0.614242,0.850496,0.348739,0.0,0.233211,1234.948779,1261.253843,26.305064,1252.795944,False,canica,False,,,,,,,0,15.254986,-26.15401,-23.727745,,,,,,,,,1.806632
canica_hecha_de_fuego,chimera_grid,1,align-on__nb2__mix1.00__warp-on,,canica,fuego,chimera,2,True,True,1.0,-40.0,False,6.0,42,0.513477,0.850496,0.502304,0.0,0.131721,1234.948779,1261.253843,26.305064,1252.795944,False,canica,False,signal_warp,68,37,39,1.048171,,0,15.664823,-26.428622,-23.474589,,,,,,,,,1.871984
canica_hecha_de_fuego,chimera_grid,1,align-on__nb4__mix0.00__warp-off,,canica,fuego,chimera,4,True,False,0.0,-40.0,False,6.0,42,0.628487,0.850496,0.306931,0.0,0.253589,1234.948779,1261.253843,26.305064,1252.795944,False,canica,False,,,,,,,0,14.805498,-25.956931,-22.487325,,,,,,,,,2.010186
canica_hecha_de_fuego,chimera_grid,1,align-on__nb4__mix0.00__warp-on,,canica,fuego,chimera,4,True,True,0.0,-40.0,False,6.0,42,0.527243,0.850496,0.336323,0.0,0.189087,1234.948779,1261.253843,26.305064,1252.795944,False,canica,False,signal_warp,68,37,39,1.048171,,0,16.419864,-27.760282,-23.463177,,,,,,,,,2.083942
canica_hecha_de_fuego,chimera_grid,1,align-on__nb4__mix0.25__warp-off,,canica,fuego,chimera,4,True,False,0.25,-40.0,False,6.0,42,0.613661,0.850496,0.433962,0.0,0.207325,1234.948779,1261.253843,26.305064,1252.795944,False,canica,False,,,,,,,0,15.594044,-26.763253,-22.247197,,,,,,,,,2.01836
canica_hecha_de_fuego,chimera_grid,1,align-on__nb4__mix0.25__warp-on,,canica,fuego,chimera,4,True,True,0.25,-40.0,False,6.0,42,0.523162,0.850496,0.407035,0.0,0.165629,1234.948779,1261.253843,26.305064,1252.795944,False,canica,False,signal_warp,68,37,39,1.048171,,0,16.264209,-27.591432,-22.593704,True,muestra2,escucha_AB/fusion_v12/canica_hecha_de_fuego/muestra2__align-on__nb4__mix0.25__warp-on.wav,0.273871,linear,False,0.0,,2.087749
canica_hecha_de_fuego,chimera_grid,1,align-on__nb4__mix0.50__warp-off,,canica,fuego,chimera,4,True,False,0.5,-40.0,False,6.0,42,0.595177,0.850496,0.578512,0.0,0.153794,1234.948779,1261.253843,26.305064,1252.795944,False,canica,False,,,,,,,0,16.731488,-27.973173,-22.212999,,,,,,,,,2.01575
canica_hecha_de_fuego,chimera_grid,1,align-on__nb4__mix0.50__warp-on,,canica,fuego,chimera,4,True,True,0.5,-40.0,False,6.0,42,0.51586,0.850496,0.502994,0.0,0.132825,1234.948779,1261.253843,26.305064,1252.795944,False,canica,False,signal_warp,68,37,39,1.048171,,0,16.950344,-28.247397,-22.459773,,,,,,,,,2.093686
canica_hecha_de_fuego,chimera_grid,1,align-on__nb4__mix0.75__warp-off,,canica,fuego,chimera,4,True,False,0.75,-40.0,False,6.0,42,0.574738,0.850496,0.7,0.0,0.106106,1234.948779,1261.253843,26.305064,1252.795944,False,canica,False,,,,,,,0,17.726705,-29.084771,-22.045741,,,,,,,,,2.022161
canica_hecha_de_fuego,chimera_grid,1,align-on__nb4__mix0.75__warp-on,,canica,fuego,chimera,4,True,True,0.75,-40.0,False,6.0,42,0.506126,0.850496,0.650485,0.0,0.083224,1234.948779,1261.253843,26.305064,1252.795944,False,canica,False,signal_warp,68,37,39,1.048171,,0,17.572819,-28.777333,-22.226357,,,,,,,,,2.104758
canica_hecha_de_fuego,chimera_grid,1,align-on__nb4__mix1.00__warp-off,,canica,fuego,chimera,4,True,False,1.0,-40.0,False,6.0,42,0.554821,0.850496,0.684211,0.0,0.099889,1234.948779,1261.253843,26.305064,1252.795944,False,canica,False,,,,,,,0,18.587083,-30.064441,-21.900444,,,,,,,,,2.018892
canica_hecha_de_fuego,chimera_grid,1,align-on__nb4__mix1.00__warp-on,,canica,fuego,chimera,4,True,True,1.0,-40.0,False,6.0,42,0.494961,0.850496,0.653846,0.0,0.076075,1234.948779,1261.253843,26.305064,1252.795944,False,canica,False,signal_warp,68,37,39,1.048171,,0,18.079827,-29.06894,-21.927186,,,,,,,,,2.097276
canica_hecha_de_fuego,chimera_grid,1,align-on__nb6__mix0.00__warp-off,,canica,fuego,chimera,6,True,False,0.0,-40.0,False,6.0,42,0.60153,0.850496,0.378378,0.0,0.217328,1234.948779,1261.253843,26.305064,1252.795944,False,canica,False,,,,,,,0,16.485764,-30.176005,-22.140271,,,,,,,,,2.224149
canica_hecha_de_fuego,chimera_grid,1,align-on__nb6__mix0.00__warp-on,,canica,fuego,chimera,6,True,True,0.0,-40.0,False,6.0,42,0.550351,0.850496,0.430168,0.0,0.173643,1234.948779,1261.253843,26.305064,1252.795944,False,canica,False,signal_warp,68,37,39,1.048171,,0,16.972297,-30.68318,-22.460889,,,,,,,,,2.295883
canica_hecha_de_fuego,chimera_grid,1,align-on__nb6__mix0.25__warp-off,,canica,fuego,chimera,6,True,False,0.25,-40.0,False,6.0,42,0.589987,0.850496,0.823529,0.0,0.077434,1234.948779,1261.253843,26.305064,1252.795944,False,canica,False,,,,,,,0,19.36227,-32.892321,-24.43401,,,,,,,,,2.218081
canica_hecha_de_fuego,chimera_grid,1,align-on__nb6__mix0.25__warp-on,,canica,fuego,chimera,6,True,True,0.25,-40.0,False,6.0,42,0.540769,0.850496,0.762376,0.0,0.06871,1234.948779,1261.253843,26.305064,1252.795944,False,canica,False,signal_warp,68,37,39,1.048171,,0,19.477359,-32.955517,-24.414479,,,,,,,,,2.303107
canica_hecha_de_fuego,chimera_grid,1,align-on__nb6__mix0.50__warp-off,,canica,fuego,chimera,6,True,False,0.5,-40.0,False,6.0,42,0.575915,0.850496,0.906977,0.0,0.04466,1234.948779,1261.253843,26.305064,1252.795944,False,canica,False,,,,,,,0,22.192218,-35.56372,-26.385187,,,,,,,,,2.220954
canica_hecha_de_fuego,chimera_grid,1,align-on__nb6__mix0.50__warp-on,,canica,fuego,chimera,6,True,True,0.5,-40.0,False,6.0,42,0.528687,0.850496,0.918367,0.0,0.015267,1234.948779,1261.253843,26.305064,1252.795944,False,canica,False,signal_warp,68,37,39,1.048171,,0,21.969381,-35.130615,-26.163225,,,,,,,,,2.29371
canica_hecha_de_fuego,chimera_grid,1,align-on__nb6__mix0.75__warp-off,,canica,fuego,chimera,6,True,False,0.75,-40.0,False,6.0,42,0.564732,0.850496,0.842105,0.0,0.057971,1234.948779,1261.253843,26.305064,1252.795944,False,canica,False,,,,,,,0,24.655919,-38.027162,-27.75022,,,,,,,,,2.244905
canica_hecha_de_fuego,chimera_grid,1,align-on__nb6__mix0.75__warp-on,,canica,fuego,chimera,6,True,True,0.75,-40.0,False,6.0,42,0.515454,0.850496,0.9,0.0,0.0135,1234.948779,1261.253843,26.305064,1252.795944,False,canica,False,signal_warp,68,37,39,1.048171,,0,24.224689,-37.060843,-27.514189,,,,,,,,,2.29432
canica_hecha_de_fuego,chimera_grid,1,align-on__nb6__mix1.00__warp-off,,canica,fuego,chimera,6,True,False,1.0,-40.0,False,6.0,42,0.56412,0.850496,0.69697,0.0,0.101175,1234.948779,1261.253843,26.305064,1252.795944,False,canica,False,,,,,,,0,26.524325,-40.238615,-28.585503,,,,,,,,,2.209161
canica_hecha_de_fuego,chimera_grid,1,align-on__nb6__mix1.00__warp-on,,canica,fuego,chimera,6,True,True,1.0,-40.0,False,6.0,42,0.504107,0.850496,0.783784,0.0,0.042124,1234.948779,1261.253843,26.305064,1252.795944,False,canica,False,signal_warp,68,37,39,1.048171,,0,26.015346,-38.655607,-28.397665,,,,,,,,,2.293002
canica_hecha_de_fuego,chimera_grid,1,align-on__nb8__mix0.00__warp-off,,canica,fuego,chimera,8,True,False,0.0,-40.0,False,6.0,42,0.612924,0.850496,0.708738,0.0,0.124487,1234.948779,1261.253843,26.305064,1252.795944,False,canica,False,,,,,,,1,17.267414,-32.705463,-23.198823,,,,,,,,,2.446103
canica_hecha_de_fuego,chimera_grid,1,align-on__nb8__mix0.00__warp-on,,canica,fuego,chimera,8,True,True,0.0,-40.0,False,6.0,42,0.576579,0.850496,0.698113,0.0,0.107685,1234.948779,1261.253843,26.305064,1252.795944,False,canica,False,signal_warp,68,37,39,1.048171,,1,18.371127,-33.684889,-24.168687,,,,,,,,,2.528988
canica_hecha_de_fuego,chimera_grid,1,align-on__nb8__mix0.25__warp-off,,canica,fuego,chimera,8,True,False,0.25,-40.0,False,6.0,42,0.598369,0.850496,0.787234,0.0,0.092933,1234.948779,1261.253843,26.305064,1252.795944,False,canica,False,,,,,,,1,20.421338,-35.439758,-25.346486,,,,,,,,,2.461725
canica_hecha_de_fuego,chimera_grid,1,align-on__nb8__mix0.25__warp-on,,canica,fuego,chimera,8,True,True,0.25,-40.0,False,6.0,42,0.565172,0.850496,0.909091,0.0,0.038117,1234.948779,1261.253843,26.305064,1252.795944,False,canica,False,signal_warp,68,37,39,1.048171,,1,20.092402,-35.010366,-24.964063,,,,,,,,,2.51163
canica_hecha_de_fuego,chimera_grid,1,align-on__nb8__mix0.50__warp-off,,canica,fuego,chimera,8,True,False,0.5,-40.0,False,6.0,42,0.583089,0.850496,0.75,0.0,0.095699,1234.948779,1261.253843,26.305064,1252.795944,False,canica,False,,,,,,,1,23.216456,-37.896477,-26.916047,,,,,,,,,2.422246
canica_hecha_de_fuego,chimera_grid,1,align-on__nb8__mix0.50__warp-on,,canica,fuego,chimera,8,True,True,0.5,-40.0,False,6.0,42,0.550913,0.850496,0.942857,0.0,0.020145,1234.948779,1261.253843,26.305064,1252.795944,False,canica,False,signal_warp,68,37,39,1.048171,,1,22.685753,-37.176984,-26.486336,,,,,,,,,2.54417
canica_hecha_de_fuego,chimera_grid,1,align-on__nb8__mix0.75__warp-off,,canica,fuego,chimera,8,True,False,0.75,-40.0,False,6.0,42,0.570226,0.850496,0.783784,0.0,0.078489,1234.948779,1261.253843,26.305064,1252.795944,False,canica,False,,,,,,,1,25.440137,-39.99593,-27.975153,,,,,,,,,2.431081
canica_hecha_de_fuego,chimera_grid,1,align-on__nb8__mix0.75__warp-on,,canica,fuego,chimera,8,True,True,0.75,-40.0,False,6.0,42,0.534914,0.850496,1.0,0.0,-0.005797,1234.948779,1261.253843,26.305064,1252.795944,False,canica,False,signal_warp,68,37,39,1.048171,,1,24.972603,-39.117701,-27.711739,,,,,,,,,2.507497
canica_hecha_de_fuego,chimera_grid,1,align-on__nb8__mix1.00__warp-off,,canica,fuego,chimera,8,True,False,1.0,-40.0,False,6.0,42,0.563466,0.850496,0.8,0.0,0.069906,1234.948779,1261.253843,26.305064,1252.795944,False,canica,False,,,,,,,1,26.999308,-41.708587,-28.663177,,,,,,,,,2.434595
canica_hecha_de_fuego,chimera_grid,1,align-on__nb8__mix1.00__warp-on,,canica,fuego,chimera,8,True,True,1.0,-40.0,False,6.0,42,0.519785,0.850496,1.0,0.0,-0.014118,1234.948779,1261.253843,26.305064,1252.795944,False,canica,False,signal_warp,68,37,39,1.048171,,1,26.656275,-40.638515,-28.530464,,,,,,,,,2.508185
canica_hecha_de_fuego,chimera_grid,1,align-on__nb12__mix0.00__warp-off,,canica,fuego,chimera,12,True,False,0.0,-40.0,False,6.0,42,0.611357,0.850496,0.650602,0.0,0.141066,1234.948779,1261.253843,26.305064,1252.795944,False,canica,False,,,,,,,2,17.540863,-34.475154,-22.747889,,,,,,,,,2.855756
canica_hecha_de_fuego,chimera_grid,1,align-on__nb12__mix0.00__warp-on,,canica,fuego,chimera,12,True,True,0.0,-40.0,False,6.0,42,0.593606,0.850496,0.605042,0.0,0.144971,1234.948779,1261.253843,26.305064,1252.795944,False,canica,False,signal_warp,68,37,39,1.048171,,2,17.273864,-34.013311,-22.385795,,,,,,,,,2.935366
canica_hecha_de_fuego,chimera_grid,1,align-on__nb12__mix0.25__warp-off,,canica,fuego,chimera,12,True,False,0.25,-40.0,False,6.0,42,0.596771,0.850496,0.913043,0.0,0.054311,1234.948779,1261.253843,26.305064,1252.795944,False,canica,False,,,,,,,2,20.309926,-36.544593,-24.874015,,,,,,,,,2.868265
canica_hecha_de_fuego,chimera_grid,1,align-on__nb12__mix0.25__warp-on,,canica,fuego,chimera,12,True,True,0.25,-40.0,False,6.0,42,0.582498,0.850496,0.660377,0.0,0.122261,1234.948779,1261.253843,26.305064,1252.795944,False,canica,False,signal_warp,68,37,39,1.048171,,2,19.579934,-35.607087,-23.943358,,,,,,,,,2.924575
canica_hecha_de_fuego,chimera_grid,1,align-on__nb12__mix0.50__warp-off,,canica,fuego,chimera,12,True,False,0.5,-40.0,False,6.0,42,0.579631,0.850496,0.948718,0.0,0.034181,1234.948779,1261.253843,26.305064,1252.795944,False,canica,False,,,,,,,2,22.6717,-38.367165,-26.206129,,,,,,,,,2.867108
canica_hecha_de_fuego,chimera_grid,1,align-on__nb12__mix0.50__warp-on,,canica,fuego,chimera,12,True,True,0.5,-40.0,False,6.0,42,0.566964,0.850496,0.809524,0.0,0.068973,1234.948779,1261.253843,26.305064,1252.795944,False,canica,False,signal_warp,68,37,39,1.048171,,2,21.845716,-37.175518,-25.278825,,,,,,,,,2.939802
canica_hecha_de_fuego,chimera_grid,1,align-on__nb12__mix0.75__warp-off,,canica,fuego,chimera,12,True,False,0.75,-40.0,False,6.0,42,0.564031,0.850496,0.904762,0.0,0.038789,1234.948779,1261.253843,26.305064,1252.795944,False,canica,False,,,,,,,2,24.858091,-40.318458,-27.285041,True,muestra5,escucha_AB/fusion_v12/canica_hecha_de_fuego/muestra5__align-on__nb12__mix0.75__warp-off.wav,0.736616,linear,False,0.0,,2.846659
canica_hecha_de_fuego,chimera_grid,1,align-on__nb12__mix0.75__warp-on,,canica,fuego,chimera,12,True,True,0.75,-40.0,False,6.0,42,0.549538,0.850496,0.857143,0.0,0.045103,1234.948779,1261.253843,26.305064,1252.795944,False,canica,False,signal_warp,68,37,39,1.048171,,2,23.93304,-38.721416,-26.404994,,,,,,,,,2.914896
canica_hecha_de_fuego,chimera_grid,1,align-on__nb12__mix1.00__warp-off,,canica,fuego,chimera,12,True,False,1.0,-40.0,False,6.0,42,0.555649,0.850496,1.0,0.0,0.005607,1234.948779,1261.253843,26.305064,1252.795944,False,canica,False,,,,,,,2,26.429156,-42.008315,-27.993193,,,,,,,,,2.858361
canica_hecha_de_fuego,chimera_grid,1,align-on__nb12__mix1.00__warp-on,,canica,fuego,chimera,12,True,True,1.0,-40.0,False,6.0,42,0.532955,0.850496,0.804878,0.0,0.051662,1234.948779,1261.253843,26.305064,1252.795944,False,canica,False,signal_warp,68,37,39,1.048171,,2,25.409784,-39.902876,-27.098451,,,,,,,,,2.929751
canica_hecha_de_fuego,chimera_grid,1,align-on__nb16__mix0.00__warp-off,,canica,fuego,chimera,16,True,False,0.0,-40.0,False,6.0,42,0.616821,0.850496,0.76,0.0,0.111252,1234.948779,1261.253843,26.305064,1252.795944,False,canica,False,,,,,,,3,17.973874,-35.221992,-22.723665,,,,,,,,,3.313866
canica_hecha_de_fuego,chimera_grid,1,align-on__nb16__mix0.00__warp-on,,canica,fuego,chimera,16,True,True,0.0,-40.0,False,6.0,42,0.602964,0.850496,0.725806,0.0,0.113888,1234.948779,1261.253843,26.305064,1252.795944,False,canica,False,signal_warp,68,37,39,1.048171,,3,18.172884,-35.319314,-22.862236,,,,,,,,,3.323442
canica_hecha_de_fuego,chimera_grid,1,align-on__nb16__mix0.25__warp-off,,canica,fuego,chimera,16,True,False,0.25,-40.0,False,6.0,42,0.602272,0.850496,0.777778,0.0,0.097916,1234.948779,1261.253843,26.305064,1252.795944,False,canica,False,,,,,,,3,20.661308,-37.339139,-24.790185,,,,,,,,,3.295218
canica_hecha_de_fuego,chimera_grid,1,align-on__nb16__mix0.25__warp-on,,canica,fuego,chimera,16,True,True,0.25,-40.0,False,6.0,42,0.594703,0.850496,0.828571,0.0,0.078515,1234.948779,1261.253843,26.305064,1252.795944,False,canica,False,signal_warp,68,37,39,1.048171,,3,21.218135,-37.83763,-25.154952,,,,,,,,,3.355297
canica_hecha_de_fuego,chimera_grid,1,align-on__nb16__mix0.50__warp-off,,canica,fuego,chimera,16,True,False,0.5,-40.0,False,6.0,42,0.583891,0.850496,0.777778,0.0,0.087807,1234.948779,1261.253843,26.305064,1252.795944,False,canica,False,,,,,,,3,22.873312,-39.133851,-26.019025,,,,,,,,,3.30994
canica_hecha_de_fuego,chimera_grid,1,align-on__nb16__mix0.50__warp-on,,canica,fuego,chimera,16,True,True,0.5,-40.0,False,6.0,42,0.582959,0.850496,0.846154,0.0,0.066781,1234.948779,1261.253843,26.305064,1252.795944,False,canica,False,signal_warp,68,37,39,1.048171,,3,23.836514,-39.963931,-26.856819,,,,,,,,,3.377522
canica_hecha_de_fuego,chimera_grid,1,align-on__nb16__mix0.75__warp-off,,canica,fuego,chimera,16,True,False,0.75,-40.0,False,6.0,42,0.565211,0.850496,0.885714,0.0,0.045152,1234.948779,1261.253843,26.305064,1252.795944,False,canica,False,,,,,,,3,24.868342,-40.966503,-27.000042,,,,,,,,,3.300616
canica_hecha_de_fuego,chimera_grid,1,align-on__nb16__mix0.75__warp-on,,canica,fuego,chimera,16,True,True,0.75,-40.0,False,6.0,42,0.569912,0.850496,0.853659,0.0,0.057354,1234.948779,1261.253843,26.305064,1252.795944,False,canica,False,signal_warp,68,37,39,1.048171,,3,25.828972,-41.588427,-27.952486,,,,,,,,,3.351002
canica_hecha_de_fuego,chimera_grid,1,align-on__nb16__mix1.00__warp-off,,canica,fuego,chimera,16,True,False,1.0,-40.0,False,6.0,42,0.550034,0.850496,0.897436,0.0,0.033288,1234.948779,1261.253843,26.305064,1252.795944,False,canica,False,,,,,,,3,26.25997,-42.448218,-27.643444,,,,,,,,,3.286912
canica_hecha_de_fuego,chimera_grid,1,align-on__nb16__mix1.00__warp-on,,canica,fuego,chimera,16,True,True,1.0,-40.0,False,6.0,42,0.558153,0.850496,0.804878,0.0,0.065521,1234.948779,1261.253843,26.305064,1252.795944,False,canica,False,signal_warp,68,37,39,1.048171,,3,27.128586,-42.680171,-28.569293,,,,,,,,,3.340996
canica_hecha_de_fuego,chimera_grid,1,align-on__nb24__mix0.00__warp-off,,canica,fuego,chimera,24,True,False,0.0,-40.0,False,6.0,42,0.60062,0.850496,0.7625,0.0,0.101591,1234.948779,1261.253843,26.305064,1252.795944,False,canica,False,,,,,,,7,18.341551,-35.665688,-23.056822,,,,,,,,,4.16477
canica_hecha_de_fuego,chimera_grid,1,align-on__nb24__mix0.00__warp-on,,canica,fuego,chimera,24,True,True,0.0,-40.0,False,6.0,42,0.583916,0.850496,0.840909,0.0,0.068881,1234.948779,1261.253843,26.305064,1252.795944,False,canica,False,signal_warp,68,37,39,1.048171,,7,18.125968,-35.399294,-22.847163,,,,,,,,,4.204292
canica_hecha_de_fuego,chimera_grid,1,align-on__nb24__mix0.25__warp-off,,canica,fuego,chimera,24,True,False,0.25,-40.0,False,6.0,42,0.590204,0.850496,0.914894,0.0,0.050144,1234.948779,1261.253843,26.305064,1252.795944,False,canica,False,,,,,,,7,21.712286,-38.708032,-25.704614,,,,,,,,,4.148409
canica_hecha_de_fuego,chimera_grid,1,align-on__nb24__mix0.25__warp-on,,canica,fuego,chimera,24,True,True,0.25,-40.0,False,6.0,42,0.574906,0.850496,0.823529,0.0,0.069139,1234.948779,1261.253843,26.305064,1252.795944,False,canica,False,signal_warp,68,37,39,1.048171,,7,20.692035,-37.627632,-24.568855,,,,,,,,,4.18672
canica_hecha_de_fuego,chimera_grid,1,align-on__nb24__mix0.50__warp-off,,canica,fuego,chimera,24,True,False,0.5,-40.0,False,6.0,42,0.57624,0.850496,0.857143,0.0,0.059789,1234.948779,1261.253843,26.305064,1252.795944,False,canica,False,,,,,,,7,24.690651,-41.377953,-27.671436,,,,,,,,,4.133639
canica_hecha_de_fuego,chimera_grid,1,align-on__nb24__mix0.50__warp-on,,canica,fuego,chimera,24,True,True,0.5,-40.0,False,6.0,42,0.56257,0.850496,0.8,0.0,0.069413,1234.948779,1261.253843,26.305064,1252.795944,False,canica,False,signal_warp,68,37,39,1.048171,,7,23.362744,-39.838643,-26.297373,,,,,,,,,4.220552
canica_hecha_de_fuego,chimera_grid,1,align-on__nb24__mix0.75__warp-off,,canica,fuego,chimera,24,True,False,0.75,-40.0,False,6.0,42,0.562027,0.850496,0.809524,0.0,0.066258,1234.948779,1261.253843,26.305064,1252.795944,False,canica,False,,,,,,,7,26.906563,-43.444927,-28.908632,,,,,,,,,4.161499
canica_hecha_de_fuego,chimera_grid,1,align-on__nb24__mix0.75__warp-on,,canica,fuego,chimera,24,True,True,0.75,-40.0,False,6.0,42,0.549069,0.850496,0.842105,0.0,0.049356,1234.948779,1261.253843,26.305064,1252.795944,False,canica,False,signal_warp,68,37,39,1.048171,,7,25.53516,-41.565131,-27.593343,,,,,,,,,4.199127
canica_hecha_de_fuego,chimera_grid,1,align-on__nb24__mix1.00__warp-off,,canica,fuego,chimera,24,True,False,1.0,-40.0,False,6.0,42,0.550727,0.850496,0.837838,0.0,0.051549,1234.948779,1261.253843,26.305064,1252.795944,False,canica,False,,,,,,,7,28.3025,-44.918209,-29.612827,,,,,,,,,4.149089
canica_hecha_de_fuego,chimera_grid,1,align-on__nb24__mix1.00__warp-on,,canica,fuego,chimera,24,True,True,1.0,-40.0,False,6.0,42,0.536534,0.850496,0.789474,0.0,0.058251,1234.948779,1261.253843,26.305064,1252.795944,False,canica,False,signal_warp,68,37,39,1.048171,,7,27.027042,-42.759958,-28.436224,,,,,,,,,4.221498
canica_hecha_de_fuego,chimera_grid,1,align-on__nb32__mix0.00__warp-off,,canica,fuego,chimera,32,True,False,0.0,-40.0,False,6.0,42,0.588691,0.850496,0.878788,0.0,0.060144,1234.948779,1261.253843,26.305064,1252.795944,False,canica,False,,,,,,,10,19.16131,-37.150722,-23.779038,,,,,,,,,4.99112
canica_hecha_de_fuego,chimera_grid,1,align-on__nb32__mix0.00__warp-on,,canica,fuego,chimera,32,True,True,0.0,-40.0,False,6.0,42,0.58552,0.850496,0.811321,0.0,0.07864,1234.948779,1261.253843,26.305064,1252.795944,False,canica,False,signal_warp,68,37,39,1.048171,,10,17.868891,-35.918269,-22.4986,,,,,,,,,5.103947
canica_hecha_de_fuego,chimera_grid,1,align-on__nb32__mix0.25__warp-off,,canica,fuego,chimera,32,True,False,0.25,-40.0,False,6.0,42,0.583271,0.850496,0.882353,0.0,0.056093,1234.948779,1261.253843,26.305064,1252.795944,False,canica,False,,,,,,,10,22.287035,-39.937648,-26.203441,,,,,,,,,5.008561
canica_hecha_de_fuego,chimera_grid,1,align-on__nb32__mix0.25__warp-on,,canica,fuego,chimera,32,True,True,0.25,-40.0,False,6.0,42,0.578887,0.850496,0.8,0.0,0.078388,1234.948779,1261.253843,26.305064,1252.795944,False,canica,False,signal_warp,68,37,39,1.048171,,10,19.833826,-37.412753,-23.573596,,,,,,,,,5.047927
canica_hecha_de_fuego,chimera_grid,1,align-on__nb32__mix0.50__warp-off,,canica,fuego,chimera,32,True,False,0.5,-40.0,False,6.0,42,0.572308,0.850496,0.813953,0.0,0.070583,1234.948779,1261.253843,26.305064,1252.795944,False,canica,False,,,,,,,10,25.037471,-42.25203,-27.98724,,,,,,,,,5.008302
canica_hecha_de_fuego,chimera_grid,1,align-on__nb32__mix0.50__warp-on,,canica,fuego,chimera,32,True,True,0.5,-40.0,False,6.0,42,0.566073,0.850496,0.809524,0.0,0.068483,1234.948779,1261.253843,26.305064,1252.795944,False,canica,False,signal_warp,68,37,39,1.048171,,10,22.720696,-39.689677,-25.516673,,,,,,,,,5.054886
canica_hecha_de_fuego,chimera_grid,1,align-on__nb32__mix0.75__warp-off,,canica,fuego,chimera,32,True,False,0.75,-40.0,False,6.0,42,0.558178,0.850496,0.85,0.0,0.051998,1234.948779,1261.253843,26.305064,1252.795944,False,canica,False,,,,,,,10,27.019147,-43.890112,-29.026008,,,,,,,,,4.967564
canica_hecha_de_fuego,chimera_grid,1,align-on__nb32__mix0.75__warp-on,,canica,fuego,chimera,32,True,True,0.75,-40.0,False,6.0,42,0.54876,0.850496,0.860465,0.0,0.043679,1234.948779,1261.253843,26.305064,1252.795944,False,canica,False,signal_warp,68,37,39,1.048171,,10,24.8489,-41.242631,-26.802573,,,,,,,,,5.07952
canica_hecha_de_fuego,chimera_grid,1,align-on__nb32__mix1.00__warp-off,,canica,fuego,chimera,32,True,False,1.0,-40.0,False,6.0,42,0.544444,0.850496,0.894737,0.0,0.031023,1234.948779,1261.253843,26.305064,1252.795944,False,canica,False,,,,,,,10,28.194358,-44.989794,-29.512069,,,,,,,,,5.008238
canica_hecha_de_fuego,chimera_grid,1,align-on__nb32__mix1.00__warp-on,,canica,fuego,chimera,32,True,True,1.0,-40.0,False,6.0,42,0.529644,0.850496,0.863636,0.0,0.032213,1234.948779,1261.253843,26.305064,1252.795944,False,canica,False,signal_warp,68,37,39,1.048171,,10,26.233889,-42.238793,-27.578725,,,,,,,,,5.067931
canica_hecha_de_fuego,chimera_plana,1,plana__align-off__nb2__warp-off,,canica,fuego,chimera_plana,2,False,False,,-40.0,False,6.0,42,0.614405,0.850496,0.272401,0.0,0.256202,,,,,False,,False,,,,,,color_mix;a_floor_db,0,14.70327,-30.855123,-29.006042,,,,,,,,,0.918515
canica_hecha_de_fuego,chimera_plana,1,plana__align-off__nb4__warp-off,,canica,fuego,chimera_plana,4,False,False,,-40.0,False,6.0,42,0.61923,0.850496,0.316176,0.0,0.245723,,,,,False,,False,,,,,,color_mix;a_floor_db,0,15.336123,-31.561493,-28.057067,,,,,,,,,1.129136
canica_hecha_de_fuego,chimera_plana,1,plana__align-off__nb6__warp-off,,canica,fuego,chimera_plana,6,False,False,,-40.0,False,6.0,42,0.605523,0.850496,0.411552,0.0,0.209572,,,,,False,,False,,,,,,color_mix;a_floor_db,0,15.171795,-33.801292,-25.862597,True,muestra3,escucha_AB/fusion_v12/canica_hecha_de_fuego/muestra3__plana__align-off__nb6__warp-off.wav,0.431807,linear,False,0.0,,1.347889
canica_hecha_de_fuego,chimera_plana,1,plana__align-off__nb8__warp-off,,canica,fuego,chimera_plana,8,False,False,,-40.0,False,6.0,42,0.626154,0.850496,0.521531,0.0,0.187926,,,,,False,,False,,,,,,color_mix;a_floor_db,1,14.968671,-36.258813,-26.097311,,,,,,,,,1.551314
canica_hecha_de_fuego,chimera_plana,1,plana__align-off__nb12__warp-off,,canica,fuego,chimera_plana,12,False,False,,-40.0,False,6.0,42,0.618215,0.850496,0.795756,0.0,0.101291,,,,,False,,False,,,,,,color_mix;a_floor_db,1,15.377197,-38.537525,-25.740659,,,,,,,,,1.963248
canica_hecha_de_fuego,chimera_plana,1,plana__align-off__nb16__warp-off,,canica,fuego,chimera_plana,16,False,False,,-40.0,False,6.0,42,0.639312,0.850496,0.873171,0.0,0.089671,,,,,False,,False,,,,,,color_mix;a_floor_db,2,15.219064,-39.187672,-25.327806,,,,,,,,,2.432372
canica_hecha_de_fuego,chimera_plana,1,plana__align-off__nb24__warp-off,,canica,fuego,chimera_plana,24,False,False,,-40.0,False,6.0,42,0.615525,0.850496,0.785714,0.0,0.102824,,,,,False,,False,,,,,,color_mix;a_floor_db,5,15.216826,-39.227166,-25.18576,,,,,,,,,3.328047
canica_hecha_de_fuego,chimera_plana,1,plana__align-off__nb32__warp-off,,canica,fuego,chimera_plana,32,False,False,,-40.0,False,6.0,42,0.606807,0.850496,0.862981,0.0,0.074849,,,,,False,,False,,,,,,color_mix;a_floor_db,7,15.442854,-40.265152,-25.277619,,,,,,,,,4.126941
canica_hecha_de_fuego,baseline_v11,1,align-off__nb16__mixV11__warp-off,,canica,fuego,chimera,16,False,False,,-40.0,False,6.0,42,0.589751,0.850496,0.777778,0.0,0.09103,,,,,False,,False,,,,,,a_floor_db,2,27.017958,-42.203804,-28.426231,True,baseline_v11,escucha_AB/fusion_v12/canica_hecha_de_fuego/baseline_v11__align-off__nb16__mixV11__warp-off.wav,0.94457,linear,False,0.0,,2.416964
canica_hecha_de_fuego,suma_ancla,1,suma,,canica,fuego,suma,8,False,False,,-40.0,False,6.0,42,0.51724,0.850496,0.925325,0.0,0.006884,,,,,False,,False,,,,,,color_mix;a_floor_db;n_bands,,19.274536,-41.479741,-28.03494,True,suma_ancla,escucha_AB/fusion_v12/canica_hecha_de_fuego/suma_ancla__suma.wav,0.668626,linear,False,0.0,,0.711999
canica_hecha_de_fuego,vocoder_omitido,1,,"vocoder omitido: fine_parent='fuego' no tiene BodySpec en PHYSICAL_BODIES (['campana_tela', 'canica', 'goteo', 'vidrio'])",,,,,,,,,,,,,,,,,,,,,,,,,,,,,,,,,,,,,,,,,,
canica_hecha_de_fuego,stats_finish_top5,2,align-off__nb2__mix0.75__warp-off__stats-on,,canica,fuego,chimera,2,False,False,0.75,-40.0,True,6.0,42,0.348473,0.850496,0.592233,0.093672,-6e-05,,,,,False,,False,,,,,,,0,15.01,-25.597516,-24.016632,,,,,,,,1,12.637537
canica_hecha_de_fuego,stats_finish_top5,2,align-off__nb2__mix1.00__warp-off__stats-on,,canica,fuego,chimera,2,False,False,1.0,-40.0,True,6.0,42,0.348963,0.850496,0.588235,0.094182,0.001332,,,,,False,,False,,,,,,,0,14.964974,-25.751206,-23.995599,,,,,,,,2,12.80854
canica_hecha_de_fuego,stats_finish_top5,2,align-off__nb2__mix0.50__warp-off__stats-on,,canica,fuego,chimera,2,False,False,0.5,-40.0,True,6.0,42,0.34804,0.850496,0.591346,0.093093,5.4e-05,,,,,False,,False,,,,,,,0,15.049716,-25.440456,-24.038416,,,,,,,,3,12.736892
canica_hecha_de_fuego,stats_finish_top5,2,align-off__nb2__mix0.00__warp-off__stats-on,,canica,fuego,chimera,2,False,False,0.0,-40.0,True,6.0,42,0.34784,0.850496,0.599034,0.092209,-0.002229,,,,,False,,False,,,,,,,0,15.117732,-25.181527,-24.145554,,,,,,,,4,13.018249
canica_hecha_de_fuego,stats_finish_top5,2,plana__align-off__nb2__warp-off__stats-on,,canica,fuego,chimera_plana,2,False,False,,-40.0,True,6.0,42,0.347853,0.850496,0.599034,0.092787,-0.002309,,,,,False,,False,,,,,,color_mix;a_floor_db,0,15.085507,-30.925865,-29.706268,,,,,,,,5,12.77387
fuego_hecho_de_vidrio,chimera_grid,1,align-off__nb2__mix0.00__warp-off,,fuego,vidrio,chimera,2,False,False,0.0,-40.0,False,6.0,42,0.789993,0.746012,0.652174,0.0,0.238844,,,,,False,,False,,,,,,,0,31.766257,-49.881228,-33.07166,,,,,,,,,2.714932
fuego_hecho_de_vidrio,chimera_grid,1,align-off__nb2__mix0.00__warp-on,,fuego,vidrio,chimera,2,False,True,0.0,-40.0,False,6.0,42,0.741801,0.746012,0.6,0.0,0.227991,,,,,False,,False,signal_warp,40,5,8,0.813218,,0,30.594143,-48.136032,-32.019017,,,,,,,,,1.871792
fuego_hecho_de_vidrio,chimera_grid,1,align-off__nb2__mix0.25__warp-off,,fuego,vidrio,chimera,2,False,False,0.25,-40.0,False,6.0,42,0.801391,0.746012,0.652174,0.0,0.245113,,,,,False,,False,,,,,,,0,31.846487,-50.009128,-33.076354,,,,,,,,,0.926525
fuego_hecho_de_vidrio,chimera_grid,1,align-off__nb2__mix0.25__warp-on,,fuego,vidrio,chimera,2,False,True,0.25,-40.0,False,6.0,42,0.747765,0.746012,0.6,0.0,0.231271,,,,,False,,False,signal_warp,40,5,8,0.813218,,0,30.636176,-48.213545,-32.019287,,,,,,,,,1.871354
fuego_hecho_de_vidrio,chimera_grid,1,align-off__nb2__mix0.50__warp-off,,fuego,vidrio,chimera,2,False,False,0.5,-40.0,False,6.0,42,0.806489,0.746012,0.636364,0.0,0.25266,,,,,False,,False,,,,,,,0,31.881887,-50.063159,-33.078618,,,,,,,,,0.919948
fuego_hecho_de_vidrio,chimera_grid,1,align-off__nb2__mix0.50__warp-on,,fuego,vidrio,chimera,2,False,True,0.5,-40.0,False,6.0,42,0.752244,0.746012,0.6,0.0,0.233734,,,,,False,,False,signal_warp,40,5,8,0.813218,,0,30.667063,-48.264665,-32.01924,,,,,,,,,1.873329
fuego_hecho_de_vidrio,chimera_grid,1,align-off__nb2__mix0.75__warp-off,,fuego,vidrio,chimera,2,False,False,0.75,-40.0,False,6.0,42,0.809303,0.746012,0.619048,0.0,0.259402,,,,,False,,False,,,,,,,0,31.898386,-50.086981,-33.079777,,,,,,,,,0.916041
fuego_hecho_de_vidrio,chimera_grid,1,align-off__nb2__mix0.75__warp-on,,fuego,vidrio,chimera,2,False,True,0.75,-40.0,False,6.0,42,0.755572,0.746012,0.6,0.0,0.235565,,,,,False,,False,signal_warp,40,5,8,0.813218,,0,30.689872,-48.297608,-32.019015,,,,,,,,,1.867951
fuego_hecho_de_vidrio,chimera_grid,1,align-off__nb2__mix1.00__warp-off,,fuego,vidrio,chimera,2,False,False,1.0,-40.0,False,6.0,42,0.810825,0.746012,0.619048,0.0,0.26024,,,,,False,,False,,,,,,,0,31.906551,-50.098105,-33.0804,,,,,,,,,0.91759
fuego_hecho_de_vidrio,chimera_grid,1,align-off__nb2__mix1.00__warp-on,,fuego,vidrio,chimera,2,False,True,1.0,-40.0,False,6.0,42,0.758038,0.746012,0.6,0.0,0.236921,,,,,False,,False,signal_warp,40,5,8,0.813218,,0,30.706819,-48.318232,-32.018698,,,,,,,,,1.875702
fuego_hecho_de_vidrio,chimera_grid,1,align-off__nb4__mix0.00__warp-off,,fuego,vidrio,chimera,4,False,False,0.0,-40.0,False,6.0,42,0.715915,0.746012,0.684211,0.0,0.18849,,,,,False,,False,,,,,,,0,31.482403,-53.544386,-32.173856,,,,,,,,,1.129249
fuego_hecho_de_vidrio,chimera_grid,1,align-off__nb4__mix0.00__warp-on,,fuego,vidrio,chimera,4,False,True,0.0,-40.0,False,6.0,42,0.737766,0.746012,0.565217,0.0,0.236206,,,,,False,,False,signal_warp,40,5,8,0.813218,,0,30.124976,-52.949377,-30.761353,,,,,,,,,2.092161
fuego_hecho_de_vidrio,chimera_grid,1,align-off__nb4__mix0.25__warp-off,,fuego,vidrio,chimera,4,False,False,0.25,-40.0,False,6.0,42,0.728709,0.746012,0.684211,0.0,0.195527,,,,,False,,False,,,,,,,0,31.465935,-53.739309,-32.13519,,,,,,,,,1.1409
fuego_hecho_de_vidrio,chimera_grid,1,align-off__nb4__mix0.25__warp-on,,fuego,vidrio,chimera,4,False,True,0.25,-40.0,False,6.0,42,0.738933,0.746012,0.565217,0.0,0.236848,,,,,False,,False,signal_warp,40,5,8,0.813218,,0,30.122838,-52.937798,-30.765216,,,,,,,,,2.085788
fuego_hecho_de_vidrio,chimera_grid,1,align-off__nb4__mix0.50__warp-off,,fuego,vidrio,chimera,4,False,False,0.5,-40.0,False,6.0,42,0.732598,0.746012,0.6,0.0,0.222929,,,,,False,,False,,,,,,,0,31.422795,-53.819951,-32.088803,,,,,,,,,1.121927
fuego_hecho_de_vidrio,chimera_grid,1,align-off__nb4__mix0.50__warp-on,,fuego,vidrio,chimera,4,False,True,0.5,-40.0,False,6.0,42,0.739015,0.746012,0.6,0.0,0.226458,,,,,False,,False,signal_warp,40,5,8,0.813218,,0,30.11255,-52.89859,-30.76372,,,,,,,,,2.090603
fuego_hecho_de_vidrio,chimera_grid,1,align-off__nb4__mix0.75__warp-off,,fuego,vidrio,chimera,4,False,False,0.75,-40.0,False,6.0,42,0.732654,0.746012,0.6,0.0,0.22296,,,,,False,,False,,,,,,,0,31.363972,-53.852148,-32.034297,,,,,,,,,1.151587
fuego_hecho_de_vidrio,chimera_grid,1,align-off__nb4__mix0.75__warp-on,,fuego,vidrio,chimera,4,False,True,0.75,-40.0,False,6.0,42,0.738157,0.746012,0.6,0.0,0.225986,,,,,False,,False,signal_warp,40,5,8,0.813218,,0,30.092032,-52.828327,-30.75507,,,,,,,,,2.14074
fuego_hecho_de_vidrio,chimera_grid,1,align-off__nb4__mix1.00__warp-off,,fuego,vidrio,chimera,4,False,False,1.0,-40.0,False,6.0,42,0.731252,0.746012,0.545455,0.0,0.238553,,,,,False,,False,,,,,,,0,31.292671,-53.860958,-31.970957,,,,,,,,,1.154255
fuego_hecho_de_vidrio,chimera_grid,1,align-off__nb4__mix1.00__warp-on,,fuego,vidrio,chimera,4,False,True,1.0,-40.0,False,6.0,42,0.736469,0.746012,0.6,0.0,0.225058,,,,,False,,False,signal_warp,40,5,8,0.813218,,0,30.058829,-52.723117,-30.737136,,,,,,,,,2.144516
fuego_hecho_de_vidrio,chimera_grid,1,align-off__nb6__mix0.00__warp-off,,fuego,vidrio,chimera,6,False,False,0.0,-40.0,False,6.0,42,0.672271,0.746012,0.833333,0.0,0.119749,,,,,False,,False,,,,,,,0,31.635854,-56.586932,-32.542198,,,,,,,,,1.362882
fuego_hecho_de_vidrio,chimera_grid,1,align-off__nb6__mix0.00__warp-on,,fuego,vidrio,chimera,6,False,True,0.0,-40.0,False,6.0,42,0.695963,0.746012,0.833333,0.0,0.132779,,,,,False,,False,signal_warp,40,5,8,0.813218,,0,30.225846,-55.080771,-30.95229,,,,,,,,,2.445527
fuego_hecho_de_vidrio,chimera_grid,1,align-off__nb6__mix0.25__warp-off,,fuego,vidrio,chimera,6,False,False,0.25,-40.0,False,6.0,42,0.690489,0.746012,0.846154,0.0,0.125923,,,,,False,,False,,,,,,,0,31.005748,-56.652912,-31.853452,,,,,,,,,1.37803
fuego_hecho_de_vidrio,chimera_grid,1,align-off__nb6__mix0.25__warp-on,,fuego,vidrio,chimera,6,False,True,0.25,-40.0,False,6.0,42,0.707189,0.746012,0.625,0.0,0.201454,,,,,False,,False,signal_warp,40,5,8,0.813218,,0,29.932887,-55.015601,-30.664591,,,,,,,,,2.394063
fuego_hecho_de_vidrio,chimera_grid,1,align-off__nb6__mix0.50__warp-off,,fuego,vidrio,chimera,6,False,False,0.5,-40.0,False,6.0,42,0.705814,0.746012,0.684211,0.0,0.182935,,,,,False,,False,,,,,,,0,30.188264,-55.969593,-31.004352,,,,,,,,,1.413704
fuego_hecho_de_vidrio,chimera_grid,1,align-off__nb6__mix0.50__warp-on,,fuego,vidrio,chimera,6,False,True,0.5,-40.0,False,6.0,42,0.71983,0.746012,0.578947,0.0,0.222222,,,,,False,,False,signal_warp,40,5,8,0.813218,,0,29.874907,-55.082015,-30.609608,,,,,,,,,2.331443
fuego_hecho_de_vidrio,chimera_grid,1,align-off__nb6__mix0.75__warp-off,,fuego,vidrio,chimera,6,False,False,0.75,-40.0,False,6.0,42,0.72097,0.746012,0.368421,0.0,0.286007,,,,,False,,False,,,,,,,0,30.327245,-56.053126,-31.122347,,,,,,,,,1.339098
fuego_hecho_de_vidrio,chimera_grid,1,align-off__nb6__mix0.75__warp-on,,fuego,vidrio,chimera,6,False,True,0.75,-40.0,False,6.0,42,0.73379,0.746012,0.6,0.0,0.223584,,,,,False,,False,signal_warp,40,5,8,0.813218,,0,29.735105,-55.006,-30.470008,,,,,,,,,2.308424
fuego_hecho_de_vidrio,chimera_grid,1,align-off__nb6__mix1.00__warp-off,,fuego,vidrio,chimera,6,False,False,1.0,-40.0,False,6.0,42,0.735678,0.746012,0.529412,0.0,0.2458,,,,,False,,False,,,,,,,0,30.609124,-56.238099,-31.388644,,,,,,,,,1.341638
fuego_hecho_de_vidrio,chimera_grid,1,align-off__nb6__mix1.00__warp-on,,fuego,vidrio,chimera,6,False,True,1.0,-40.0,False,6.0,42,0.748727,0.746012,0.75,0.0,0.1868,,,,,False,,False,signal_warp,40,5,8,0.813218,,0,29.91485,-55.217931,-30.647337,,,,,,,,,2.277493
fuego_hecho_de_vidrio,chimera_grid,1,align-off__nb8__mix0.00__warp-off,,fuego,vidrio,chimera,8,False,False,0.0,-40.0,False,6.0,42,0.609102,0.746012,0.846154,0.0,0.08116,,,,,False,,False,,,,,,,0,30.779835,-59.355438,-31.527789,,,,,,,,,1.558553
fuego_hecho_de_vidrio,chimera_grid,1,align-off__nb8__mix0.00__warp-on,,fuego,vidrio,chimera,8,False,True,0.0,-40.0,False,6.0,42,0.628594,0.746012,0.555556,0.0,0.17906,,,,,False,,False,signal_warp,40,5,8,0.813218,,0,30.721399,-57.973945,-31.373384,,,,,,,,,2.503613
fuego_hecho_de_vidrio,chimera_grid,1,align-off__nb8__mix0.25__warp-off,,fuego,vidrio,chimera,8,False,False,0.25,-40.0,False,6.0,42,0.627946,0.746012,0.833333,0.0,0.09537,,,,,False,,False,,,,,,,0,30.573519,-61.113798,-31.279517,,,,,,,,,1.558288
fuego_hecho_de_vidrio,chimera_grid,1,align-off__nb8__mix0.25__warp-on,,fuego,vidrio,chimera,8,False,True,0.25,-40.0,False,6.0,42,0.632347,0.746012,0.555556,0.0,0.181124,,,,,False,,False,signal_warp,40,5,8,0.813218,,0,30.728039,-58.228523,-31.385867,,,,,,,,,2.485696
fuego_hecho_de_vidrio,chimera_grid,1,align-off__nb8__mix0.50__warp-off,,fuego,vidrio,chimera,8,False,False,0.5,-40.0,False,6.0,42,0.636958,0.746012,0.833333,0.0,0.100327,,,,,False,,False,,,,,,,0,30.807797,-62.287538,-31.495355,,,,,,,,,1.548766
fuego_hecho_de_vidrio,chimera_grid,1,align-off__nb8__mix0.50__warp-on,,fuego,vidrio,chimera,8,False,True,0.5,-40.0,False,6.0,42,0.635968,0.746012,0.555556,0.0,0.183116,,,,,False,,False,signal_warp,40,5,8,0.813218,,0,30.786634,-58.438854,-31.453383,,,,,,,,,2.508502
fuego_hecho_de_vidrio,chimera_grid,1,align-off__nb8__mix0.75__warp-off,,fuego,vidrio,chimera,8,False,False,0.75,-40.0,False,6.0,42,0.642653,0.746012,0.833333,0.0,0.103459,,,,,False,,False,,,,,,,0,30.955037,-62.787602,-31.636754,,,,,,,,,1.549447
fuego_hecho_de_vidrio,chimera_grid,1,align-off__nb8__mix0.75__warp-on,,fuego,vidrio,chimera,8,False,True,0.75,-40.0,False,6.0,42,0.640374,0.746012,0.555556,0.0,0.185539,,,,,False,,False,signal_warp,40,5,8,0.813218,,0,30.880694,-58.611046,-31.559547,,,,,,,,,2.513723
fuego_hecho_de_vidrio,chimera_grid,1,align-off__nb8__mix1.00__warp-off,,fuego,vidrio,chimera,8,False,False,1.0,-40.0,False,6.0,42,0.649218,0.746012,0.833333,0.0,0.10707,,,,,False,,False,,,,,,,0,31.016131,-62.907592,-31.701116,,,,,,,,,1.56765
fuego_hecho_de_vidrio,chimera_grid,1,align-off__nb8__mix1.00__warp-on,,fuego,vidrio,chimera,8,False,True,1.0,-40.0,False,6.0,42,0.646126,0.746012,0.636364,0.0,0.16446,,,,,False,,False,signal_warp,40,5,8,0.813218,,0,30.923074,-58.683032,-31.617173,,,,,,,,,2.50106
fuego_hecho_de_vidrio,chimera_grid,1,align-off__nb12__mix0.00__warp-off,,fuego,vidrio,chimera,12,False,False,0.0,-40.0,False,6.0,42,0.525489,0.746012,0.8,0.0,0.049019,,,,,False,,False,,,,,,,0,30.109742,-58.465424,-30.849996,,,,,,,,,1.982903
fuego_hecho_de_vidrio,chimera_grid,1,align-off__nb12__mix0.00__warp-on,,fuego,vidrio,chimera,12,False,True,0.0,-40.0,False,6.0,42,0.62959,0.746012,0.529412,0.0,0.187451,,,,,False,,False,signal_warp,40,5,8,0.813218,,0,29.791029,-57.594224,-30.413368,,,,,,,,,2.914387
fuego_hecho_de_vidrio,chimera_grid,1,align-off__nb12__mix0.25__warp-off,,fuego,vidrio,chimera,12,False,False,0.25,-40.0,False,6.0,42,0.54634,0.746012,0.8,0.0,0.060487,,,,,False,,False,,,,,,,0,29.825103,-60.535403,-30.528068,,,,,,,,,1.972778
fuego_hecho_de_vidrio,chimera_grid,1,align-off__nb12__mix0.25__warp-on,,fuego,vidrio,chimera,12,False,True,0.25,-40.0,False,6.0,42,0.618009,0.746012,0.619048,0.0,0.154191,,,,,False,,False,signal_warp,40,5,8,0.813218,,0,29.899553,-58.516762,-30.527074,,,,,,,,,2.915032
fuego_hecho_de_vidrio,chimera_grid,1,align-off__nb12__mix0.50__warp-off,,fuego,vidrio,chimera,12,False,False,0.5,-40.0,False,6.0,42,0.562714,0.746012,0.714286,0.0,0.095207,,,,,False,,False,,,,,,,0,29.733327,-61.69221,-30.416866,,,,,,,,,1.981948
fuego_hecho_de_vidrio,chimera_grid,1,align-off__nb12__mix0.50__warp-on,,fuego,vidrio,chimera,12,False,True,0.5,-40.0,False,6.0,42,0.608249,0.746012,0.636364,0.0,0.143628,,,,,False,,False,signal_warp,40,5,8,0.813218,,0,29.957065,-59.460684,-30.588032,,,,,,,,,2.922927
fuego_hecho_de_vidrio,chimera_grid,1,align-off__nb12__mix0.75__warp-off,,fuego,vidrio,chimera,12,False,False,0.75,-40.0,False,6.0,42,0.579038,0.746012,0.625,0.0,0.130971,,,,,False,,False,,,,,,,0,30.0593,-62.473191,-30.733206,,,,,,,,,1.98797
fuego_hecho_de_vidrio,chimera_grid,1,align-off__nb12__mix0.75__warp-on,,fuego,vidrio,chimera,12,False,True,0.75,-40.0,False,6.0,42,0.602326,0.746012,0.652174,0.0,0.135627,,,,,False,,False,signal_warp,40,5,8,0.813218,,0,29.943441,-60.421183,-30.576718,,,,,,,,,2.927762
fuego_hecho_de_vidrio,chimera_grid,1,align-off__nb12__mix1.00__warp-off,,fuego,vidrio,chimera,12,False,False,1.0,-40.0,False,6.0,42,0.597481,0.746012,0.857143,0.0,0.071471,,,,,False,,False,,,,,,,0,30.264666,-62.738837,-30.936993,,,,,,,,,1.990993
fuego_hecho_de_vidrio,chimera_grid,1,align-off__nb12__mix1.00__warp-on,,fuego,vidrio,chimera,12,False,True,1.0,-40.0,False,6.0,42,0.60212,0.746012,0.73913,0.0,0.109427,,,,,False,,False,signal_warp,40,5,8,0.813218,,0,29.837981,-61.388221,-30.473687,,,,,,,,,2.920429
fuego_hecho_de_vidrio,chimera_grid,1,align-off__nb16__mix0.00__warp-off,,fuego,vidrio,chimera,16,False,False,0.0,-40.0,False,6.0,42,0.505044,0.746012,1.0,0.0,-0.022226,,,,,False,,False,,,,,,,0,31.057316,-59.744108,-31.817926,,,,,,,,,2.412926
fuego_hecho_de_vidrio,chimera_grid,1,align-off__nb16__mix0.00__warp-on,,fuego,vidrio,chimera,16,False,True,0.0,-40.0,False,6.0,42,0.52392,0.746012,0.875,0.0,0.025656,,,,,False,,False,signal_warp,40,5,8,0.813218,,0,29.276323,-59.779873,-29.896919,,,,,,,,,3.447297
fuego_hecho_de_vidrio,chimera_grid,1,align-off__nb16__mix0.25__warp-off,,fuego,vidrio,chimera,16,False,False,0.25,-40.0,False,6.0,42,0.514181,0.746012,0.857143,0.0,0.025656,,,,,False,,False,,,,,,,0,30.956068,-62.508104,-31.697681,,,,,,,,,2.486116
fuego_hecho_de_vidrio,chimera_grid,1,align-off__nb16__mix0.25__warp-on,,fuego,vidrio,chimera,16,False,True,0.25,-40.0,False,6.0,42,0.523799,0.746012,0.6,0.0,0.108089,,,,,False,,False,signal_warp,40,5,8,0.813218,,0,29.179839,-60.67888,-29.823522,,,,,,,,,3.337017
fuego_hecho_de_vidrio,chimera_grid,1,align-off__nb16__mix0.50__warp-off,,fuego,vidrio,chimera,16,False,False,0.5,-40.0,False,6.0,42,0.523173,0.746012,1.0,0.0,-0.012255,,,,,False,,False,,,,,,,0,30.627612,-63.964907,-31.356506,,,,,,,,,2.390413
fuego_hecho_de_vidrio,chimera_grid,1,align-off__nb16__mix0.50__warp-on,,fuego,vidrio,chimera,16,False,True,0.5,-40.0,False,6.0,42,0.526563,0.746012,0.875,0.0,0.02711,,,,,False,,False,signal_warp,40,5,8,0.813218,,0,29.25497,-61.733252,-29.916817,,,,,,,,,3.337653
fuego_hecho_de_vidrio,chimera_grid,1,align-off__nb16__mix0.75__warp-off,,fuego,vidrio,chimera,16,False,False,0.75,-40.0,False,6.0,42,0.532476,0.746012,1.0,0.0,-0.007138,,,,,False,,False,,,,,,,0,30.132729,-64.221969,-30.850902,,,,,,,,,2.380502
fuego_hecho_de_vidrio,chimera_grid,1,align-off__nb16__mix0.75__warp-on,,fuego,vidrio,chimera,16,False,True,0.75,-40.0,False,6.0,42,0.533168,0.746012,0.875,0.0,0.030742,,,,,False,,False,signal_warp,40,5,8,0.813218,,0,29.252224,-62.707356,-29.925481,,,,,,,,,2.470956
fuego_hecho_de_vidrio,chimera_grid,1,align-off__nb16__mix1.00__warp-off,,fuego,vidrio,chimera,16,False,False,1.0,-40.0,False,6.0,42,0.543596,0.746012,1.0,0.0,-0.001022,,,,,False,,False,,,,,,,0,29.521972,-63.707464,-30.232281,,,,,,,,,2.394509
fuego_hecho_de_vidrio,chimera_grid,1,align-off__nb16__mix1.00__warp-on,,fuego,vidrio,chimera,16,False,True,1.0,-40.0,False,6.0,42,0.542915,0.746012,0.733333,0.0,0.078603,,,,,False,,False,signal_warp,40,5,8,0.813218,,0,29.296583,-63.723624,-29.97455,,,,,,,,,3.349497
fuego_hecho_de_vidrio,chimera_grid,1,align-off__nb24__mix0.00__warp-off,,fuego,vidrio,chimera,24,False,False,0.0,-40.0,False,6.0,42,0.46128,0.746012,0.818182,0.0,0.00825,,,,,False,,False,,,,,,,0,29.729322,-57.743074,-30.525902,,,,,,,,,3.242814
fuego_hecho_de_vidrio,chimera_grid,1,align-off__nb24__mix0.00__warp-on,,fuego,vidrio,chimera,24,False,True,0.0,-40.0,False,6.0,42,0.517254,0.746012,1.0,0.0,-0.015511,,,,,False,,False,signal_warp,40,5,8,0.813218,,0,29.540877,-59.10745,-30.162819,,,,,,,,,4.191551
fuego_hecho_de_vidrio,chimera_grid,1,align-off__nb24__mix0.25__warp-off,,fuego,vidrio,chimera,24,False,False,0.25,-40.0,False,6.0,42,0.47749,0.746012,0.714286,0.0,0.048334,,,,,False,,False,,,,,,,0,30.164465,-61.976418,-30.933046,,,,,,,,,3.259863
fuego_hecho_de_vidrio,chimera_grid,1,align-off__nb24__mix0.25__warp-on,,fuego,vidrio,chimera,24,False,True,0.25,-40.0,False,6.0,42,0.512432,0.746012,0.764706,0.0,0.052426,,,,,False,,False,signal_warp,40,5,8,0.813218,,0,29.83157,-60.410944,-30.477772,,,,,,,,,4.177724
fuego_hecho_de_vidrio,chimera_grid,1,align-off__nb24__mix0.50__warp-off,,fuego,vidrio,chimera,24,False,False,0.5,-40.0,False,6.0,42,0.49361,0.746012,0.428571,0.0,0.142914,,,,,False,,False,,,,,,,0,30.38986,-65.555258,-31.136664,,,,,,,,,3.308832
fuego_hecho_de_vidrio,chimera_grid,1,align-off__nb24__mix0.50__warp-on,,fuego,vidrio,chimera,24,False,True,0.5,-40.0,False,6.0,42,0.511849,0.746012,0.666667,0.0,0.081517,,,,,False,,False,signal_warp,40,5,8,0.813218,,0,29.969642,-61.601604,-30.637565,,,,,,,,,4.182178
fuego_hecho_de_vidrio,chimera_grid,1,align-off__nb24__mix0.75__warp-off,,fuego,vidrio,chimera,24,False,False,0.75,-40.0,False,6.0,42,0.509601,0.746012,0.375,0.0,0.16778,,,,,False,,False,,,,,,,0,30.407195,-68.062236,-31.133525,,,,,,,,,3.252304
fuego_hecho_de_vidrio,chimera_grid,1,align-off__nb24__mix0.75__warp-on,,fuego,vidrio,chimera,24,False,True,0.75,-40.0,False,6.0,42,0.516442,0.746012,0.7,0.0,0.074043,,,,,False,,False,signal_warp,40,5,8,0.813218,,0,29.909332,-62.682253,-30.594087,,,,,,,,,4.185128
fuego_hecho_de_vidrio,chimera_grid,1,align-off__nb24__mix1.00__warp-off,,fuego,vidrio,chimera,24,False,False,1.0,-40.0,False,6.0,42,0.526701,0.746012,0.375,0.0,0.177186,,,,,False,,False,,,,,,,0,30.243414,-69.286619,-30.952168,,,,,,,,,3.316501
fuego_hecho_de_vidrio,chimera_grid,1,align-off__nb24__mix1.00__warp-on,,fuego,vidrio,chimera,24,False,True,1.0,-40.0,False,6.0,42,0.52648,0.746012,0.52381,0.0,0.132421,,,,,False,,False,signal_warp,40,5,8,0.813218,,0,29.648511,-63.646433,-30.345356,,,,,,,,,4.276358
fuego_hecho_de_vidrio,chimera_grid,1,align-off__nb32__mix0.00__warp-off,,fuego,vidrio,chimera,32,False,False,0.0,-40.0,False,6.0,42,0.503485,0.746012,1.0,0.0,-0.023083,,,,,False,,False,,,,,,,0,29.508977,-57.485105,-30.342564,,,,,,,,,4.084876
fuego_hecho_de_vidrio,chimera_grid,1,align-off__nb32__mix0.00__warp-on,,fuego,vidrio,chimera,32,False,True,0.0,-40.0,False,6.0,42,0.523907,0.746012,0.545455,0.0,0.124512,,,,,False,,False,signal_warp,40,5,8,0.813218,,0,29.639238,-58.525509,-30.279236,,,,,,,,,5.031474
fuego_hecho_de_vidrio,chimera_grid,1,align-off__nb32__mix0.25__warp-off,,fuego,vidrio,chimera,32,False,False,0.25,-40.0,False,6.0,42,0.512322,0.746012,1.0,0.0,-0.018223,,,,,False,,False,,,,,,,0,29.969924,-61.343456,-30.782754,,,,,,,,,4.055469
fuego_hecho_de_vidrio,chimera_grid,1,align-off__nb32__mix0.25__warp-on,,fuego,vidrio,chimera,32,False,True,0.25,-40.0,False,6.0,42,0.523316,0.746012,0.6,0.0,0.107824,,,,,False,,False,signal_warp,40,5,8,0.813218,,0,29.734615,-59.530551,-30.400997,,,,,,,,,5.035628
fuego_hecho_de_vidrio,chimera_grid,1,align-off__nb32__mix0.50__warp-off,,fuego,vidrio,chimera,32,False,False,0.5,-40.0,False,6.0,42,0.519389,0.746012,0.733333,0.0,0.065664,,,,,False,,False,,,,,,,0,30.261976,-64.466083,-31.058962,,,,,,,,,4.07706
fuego_hecho_de_vidrio,chimera_grid,1,align-off__nb32__mix0.50__warp-on,,fuego,vidrio,chimera,32,False,True,0.5,-40.0,False,6.0,42,0.525355,0.746012,0.6,0.0,0.108946,,,,,False,,False,signal_warp,40,5,8,0.813218,,0,29.720401,-60.365497,-30.413897,,,,,,,,,5.011679
fuego_hecho_de_vidrio,chimera_grid,1,align-off__nb32__mix0.75__warp-off,,fuego,vidrio,chimera,32,False,False,0.75,-40.0,False,6.0,42,0.528293,0.746012,0.444444,0.0,0.157228,,,,,False,,False,,,,,,,0,30.38135,-66.62349,-31.166122,,,,,,,,,4.074445
fuego_hecho_de_vidrio,chimera_grid,1,align-off__nb32__mix0.75__warp-on,,fuego,vidrio,chimera,32,False,True,0.75,-40.0,False,6.0,42,0.532106,0.746012,0.666667,0.0,0.092658,,,,,False,,False,signal_warp,40,5,8,0.813218,,0,29.558651,-61.024393,-30.276876,,,,,,,,,5.002529
fuego_hecho_de_vidrio,chimera_grid,1,align-off__nb32__mix1.00__warp-off,,fuego,vidrio,chimera,32,False,False,1.0,-40.0,False,6.0,42,0.541816,0.746012,0.368421,0.0,0.187472,,,,,False,,False,,,,,,,0,30.337342,-67.89188,-31.114828,,,,,,,,,4.068373
fuego_hecho_de_vidrio,chimera_grid,1,align-off__nb32__mix1.00__warp-on,,fuego,vidrio,chimera,32,False,True,1.0,-40.0,False,6.0,42,0.544941,0.746012,0.666667,0.0,0.099717,,,,,False,,False,signal_warp,40,5,8,0.813218,,0,29.229116,-61.530152,-29.966617,,,,,,,,,5.026198
fuego_hecho_de_vidrio,chimera_grid,1,align-on__nb2__mix0.00__warp-off,,fuego,vidrio,chimera,2,True,False,0.0,-40.0,False,6.0,42,0.728521,0.792658,0.555556,0.0,0.23402,1193.331167,181.942783,1011.388384,2250.492568,False,vidrio,False,,,,,,,0,30.124801,-49.168388,-32.261439,,,,,,,,,4.468452
fuego_hecho_de_vidrio,chimera_grid,1,align-on__nb2__mix0.00__warp-on,,fuego,vidrio,chimera,2,True,True,0.0,-40.0,False,6.0,42,0.725166,0.792658,0.5,0.0,0.248841,1193.331167,181.942783,1011.388384,2250.492568,False,vidrio,False,signal_warp,40,6,9,0.83908,,0,29.869649,-48.291509,-32.502014,,,,,,,,,1.891025
fuego_hecho_de_vidrio,chimera_grid,1,align-on__nb2__mix0.25__warp-off,,fuego,vidrio,chimera,2,True,False,0.25,-40.0,False,6.0,42,0.747854,0.792658,0.555556,0.0,0.244653,1193.331167,181.942783,1011.388384,2250.492568,False,vidrio,False,,,,,,,0,30.173759,-49.404741,-32.260265,,,,,,,,,1.796172
fuego_hecho_de_vidrio,chimera_grid,1,align-on__nb2__mix0.25__warp-on,,fuego,vidrio,chimera,2,True,True,0.25,-40.0,False,6.0,42,0.724716,0.792658,0.5,0.0,0.248594,1193.331167,181.942783,1011.388384,2250.492568,False,vidrio,False,signal_warp,40,6,9,0.83908,,0,29.867198,-48.282956,-32.50197,,,,,,,,,1.88044
fuego_hecho_de_vidrio,chimera_grid,1,align-on__nb2__mix0.50__warp-off,,fuego,vidrio,chimera,2,True,False,0.5,-40.0,False,6.0,42,0.763132,0.792658,0.555556,0.0,0.253056,1193.331167,181.942783,1011.388384,2250.492568,False,vidrio,False,,,,,,,0,30.209586,-49.581998,-32.259188,,,,,,,,,1.817567
fuego_hecho_de_vidrio,chimera_grid,1,align-on__nb2__mix0.50__warp-on,,fuego,vidrio,chimera,2,True,True,0.5,-40.0,False,6.0,42,0.724255,0.792658,0.5,0.0,0.24834,1193.331167,181.942783,1011.388384,2250.492568,False,vidrio,False,signal_warp,40,6,9,0.83908,,0,29.864697,-48.274206,-32.501925,,,,,,,,,1.881406
fuego_hecho_de_vidrio,chimera_grid,1,align-on__nb2__mix0.75__warp-off,,fuego,vidrio,chimera,2,True,False,0.75,-40.0,False,6.0,42,0.774857,0.792658,0.555556,0.0,0.259505,1193.331167,181.942783,1011.388384,2250.492568,False,vidrio,False,,,,,,,0,30.235798,-49.713359,-32.258218,,,,,,,,,1.784117
fuego_hecho_de_vidrio,chimera_grid,1,align-on__nb2__mix0.75__warp-on,,fuego,vidrio,chimera,2,True,True,0.75,-40.0,False,6.0,42,0.723783,0.792658,0.5,0.0,0.248081,1193.331167,181.942783,1011.388384,2250.492568,False,vidrio,False,signal_warp,40,6,9,0.83908,,0,29.862142,-48.265256,-32.501879,,,,,,,,,1.865971
fuego_hecho_de_vidrio,chimera_grid,1,align-on__nb2__mix1.00__warp-off,,fuego,vidrio,chimera,2,True,False,1.0,-40.0,False,6.0,42,0.78355,0.792658,0.555556,0.0,0.264286,1193.331167,181.942783,1011.388384,2250.492568,False,vidrio,False,,,,,,,0,30.254991,-49.809833,-32.257355,,,,,,,,,1.80828
fuego_hecho_de_vidrio,chimera_grid,1,align-on__nb2__mix1.00__warp-on,,fuego,vidrio,chimera,2,True,True,1.0,-40.0,False,6.0,42,0.723301,0.792658,0.5,0.0,0.247816,1193.331167,181.942783,1011.388384,2250.492568,False,vidrio,False,signal_warp,40,6,9,0.83908,,0,29.859534,-48.256102,-32.501832,,,,,,,,,1.87592
fuego_hecho_de_vidrio,chimera_grid,1,align-on__nb4__mix0.00__warp-off,,fuego,vidrio,chimera,4,True,False,0.0,-40.0,False,6.0,42,0.685208,0.792658,0.636364,0.0,0.185955,1193.331167,181.942783,1011.388384,2250.492568,False,vidrio,False,,,,,,,0,30.94475,-53.238864,-31.949718,,,,,,,,,1.992939
fuego_hecho_de_vidrio,chimera_grid,1,align-on__nb4__mix0.00__warp-on,,fuego,vidrio,chimera,4,True,True,0.0,-40.0,False,6.0,42,0.679758,0.792658,0.52381,0.0,0.216724,1193.331167,181.942783,1011.388384,2250.492568,False,vidrio,False,signal_warp,40,6,9,0.83908,,0,30.391933,-52.61354,-31.635861,,,,,,,,,2.082068
fuego_hecho_de_vidrio,chimera_grid,1,align-on__nb4__mix0.25__warp-off,,fuego,vidrio,chimera,4,True,False,0.25,-40.0,False,6.0,42,0.678872,0.792658,0.666667,0.0,0.17338,1193.331167,181.942783,1011.388384,2250.492568,False,vidrio,False,,,,,,,0,30.611371,-53.461155,-31.697103,,,,,,,,,1.997763
fuego_hecho_de_vidrio,chimera_grid,1,align-on__nb4__mix0.25__warp-on,,fuego,vidrio,chimera,4,True,True,0.25,-40.0,False,6.0,42,0.676885,0.792658,0.545455,0.0,0.20865,1193.331167,181.942783,1011.388384,2250.492568,False,vidrio,False,signal_warp,40,6,9,0.83908,,0,30.385006,-52.771239,-31.684505,,,,,,,,,2.067801
fuego_hecho_de_vidrio,chimera_grid,1,align-on__nb4__mix0.50__warp-off,,fuego,vidrio,chimera,4,True,False,0.5,-40.0,False,6.0,42,0.672336,0.792658,0.466667,0.0,0.229785,1193.331167,181.942783,1011.388384,2250.492568,False,vidrio,False,,,,,,,0,30.119036,-53.424646,-31.31212,,,,,,,,,1.992857
fuego_hecho_de_vidrio,chimera_grid,1,align-on__nb4__mix0.50__warp-on,,fuego,vidrio,chimera,4,True,True,0.5,-40.0,False,6.0,42,0.67212,0.792658,0.5,0.0,0.219666,1193.331167,181.942783,1011.388384,2250.492568,False,vidrio,False,signal_warp,40,6,9,0.83908,,0,30.320009,-52.900917,-31.698217,,,,,,,,,2.09425
fuego_hecho_de_vidrio,chimera_grid,1,align-on__nb4__mix0.75__warp-off,,fuego,vidrio,chimera,4,True,False,0.75,-40.0,False,6.0,42,0.670706,0.792658,0.529412,0.0,0.210065,1193.331167,181.942783,1011.388384,2250.492568,False,vidrio,False,,,,,,,0,29.857912,-53.57825,-31.180513,,,,,,,,,2.023829
fuego_hecho_de_vidrio,chimera_grid,1,align-on__nb4__mix0.75__warp-on,,fuego,vidrio,chimera,4,True,True,0.75,-40.0,False,6.0,42,0.664762,0.792658,0.478261,0.0,0.222141,1193.331167,181.942783,1011.388384,2250.492568,False,vidrio,False,signal_warp,40,6,9,0.83908,,0,30.16725,-52.962533,-31.649719,,,,,,,,,2.083491
fuego_hecho_de_vidrio,chimera_grid,1,align-on__nb4__mix1.00__warp-off,,fuego,vidrio,chimera,4,True,False,1.0,-40.0,False,6.0,42,0.676505,0.792658,0.375,0.0,0.259578,1193.331167,181.942783,1011.388384,2250.492568,False,vidrio,False,,,,,,,0,29.774436,-53.853247,-31.237086,,,,,,,,,2.011046
fuego_hecho_de_vidrio,chimera_grid,1,align-on__nb4__mix1.00__warp-on,,fuego,vidrio,chimera,4,True,True,1.0,-40.0,False,6.0,42,0.655461,0.792658,0.583333,0.0,0.185503,1193.331167,181.942783,1011.388384,2250.492568,False,vidrio,False,signal_warp,40,6,9,0.83908,,0,29.902437,-52.911595,-31.511182,,,,,,,,,2.105351
fuego_hecho_de_vidrio,chimera_grid,1,align-on__nb6__mix0.00__warp-off,,fuego,vidrio,chimera,6,True,False,0.0,-40.0,False,6.0,42,0.631218,0.792658,0.428571,0.0,0.218599,1193.331167,181.942783,1011.388384,2250.492568,False,vidrio,False,,,,,,,0,32.164041,-53.788885,-33.346242,,,,,,,,,2.217754
fuego_hecho_de_vidrio,chimera_grid,1,align-on__nb6__mix0.00__warp-on,,fuego,vidrio,chimera,6,True,True,0.0,-40.0,False,6.0,42,0.63475,0.792658,0.5,0.0,0.199112,1193.331167,181.942783,1011.388384,2250.492568,False,vidrio,False,signal_warp,40,6,9,0.83908,,0,30.44537,-54.301025,-31.476664,,,,,,,,,2.29444
fuego_hecho_de_vidrio,chimera_grid,1,align-on__nb6__mix0.25__warp-off,,fuego,vidrio,chimera,6,True,False,0.25,-40.0,False,6.0,42,0.629244,0.792658,0.571429,0.0,0.174656,1193.331167,181.942783,1011.388384,2250.492568,False,vidrio,False,,,,,,,0,30.908577,-53.135629,-32.240093,,,,,,,,,2.200239
fuego_hecho_de_vidrio,chimera_grid,1,align-on__nb6__mix0.25__warp-on,,fuego,vidrio,chimera,6,True,True,0.25,-40.0,False,6.0,42,0.62324,0.792658,0.4,0.0,0.222782,1193.331167,181.942783,1011.388384,2250.492568,False,vidrio,False,signal_warp,40,6,9,0.83908,,0,29.34925,-52.593281,-30.581511,,,,,,,,,2.283871
fuego_hecho_de_vidrio,chimera_grid,1,align-on__nb6__mix0.50__warp-off,,fuego,vidrio,chimera,6,True,False,0.5,-40.0,False,6.0,42,0.636059,0.792658,0.625,0.0,0.162333,1193.331167,181.942783,1011.388384,2250.492568,False,vidrio,False,,,,,,,0,29.87504,-52.419252,-31.319245,,,,,,,,,2.219024
fuego_hecho_de_vidrio,chimera_grid,1,align-on__nb6__mix0.50__warp-on,,fuego,vidrio,chimera,6,True,True,0.5,-40.0,False,6.0,42,0.623183,0.792658,0.238095,0.0,0.271322,1193.331167,181.942783,1011.388384,2250.492568,False,vidrio,False,signal_warp,40,6,9,0.83908,,0,28.82002,-51.596061,-30.236435,,,,,,,,,2.295066
fuego_hecho_de_vidrio,chimera_grid,1,align-on__nb6__mix0.75__warp-off,,fuego,vidrio,chimera,6,True,False,0.75,-40.0,False,6.0,42,0.648267,0.792658,0.818182,0.0,0.111092,1193.331167,181.942783,1011.388384,2250.492568,False,vidrio,False,,,,,,,0,30.479339,-53.216738,-31.986673,,,,,,,,,2.216027
fuego_hecho_de_vidrio,chimera_grid,1,align-on__nb6__mix0.75__warp-on,,fuego,vidrio,chimera,6,True,True,0.75,-40.0,False,6.0,42,0.631627,0.792658,0.333333,0.0,0.247395,1193.331167,181.942783,1011.388384,2250.492568,False,vidrio,False,signal_warp,40,6,9,0.83908,,0,29.484545,-51.962501,-31.036881,,,,,,,,,2.290493
fuego_hecho_de_vidrio,chimera_grid,1,align-on__nb6__mix1.00__warp-off,,fuego,vidrio,chimera,6,True,False,1.0,-40.0,False,6.0,42,0.662104,0.792658,0.8,0.0,0.124157,1193.331167,181.942783,1011.388384,2250.492568,False,vidrio,False,,,,,,,0,30.89852,-53.762451,-32.428073,,,,,,,,,2.22855
fuego_hecho_de_vidrio,chimera_grid,1,align-on__nb6__mix1.00__warp-on,,fuego,vidrio,chimera,6,True,True,1.0,-40.0,False,6.0,42,0.645152,0.792658,0.571429,0.0,0.183405,1193.331167,181.942783,1011.388384,2250.492568,False,vidrio,False,signal_warp,40,6,9,0.83908,,0,29.901314,-52.221601,-31.535091,,,,,,,,,2.286577
fuego_hecho_de_vidrio,chimera_grid,1,align-on__nb8__mix0.00__warp-off,,fuego,vidrio,chimera,8,True,False,0.0,-40.0,False,6.0,42,0.541224,0.792658,0.428571,0.0,0.169102,1193.331167,181.942783,1011.388384,2250.492568,False,vidrio,False,,,,,,,0,32.368856,-58.093499,-33.27688,,,,,,,,,2.412204
fuego_hecho_de_vidrio,chimera_grid,1,align-on__nb8__mix0.00__warp-on,,fuego,vidrio,chimera,8,True,True,0.0,-40.0,False,6.0,42,0.639018,0.792658,0.625,0.0,0.16396,1193.331167,181.942783,1011.388384,2250.492568,False,vidrio,False,signal_warp,40,6,9,0.83908,,0,30.880536,-56.863702,-31.743594,,,,,,,,,2.507486
fuego_hecho_de_vidrio,chimera_grid,1,align-on__nb8__mix0.25__warp-off,,fuego,vidrio,chimera,8,True,False,0.25,-40.0,False,6.0,42,0.545181,0.792658,0.777778,0.0,0.066516,1193.331167,181.942783,1011.388384,2250.492568,False,vidrio,False,,,,,,,0,31.637738,-58.70617,-32.711965,,,,,,,,,2.417123
fuego_hecho_de_vidrio,chimera_grid,1,align-on__nb8__mix0.25__warp-on,,fuego,vidrio,chimera,8,True,True,0.25,-40.0,False,6.0,42,0.623357,0.792658,0.619048,0.0,0.157132,1193.331167,181.942783,1011.388384,2250.492568,False,vidrio,False,signal_warp,40,6,9,0.83908,,0,30.213506,-55.868921,-31.242082,,,,,,,,,2.485461
fuego_hecho_de_vidrio,chimera_grid,1,align-on__nb8__mix0.50__warp-off,,fuego,vidrio,chimera,8,True,False,0.5,-40.0,False,6.0,42,0.547844,0.792658,0.454545,0.0,0.16495,1193.331167,181.942783,1011.388384,2250.492568,False,vidrio,False,,,,,,,0,30.82455,-58.579317,-32.102182,,,,,,,,,2.409612
fuego_hecho_de_vidrio,chimera_grid,1,align-on__nb8__mix0.50__warp-on,,fuego,vidrio,chimera,8,True,True,0.5,-40.0,False,6.0,42,0.611783,0.792658,0.481481,0.0,0.192036,1193.331167,181.942783,1011.388384,2250.492568,False,vidrio,False,signal_warp,40,6,9,0.83908,,0,29.311685,-54.787758,-30.551361,,,,,,,,,2.496479
fuego_hecho_de_vidrio,chimera_grid,1,align-on__nb8__mix0.75__warp-off,,fuego,vidrio,chimera,8,True,False,0.75,-40.0,False,6.0,42,0.55663,0.792658,0.571429,0.0,0.134718,1193.331167,181.942783,1011.388384,2250.492568,False,vidrio,False,,,,,,,0,30.279729,-58.565699,-31.753947,,,,,,,,,2.418734
fuego_hecho_de_vidrio,chimera_grid,1,align-on__nb8__mix0.75__warp-on,,fuego,vidrio,chimera,8,True,True,0.75,-40.0,False,6.0,42,0.607394,0.792658,0.619048,0.0,0.148352,1193.331167,181.942783,1011.388384,2250.492568,False,vidrio,False,signal_warp,40,6,9,0.83908,,0,28.138495,-53.672114,-29.601245,,,,,,,,,2.491303
fuego_hecho_de_vidrio,chimera_grid,1,align-on__nb8__mix1.00__warp-off,,fuego,vidrio,chimera,8,True,False,1.0,-40.0,False,6.0,42,0.573424,0.792658,0.666667,0.0,0.115383,1193.331167,181.942783,1011.388384,2250.492568,False,vidrio,False,,,,,,,0,29.539232,-58.45895,-31.1538,,,,,,,,,2.407404
fuego_hecho_de_vidrio,chimera_grid,1,align-on__nb8__mix1.00__warp-on,,fuego,vidrio,chimera,8,True,True,1.0,-40.0,False,6.0,42,0.611167,0.792658,0.75,0.0,0.111142,1193.331167,181.942783,1011.388384,2250.492568,False,vidrio,False,signal_warp,40,6,9,0.83908,,0,28.751138,-54.600383,-30.39841,,,,,,,,,2.50726
fuego_hecho_de_vidrio,chimera_grid,1,align-on__nb12__mix0.00__warp-off,,fuego,vidrio,chimera,12,True,False,0.0,-40.0,False,6.0,42,0.495549,0.792658,1.0,0.0,-0.027448,1193.331167,181.942783,1011.388384,2250.492568,False,vidrio,False,,,,,,,0,32.477456,-58.583355,-33.473151,,,,,,,,,2.85362
fuego_hecho_de_vidrio,chimera_grid,1,align-on__nb12__mix0.00__warp-on,,fuego,vidrio,chimera,12,True,True,0.0,-40.0,False,6.0,42,0.56035,0.792658,0.466667,0.0,0.168193,1193.331167,181.942783,1011.388384,2250.492568,False,vidrio,False,signal_warp,40,6,9,0.83908,,0,30.977052,-59.708081,-31.805443,,,,,,,,,2.900925
fuego_hecho_de_vidrio,chimera_grid,1,align-on__nb12__mix0.25__warp-off,,fuego,vidrio,chimera,12,True,False,0.25,-40.0,False,6.0,42,0.508204,0.792658,0.75,0.0,0.054512,1193.331167,181.942783,1011.388384,2250.492568,False,vidrio,False,,,,,,,0,32.037683,-60.018844,-33.227367,,,,,,,,,2.843344
fuego_hecho_de_vidrio,chimera_grid,1,align-on__nb12__mix0.25__warp-on,,fuego,vidrio,chimera,12,True,True,0.25,-40.0,False,6.0,42,0.54745,0.792658,0.619048,0.0,0.115383,1193.331167,181.942783,1011.388384,2250.492568,False,vidrio,False,signal_warp,40,6,9,0.83908,,0,30.540983,-58.420562,-31.557881,,,,,,,,,2.918507
fuego_hecho_de_vidrio,chimera_grid,1,align-on__nb12__mix0.50__warp-off,,fuego,vidrio,chimera,12,True,False,0.5,-40.0,False,6.0,42,0.520852,0.792658,0.777778,0.0,0.053135,1193.331167,181.942783,1011.388384,2250.492568,False,vidrio,False,,,,,,,0,31.36951,-60.387515,-32.773681,,,,,,,,,2.844728
fuego_hecho_de_vidrio,chimera_grid,1,align-on__nb12__mix0.50__warp-on,,fuego,vidrio,chimera,12,True,True,0.5,-40.0,False,6.0,42,0.539327,0.792658,0.666667,0.0,0.09663,1193.331167,181.942783,1011.388384,2250.492568,False,vidrio,False,signal_warp,40,6,9,0.83908,,0,30.16686,-57.404224,-31.415044,,,,,,,,,2.901359
fuego_hecho_de_vidrio,chimera_grid,1,align-on__nb12__mix0.75__warp-off,,fuego,vidrio,chimera,12,True,False,0.75,-40.0,False,6.0,42,0.540876,0.792658,0.571429,0.0,0.126053,1193.331167,181.942783,1011.388384,2250.492568,False,vidrio,False,,,,,,,0,30.816508,-60.582419,-32.391094,,,,,,,,,2.828156
fuego_hecho_de_vidrio,chimera_grid,1,align-on__nb12__mix0.75__warp-on,,fuego,vidrio,chimera,12,True,True,0.75,-40.0,False,6.0,42,0.536627,0.792658,0.703704,0.0,0.084034,1193.331167,181.942783,1011.388384,2250.492568,False,vidrio,False,signal_warp,40,6,9,0.83908,,0,29.66695,-56.665103,-31.135687,,,,,,,,,2.919162
fuego_hecho_de_vidrio,chimera_grid,1,align-on__nb12__mix1.00__warp-off,,fuego,vidrio,chimera,12,True,False,1.0,-40.0,False,6.0,42,0.570767,0.792658,0.846154,0.0,0.060076,1193.331167,181.942783,1011.388384,2250.492568,False,vidrio,False,,,,,,,0,30.57067,-61.188216,-32.218705,,,,,,,,,2.84539
fuego_hecho_de_vidrio,chimera_grid,1,align-on__nb12__mix1.00__warp-on,,fuego,vidrio,chimera,12,True,True,1.0,-40.0,False,6.0,42,0.539401,0.792658,0.875,0.0,0.034171,1193.331167,181.942783,1011.388384,2250.492568,False,vidrio,False,signal_warp,40,6,9,0.83908,,0,28.944433,-56.222902,-30.548012,,,,,,,,,2.933539
fuego_hecho_de_vidrio,chimera_grid,1,align-on__nb16__mix0.00__warp-off,,fuego,vidrio,chimera,16,True,False,0.0,-40.0,False,6.0,42,0.471701,0.792658,0.75,0.0,0.034436,1193.331167,181.942783,1011.388384,2250.492568,False,vidrio,False,,,,,,,0,32.06896,-58.725495,-32.955346,,,,,,,,,3.261041
fuego_hecho_de_vidrio,chimera_grid,1,align-on__nb16__mix0.00__warp-on,,fuego,vidrio,chimera,16,True,True,0.0,-40.0,False,6.0,42,0.538531,0.792658,0.529412,0.0,0.137368,1193.331167,181.942783,1011.388384,2250.492568,False,vidrio,False,signal_warp,40,6,9,0.83908,,0,30.113796,-58.680162,-30.896532,,,,,,,,,3.325211
fuego_hecho_de_vidrio,chimera_grid,1,align-on__nb16__mix0.25__warp-off,,fuego,vidrio,chimera,16,True,False,0.25,-40.0,False,6.0,42,0.480629,0.792658,0.777778,0.0,0.031013,1193.331167,181.942783,1011.388384,2250.492568,False,vidrio,False,,,,,,,0,31.215334,-60.150031,-32.261381,,,,,,,,,3.251761
fuego_hecho_de_vidrio,chimera_grid,1,align-on__nb16__mix0.25__warp-on,,fuego,vidrio,chimera,16,True,True,0.25,-40.0,False,6.0,42,0.529711,0.792658,0.565217,0.0,0.121776,1193.331167,181.942783,1011.388384,2250.492568,False,vidrio,False,signal_warp,40,6,9,0.83908,,0,29.739524,-57.515931,-30.71062,,,,,,,,,3.346116
fuego_hecho_de_vidrio,chimera_grid,1,align-on__nb16__mix0.50__warp-off,,fuego,vidrio,chimera,16,True,False,0.5,-40.0,False,6.0,42,0.491554,0.792658,1.0,0.0,-0.029645,1193.331167,181.942783,1011.388384,2250.492568,False,vidrio,False,,,,,,,0,30.182569,-60.370168,-31.392151,,,,,,,,,3.253862
fuego_hecho_de_vidrio,chimera_grid,1,align-on__nb16__mix0.50__warp-on,,fuego,vidrio,chimera,16,True,True,0.5,-40.0,False,6.0,42,0.527337,0.792658,0.636364,0.0,0.099126,1193.331167,181.942783,1011.388384,2250.492568,False,vidrio,False,signal_warp,40,6,9,0.83908,,0,28.952206,-56.234011,-30.141525,,,,,,,,,3.336965
fuego_hecho_de_vidrio,chimera_grid,1,align-on__nb16__mix0.75__warp-off,,fuego,vidrio,chimera,16,True,False,0.75,-40.0,False,6.0,42,0.509203,0.792658,1.0,0.0,-0.019938,1193.331167,181.942783,1011.388384,2250.492568,False,vidrio,False,,,,,,,0,30.193857,-60.78353,-31.522923,,,,,,,,,3.272061
fuego_hecho_de_vidrio,chimera_grid,1,align-on__nb16__mix0.75__warp-on,,fuego,vidrio,chimera,16,True,True,0.75,-40.0,False,6.0,42,0.531405,0.792658,0.571429,0.0,0.120844,1193.331167,181.942783,1011.388384,2250.492568,False,vidrio,False,signal_warp,40,6,9,0.83908,,0,29.076321,-56.26633,-30.45791,,,,,,,,,3.32875
fuego_hecho_de_vidrio,chimera_grid,1,align-on__nb16__mix1.00__warp-off,,fuego,vidrio,chimera,16,True,False,1.0,-40.0,False,6.0,42,0.535435,0.792658,0.692308,0.0,0.086797,1193.331167,181.942783,1011.388384,2250.492568,False,vidrio,False,,,,,,,0,30.959484,-61.510003,-32.338867,,,,,,,,,3.246312
fuego_hecho_de_vidrio,chimera_grid,1,align-on__nb16__mix1.00__warp-on,,fuego,vidrio,chimera,16,True,True,1.0,-40.0,False,6.0,42,0.540931,0.792658,0.5,0.0,0.147512,1193.331167,181.942783,1011.388384,2250.492568,False,vidrio,False,signal_warp,40,6,9,0.83908,,0,29.818061,-57.312429,-31.316412,,,,,,,,,3.312051
fuego_hecho_de_vidrio,chimera_grid,1,align-on__nb24__mix0.00__warp-off,,fuego,vidrio,chimera,24,True,False,0.0,-40.0,False,6.0,42,0.427584,0.792658,1.0,0.0,-0.064829,1193.331167,181.942783,1011.388384,2250.492568,False,vidrio,False,,,,,,,0,31.866091,-58.245544,-32.890222,,,,,,,,,4.074542
fuego_hecho_de_vidrio,chimera_grid,1,align-on__nb24__mix0.00__warp-on,,fuego,vidrio,chimera,24,True,True,0.0,-40.0,False,6.0,42,0.479005,0.792658,0.857143,0.0,0.00631,1193.331167,181.942783,1011.388384,2250.492568,False,vidrio,False,signal_warp,40,6,9,0.83908,,0,30.13997,-58.816742,-31.077213,,,,,,,,,4.16029
fuego_hecho_de_vidrio,chimera_grid,1,align-on__nb24__mix0.25__warp-off,,fuego,vidrio,chimera,24,True,False,0.25,-40.0,False,6.0,42,0.450091,0.792658,0.818182,0.0,0.002095,1193.331167,181.942783,1011.388384,2250.492568,False,vidrio,False,,,,,,,0,31.235258,-61.286891,-32.498594,,,,,,,,,4.073469
fuego_hecho_de_vidrio,chimera_grid,1,align-on__nb24__mix0.25__warp-on,,fuego,vidrio,chimera,24,True,True,0.25,-40.0,False,6.0,42,0.471195,0.792658,0.866667,0.0,-0.000843,1193.331167,181.942783,1011.388384,2250.492568,False,vidrio,False,signal_warp,40,6,9,0.83908,,0,29.050616,-56.878393,-30.27141,,,,,,,,,4.153699
fuego_hecho_de_vidrio,chimera_grid,1,align-on__nb24__mix0.50__warp-off,,fuego,vidrio,chimera,24,True,False,0.5,-40.0,False,6.0,42,0.47155,0.792658,0.75,0.0,0.034352,1193.331167,181.942783,1011.388384,2250.492568,False,vidrio,False,,,,,,,0,30.827706,-64.264099,-32.341545,,,,,,,,,4.071466
fuego_hecho_de_vidrio,chimera_grid,1,align-on__nb24__mix0.50__warp-on,,fuego,vidrio,chimera,24,True,True,0.5,-40.0,False,6.0,42,0.4703,0.792658,0.894737,0.0,-0.009756,1193.331167,181.942783,1011.388384,2250.492568,False,vidrio,False,signal_warp,40,6,9,0.83908,,0,28.371842,-55.649688,-29.912574,,,,,,,,,4.194202
fuego_hecho_de_vidrio,chimera_grid,1,align-on__nb24__mix0.75__warp-off,,fuego,vidrio,chimera,24,True,False,0.75,-40.0,False,6.0,42,0.496554,0.792658,0.789474,0.0,0.036263,1193.331167,181.942783,1011.388384,2250.492568,False,vidrio,False,,,,,,,0,30.262136,-66.297098,-31.94494,,,,,,,,,4.123241
fuego_hecho_de_vidrio,chimera_grid,1,align-on__nb24__mix0.75__warp-on,,fuego,vidrio,chimera,24,True,True,0.75,-40.0,False,6.0,42,0.476897,0.792658,0.875,0.0,-0.000207,1193.331167,181.942783,1011.388384,2250.492568,False,vidrio,False,signal_warp,40,6,9,0.83908,,0,28.76652,-55.944762,-30.549372,,,,,,,,,4.155622
fuego_hecho_de_vidrio,chimera_grid,1,align-on__nb24__mix1.00__warp-off,,fuego,vidrio,chimera,24,True,False,1.0,-40.0,False,6.0,42,0.526244,0.792658,0.777778,0.0,0.056101,1193.331167,181.942783,1011.388384,2250.492568,False,vidrio,False,,,,,,,0,29.601417,-67.438122,-31.319965,,,,,,,,,4.099199
fuego_hecho_de_vidrio,chimera_grid,1,align-on__nb24__mix1.00__warp-on,,fuego,vidrio,chimera,24,True,True,1.0,-40.0,False,6.0,42,0.490387,0.792658,0.714286,0.0,0.055427,1193.331167,181.942783,1011.388384,2250.492568,False,vidrio,False,signal_warp,40,6,9,0.83908,,0,29.506463,-57.06568,-31.362268,,,,,,,,,4.1659
fuego_hecho_de_vidrio,chimera_grid,1,align-on__nb32__mix0.00__warp-off,,fuego,vidrio,chimera,32,True,False,0.0,-40.0,False,6.0,42,0.42063,0.792658,0.666667,0.0,0.031347,1193.331167,181.942783,1011.388384,2250.492568,False,vidrio,False,,,,,,,0,32.374313,-58.537267,-33.385129,,,,,,,,,5.102072
fuego_hecho_de_vidrio,chimera_grid,1,align-on__nb32__mix0.00__warp-on,,fuego,vidrio,chimera,32,True,True,0.0,-40.0,False,6.0,42,0.434651,0.792658,0.5,0.0,0.089058,1193.331167,181.942783,1011.388384,2250.492568,False,vidrio,False,signal_warp,40,6,9,0.83908,,0,30.173739,-57.823296,-31.093829,,,,,,,,,5.074713
fuego_hecho_de_vidrio,chimera_grid,1,align-on__nb32__mix0.25__warp-off,,fuego,vidrio,chimera,32,True,False,0.25,-40.0,False,6.0,42,0.434473,0.792658,0.75,0.0,0.01396,1193.331167,181.942783,1011.388384,2250.492568,False,vidrio,False,,,,,,,0,31.857515,-61.338376,-33.094565,,,,,,,,,4.913753
fuego_hecho_de_vidrio,chimera_grid,1,align-on__nb32__mix0.25__warp-on,,fuego,vidrio,chimera,32,True,True,0.25,-40.0,False,6.0,42,0.428028,0.792658,0.789474,0.0,-0.001427,1193.331167,181.942783,1011.388384,2250.492568,False,vidrio,False,signal_warp,40,6,9,0.83908,,0,29.239668,-56.130126,-30.432078,,,,,,,,,4.985057
fuego_hecho_de_vidrio,chimera_grid,1,align-on__nb32__mix0.50__warp-off,,fuego,vidrio,chimera,32,True,False,0.5,-40.0,False,6.0,42,0.449113,0.792658,0.636364,0.0,0.056103,1193.331167,181.942783,1011.388384,2250.492568,False,vidrio,False,,,,,,,0,31.119115,-63.243783,-32.582111,,,,,,,,,4.921956
fuego_hecho_de_vidrio,chimera_grid,1,align-on__nb32__mix0.50__warp-on,,fuego,vidrio,chimera,32,True,True,0.5,-40.0,False,6.0,42,0.426009,0.792658,0.8,0.0,-0.005695,1193.331167,181.942783,1011.388384,2250.492568,False,vidrio,False,signal_warp,40,6,9,0.83908,,0,28.458033,-54.860668,-29.959518,,,,,,,,,5.024465
fuego_hecho_de_vidrio,chimera_grid,1,align-on__nb32__mix0.75__warp-off,,fuego,vidrio,chimera,32,True,False,0.75,-40.0,False,6.0,42,0.468272,0.792658,0.6,0.0,0.077549,1193.331167,181.942783,1011.388384,2250.492568,False,vidrio,False,,,,,,,0,30.161703,-63.910172,-31.750822,,,,,,,,,4.954828
fuego_hecho_de_vidrio,chimera_grid,1,align-on__nb32__mix0.75__warp-on,,fuego,vidrio,chimera,32,True,True,0.75,-40.0,False,6.0,42,0.429635,0.792658,0.692308,0.0,0.028607,1193.331167,181.942783,1011.388384,2250.492568,False,vidrio,False,signal_warp,40,6,9,0.83908,,0,29.223103,-55.551701,-30.964192,,,,,,,,,5.021528
fuego_hecho_de_vidrio,chimera_grid,1,align-on__nb32__mix1.00__warp-off,,fuego,vidrio,chimera,32,True,False,1.0,-40.0,False,6.0,42,0.494469,0.792658,0.692308,0.0,0.064265,1193.331167,181.942783,1011.388384,2250.492568,False,vidrio,False,,,,,,,0,29.112319,-63.857221,-30.680366,,,,,,,,,4.912051
fuego_hecho_de_vidrio,chimera_grid,1,align-on__nb32__mix1.00__warp-on,,fuego,vidrio,chimera,32,True,True,1.0,-40.0,False,6.0,42,0.438103,0.792658,0.777778,0.0,0.007623,1193.331167,181.942783,1011.388384,2250.492568,False,vidrio,False,signal_warp,40,6,9,0.83908,,0,30.226264,-56.932855,-32.047955,,,,,,,,,4.980731
fuego_hecho_de_vidrio,chimera_plana,1,plana__align-off__nb2__warp-off,,fuego,vidrio,chimera_plana,2,False,False,,-40.0,False,6.0,42,0.747144,0.792658,0.333333,0.0,0.310929,,,,,False,,False,,,,,,color_mix;a_floor_db,0,31.441449,-51.034282,-34.735026,,,,,,,,,0.92741
fuego_hecho_de_vidrio,chimera_plana,1,plana__align-off__nb4__warp-off,,fuego,vidrio,chimera_plana,4,False,False,,-40.0,False,6.0,42,0.606907,0.792658,0.7,0.0,0.123799,,,,,False,,False,,,,,,color_mix;a_floor_db,0,30.08393,-52.927919,-33.485041,,,,,,,,,1.13182
fuego_hecho_de_vidrio,chimera_plana,1,plana__align-off__nb6__warp-off,,fuego,vidrio,chimera_plana,6,False,False,,-40.0,False,6.0,42,0.606891,0.792658,0.866667,0.0,0.07379,,,,,False,,False,,,,,,color_mix;a_floor_db,0,28.750646,-52.193703,-36.113016,,,,,,,,,1.31612
fuego_hecho_de_vidrio,chimera_plana,1,plana__align-off__nb8__warp-off,,fuego,vidrio,chimera_plana,8,False,False,,-40.0,False,6.0,42,0.540455,0.792658,0.636364,0.0,0.106341,,,,,False,,False,,,,,,color_mix;a_floor_db,0,30.364955,-52.350462,-35.386043,,,,,,,,,1.516321
fuego_hecho_de_vidrio,chimera_plana,1,plana__align-off__nb12__warp-off,,fuego,vidrio,chimera_plana,12,False,False,,-40.0,False,6.0,42,0.464224,0.792658,0.6,0.0,0.075323,,,,,False,,False,,,,,,color_mix;a_floor_db,0,29.205898,-52.004525,-35.965996,,,,,,,,,1.946906
fuego_hecho_de_vidrio,chimera_plana,1,plana__align-off__nb16__warp-off,,fuego,vidrio,chimera_plana,16,False,False,,-40.0,False,6.0,42,0.443251,0.792658,0.625,0.0,0.056288,,,,,False,,False,,,,,,color_mix;a_floor_db,0,29.07152,-51.916624,-36.339444,,,,,,,,,2.427845
fuego_hecho_de_vidrio,chimera_plana,1,plana__align-off__nb24__warp-off,,fuego,vidrio,chimera_plana,24,False,False,,-40.0,False,6.0,42,0.398791,0.792658,1.0,0.0,-0.080665,,,,,False,,False,,,,,,color_mix;a_floor_db,0,27.556291,-51.343236,-36.560245,,,,,,,,,3.190435
fuego_hecho_de_vidrio,chimera_plana,1,plana__align-off__nb32__warp-off,,fuego,vidrio,chimera_plana,32,False,False,,-40.0,False,6.0,42,0.462917,0.792658,1.0,0.0,-0.045396,,,,,False,,False,,,,,,color_mix;a_floor_db,0,28.285199,-51.437255,-36.064131,,,,,,,,,4.012397
fuego_hecho_de_vidrio,baseline_v11,1,align-off__nb16__mixV11__warp-off,,fuego,vidrio,chimera,16,False,False,,-40.0,False,6.0,42,0.543596,0.792658,1.0,0.0,-0.001022,,,,,False,,False,,,,,,a_floor_db,0,29.521972,-63.707464,-30.232281,True,baseline_v11,escucha_AB/fusion_v12/fuego_hecho_de_vidrio/baseline_v11__align-off__nb16__mixV11__warp-off.wav,1.0,linear_capped,True,-2.0087,,2.351996
fuego_hecho_de_vidrio,suma_ancla,1,suma,,fuego,vidrio,suma,8,False,False,,-40.0,False,6.0,42,0.182702,0.792658,0.859649,0.28502,-0.200161,,,,,False,,False,,,,,,color_mix;a_floor_db;n_bands,,24.986047,-46.391379,-31.320381,True,suma_ancla,escucha_AB/fusion_v12/fuego_hecho_de_vidrio/suma_ancla__suma.wav,1.240424,linear,False,-0.0,,0.716546
fuego_hecho_de_vidrio,vocoder,1,vocoder__align-off__nb8__warp-off,,fuego,vidrio,vocoder,8,False,False,,-40.0,False,6.0,42,0.360152,0.792658,1.0,0.0,-0.101916,,,,,False,,False,,,,,,color_mix;a_floor_db,0,16.468565,-71.331444,-17.6829,True,muestra1,escucha_AB/fusion_v12/fuego_hecho_de_vidrio/muestra1__vocoder__align-off__nb8__warp-off.wav,0.280391,linear,False,0.0,,2.24752
fuego_hecho_de_vidrio,vocoder,1,vocoder__align-off__nb12__warp-off,,fuego,vidrio,vocoder,12,False,False,,-40.0,False,6.0,42,0.398645,0.792658,1.0,0.0,-0.080745,,,,,False,,False,,,,,,color_mix;a_floor_db,0,17.144514,-65.885816,-18.052501,True,muestra2,escucha_AB/fusion_v12/fuego_hecho_de_vidrio/muestra2__vocoder__align-off__nb12__warp-off.wav,0.303083,linear,False,0.0,,1.707759
fuego_hecho_de_vidrio,vocoder,1,vocoder__align-off__nb16__warp-off,,fuego,vidrio,vocoder,16,False,False,,-40.0,False,6.0,42,0.358304,0.792658,1.0,0.0,-0.102933,,,,,False,,False,,,,,,color_mix;a_floor_db,0,17.079158,-70.346226,-18.476823,True,muestra3,escucha_AB/fusion_v12/fuego_hecho_de_vidrio/muestra3__vocoder__align-off__nb16__warp-off.wav,0.300811,linear,False,0.0,,2.022565
fuego_hecho_de_vidrio,stats_finish_top5,2,plana__align-off__nb2__warp-off__stats-on,,fuego,vidrio,chimera_plana,2,False,False,,-40.0,True,6.0,42,0.614858,0.746012,0.666667,0.06161,0.12893,,,,,False,,False,,,,,,color_mix;a_floor_db,0,26.358861,-51.043217,-36.972647,,,,,,,,1,13.359156
fuego_hecho_de_vidrio,stats_finish_top5,2,align-off__nb6__mix0.75__warp-off__stats-on,,fuego,vidrio,chimera,6,False,False,0.75,-40.0,True,6.0,42,0.584158,0.746012,0.866667,0.0,0.061287,,,,,False,,False,,,,,,,0,28.208981,-56.06863,-33.714752,,,,,,,,2,12.907885
fuego_hecho_de_vidrio,stats_finish_top5,2,align-on__nb6__mix0.50__warp-on__stats-on,,fuego,vidrio,chimera,6,True,True,0.5,-40.0,True,6.0,42,0.55725,0.792658,0.555556,0.0,0.139821,1193.331167,181.942783,1011.388384,2250.492568,False,vidrio,False,signal_warp,40,6,9,0.83908,,0,28.946076,-51.704305,-32.336641,,,,,,,,3,13.929183
fuego_hecho_de_vidrio,stats_finish_top5,2,align-on__nb2__mix1.00__warp-off__stats-on,,fuego,vidrio,chimera,2,True,False,1.0,-40.0,True,6.0,42,0.646459,0.792658,0.789474,0.009987,0.117212,1193.331167,181.942783,1011.388384,2250.492568,False,vidrio,False,,,,,,,0,27.292478,-49.867901,-33.9023,,,,,,,,4,13.59004
fuego_hecho_de_vidrio,stats_finish_top5,2,align-off__nb2__mix1.00__warp-off__stats-on,,fuego,vidrio,chimera,2,False,False,1.0,-40.0,True,6.0,42,0.637826,0.792658,0.652174,0.047208,0.148071,,,,,False,,False,,,,,,,0,26.729947,-50.092177,-35.352687,,,,,,,,5,12.694669
goteo_hecho_de_campana,chimera_grid,1,align-off__nb2__mix0.00__warp-off,,goteo,campana_tela,chimera,2,False,False,0.0,-40.0,False,6.0,42,0.617834,0.650676,0.818182,0.0,0.094354,,,,,False,,False,,,,,,,0,20.910963,-30.790951,-33.06358,True,muestra1,escucha_AB/fusion_v12/goteo_hecho_de_campana/muestra1__align-off__nb2__mix0.00__warp-off.wav,0.467611,linear,False,0.0,,2.226304
goteo_hecho_de_campana,chimera_grid,1,align-off__nb2__mix0.00__warp-on,,goteo,campana_tela,chimera,2,False,True,0.0,-40.0,False,6.0,42,0.66298,0.650676,0.548387,0.0,0.200123,,,,,False,,False,signal_warp,59,3,3,0.00845,,0,21.617407,-32.9441,-35.800182,,,,,,,,,1.93882
goteo_hecho_de_campana,chimera_grid,1,align-off__nb2__mix0.25__warp-off,,goteo,campana_tela,chimera,2,False,False,0.25,-40.0,False,6.0,42,0.631735,0.650676,0.517241,0.0,0.192282,,,,,False,,False,,,,,,,0,21.359784,-32.24857,-32.411737,,,,,,,,,0.949649
goteo_hecho_de_campana,chimera_grid,1,align-off__nb2__mix0.25__warp-on,,goteo,campana_tela,chimera,2,False,True,0.25,-40.0,False,6.0,42,0.664137,0.650676,0.533333,0.0,0.205275,,,,,False,,False,signal_warp,59,3,3,0.00845,,0,22.025692,-34.305242,-34.148464,,,,,,,,,1.927123
goteo_hecho_de_campana,chimera_grid,1,align-off__nb2__mix0.50__warp-off,,goteo,campana_tela,chimera,2,False,False,0.5,-40.0,False,6.0,42,0.643645,0.650676,0.466667,0.0,0.214005,,,,,False,,False,,,,,,,0,21.907367,-34.204052,-31.649905,,,,,,,,,0.959226
goteo_hecho_de_campana,chimera_grid,1,align-off__nb2__mix0.50__warp-on,,goteo,campana_tela,chimera,2,False,True,0.5,-40.0,False,6.0,42,0.664979,0.650676,0.533333,0.0,0.205738,,,,,False,,False,signal_warp,59,3,3,0.00845,,0,22.588403,-36.119351,-32.845155,,,,,,,,,1.930035
goteo_hecho_de_campana,chimera_grid,1,align-off__nb2__mix0.75__warp-off,,goteo,campana_tela,chimera,2,False,False,0.75,-40.0,False,6.0,42,0.652644,0.650676,0.466667,0.0,0.218954,,,,,False,,False,,,,,,,0,22.533884,-36.525408,-31.0767,,,,,,,,,0.948876
goteo_hecho_de_campana,chimera_grid,1,align-off__nb2__mix0.75__warp-on,,goteo,campana_tela,chimera,2,False,True,0.75,-40.0,False,6.0,42,0.664773,0.650676,0.5,0.0,0.215625,,,,,False,,False,signal_warp,59,3,3,0.00845,,0,23.513326,-38.432744,-32.31649,,,,,,,,,1.939682
goteo_hecho_de_campana,chimera_grid,1,align-off__nb2__mix1.00__warp-off,,goteo,campana_tela,chimera,2,False,False,1.0,-40.0,False,6.0,42,0.658619,0.650676,0.515152,0.0,0.207695,,,,,False,,False,,,,,,,0,23.352635,-38.992375,-30.983934,True,muestra7,escucha_AB/fusion_v12/goteo_hecho_de_campana/muestra7__align-off__nb2__mix1.00__warp-off.wav,0.619396,linear,False,0.0,,1.008933
goteo_hecho_de_campana,chimera_grid,1,align-off__nb2__mix1.00__warp-on,,goteo,campana_tela,chimera,2,False,True,1.0,-40.0,False,6.0,42,0.663868,0.650676,0.548387,0.0,0.200611,,,,,False,,False,signal_warp,59,3,3,0.00845,,0,24.134368,-40.280977,-31.923718,,,,,,,,,2.001788
goteo_hecho_de_campana,chimera_grid,1,align-off__nb4__mix0.00__warp-off,,goteo,campana_tela,chimera,4,False,False,0.0,-40.0,False,6.0,42,0.629766,0.650676,1.0,0.0,0.046371,,,,,False,,False,,,,,,,0,22.707936,-37.175876,-32.841039,,,,,,,,,1.210942
goteo_hecho_de_campana,chimera_grid,1,align-off__nb4__mix0.00__warp-on,,goteo,campana_tela,chimera,4,False,True,0.0,-40.0,False,6.0,42,0.631888,0.650676,1.0,0.0,0.047538,,,,,False,,False,signal_warp,59,3,3,0.00845,,0,22.26357,-35.861306,-31.562826,,,,,,,,,2.233552
goteo_hecho_de_campana,chimera_grid,1,align-off__nb4__mix0.25__warp-off,,goteo,campana_tela,chimera,4,False,False,0.25,-40.0,False,6.0,42,0.667145,0.650676,0.741935,0.0,0.144349,,,,,False,,False,,,,,,,0,23.956593,-39.268634,-32.951442,,,,,,,,,1.203052
goteo_hecho_de_campana,chimera_grid,1,align-off__nb4__mix0.25__warp-on,,goteo,campana_tela,chimera,4,False,True,0.25,-40.0,False,6.0,42,0.669253,0.650676,0.75,0.0,0.143089,,,,,False,,False,signal_warp,59,3,3,0.00845,,0,23.589592,-38.060652,-32.145303,,,,,,,,,2.183263
goteo_hecho_de_campana,chimera_grid,1,align-off__nb4__mix0.50__warp-off,,goteo,campana_tela,chimera,4,False,False,0.5,-40.0,False,6.0,42,0.700294,0.650676,0.736842,0.0,0.164109,,,,,False,,False,,,,,,,0,25.238144,-41.311904,-32.808937,,,,,,,,,1.194896
goteo_hecho_de_campana,chimera_grid,1,align-off__nb4__mix0.50__warp-on,,goteo,campana_tela,chimera,4,False,True,0.5,-40.0,False,6.0,42,0.701938,0.650676,0.756098,0.0,0.159237,,,,,False,,False,signal_warp,59,3,3,0.00845,,0,25.198056,-40.634407,-32.622865,,,,,,,,,2.187627
goteo_hecho_de_campana,chimera_grid,1,align-off__nb4__mix0.75__warp-off,,goteo,campana_tela,chimera,4,False,False,0.75,-40.0,False,6.0,42,0.720699,0.650676,0.72549,0.0,0.178737,,,,,False,,False,,,,,,,0,26.662746,-43.091299,-33.0048,,,,,,,,,1.207644
goteo_hecho_de_campana,chimera_grid,1,align-off__nb4__mix0.75__warp-on,,goteo,campana_tela,chimera,4,False,True,0.75,-40.0,False,6.0,42,0.721357,0.650676,0.606557,0.0,0.214779,,,,,False,,False,signal_warp,59,3,3,0.00845,,0,26.276932,-42.429489,-32.61475,,,,,,,,,2.194455
goteo_hecho_de_campana,chimera_grid,1,align-off__nb4__mix1.00__warp-off,,goteo,campana_tela,chimera,4,False,False,1.0,-40.0,False,6.0,42,0.727935,0.650676,0.569231,0.0,0.229595,,,,,False,,False,,,,,,,0,27.610453,-43.999792,-33.076635,,,,,,,,,1.21027
goteo_hecho_de_campana,chimera_grid,1,align-off__nb4__mix1.00__warp-on,,goteo,campana_tela,chimera,4,False,True,1.0,-40.0,False,6.0,42,0.72746,0.650676,0.606061,0.0,0.218285,,,,,False,,False,signal_warp,59,3,3,0.00845,,0,26.925911,-43.394316,-32.446321,,,,,,,,,2.202756
goteo_hecho_de_campana,chimera_grid,1,align-off__nb6__mix0.00__warp-off,,goteo,campana_tela,chimera,6,False,False,0.0,-40.0,False,6.0,42,0.64025,0.650676,0.652174,0.0,0.156485,,,,,False,,False,,,,,,,0,22.125176,-37.512071,-31.566667,,,,,,,,,1.441382
goteo_hecho_de_campana,chimera_grid,1,align-off__nb6__mix0.00__warp-on,,goteo,campana_tela,chimera,6,False,True,0.0,-40.0,False,6.0,42,0.654133,0.650676,0.75,0.0,0.134773,,,,,False,,False,signal_warp,59,3,3,0.00845,,0,23.157178,-37.614547,-32.078193,,,,,,,,,2.417784
goteo_hecho_de_campana,chimera_grid,1,align-off__nb6__mix0.25__warp-off,,goteo,campana_tela,chimera,6,False,False,0.25,-40.0,False,6.0,42,0.681627,0.650676,0.705882,0.0,0.16313,,,,,False,,False,,,,,,,0,24.170357,-40.507774,-32.594108,,,,,,,,,1.429281
goteo_hecho_de_campana,chimera_grid,1,align-off__nb6__mix0.25__warp-on,,goteo,campana_tela,chimera,6,False,True,0.25,-40.0,False,6.0,42,0.691365,0.650676,0.72973,0.0,0.161332,,,,,False,,False,signal_warp,59,3,3,0.00845,,0,25.432275,-40.926607,-33.492799,,,,,,,,,2.414467
goteo_hecho_de_campana,chimera_grid,1,align-off__nb6__mix0.50__warp-off,,goteo,campana_tela,chimera,6,False,False,0.5,-40.0,False,6.0,42,0.713865,0.650676,0.708333,0.0,0.180126,,,,,False,,False,,,,,,,0,26.099664,-43.267145,-33.203966,,,,,,,,,1.436034
goteo_hecho_de_campana,chimera_grid,1,align-off__nb6__mix0.50__warp-on,,goteo,campana_tela,chimera,6,False,True,0.5,-40.0,False,6.0,42,0.722748,0.650676,0.686275,0.0,0.191629,,,,,False,,False,signal_warp,59,3,3,0.00845,,0,27.162349,-43.658535,-34.052498,,,,,,,,,2.427608
goteo_hecho_de_campana,chimera_grid,1,align-off__nb6__mix0.75__warp-off,,goteo,campana_tela,chimera,6,False,False,0.75,-40.0,False,6.0,42,0.729127,0.650676,0.514286,0.0,0.246734,,,,,False,,False,,,,,,,0,27.318853,-44.830704,-33.337752,,,,,,,,,1.429388
goteo_hecho_de_campana,chimera_grid,1,align-off__nb6__mix0.75__warp-on,,goteo,campana_tela,chimera,6,False,True,0.75,-40.0,False,6.0,42,0.737664,0.650676,0.5,0.0,0.255715,,,,,False,,False,signal_warp,59,3,3,0.00845,,0,28.250681,-45.271221,-34.145849,,,,,,,,,2.406149
goteo_hecho_de_campana,chimera_grid,1,align-off__nb6__mix1.00__warp-off,,goteo,campana_tela,chimera,6,False,False,1.0,-40.0,False,6.0,42,0.732993,0.650676,0.617647,0.0,0.217852,,,,,False,,False,,,,,,,0,28.033032,-45.507604,-33.336764,,,,,,,,,1.408471
goteo_hecho_de_campana,chimera_grid,1,align-off__nb6__mix1.00__warp-on,,goteo,campana_tela,chimera,6,False,True,1.0,-40.0,False,6.0,42,0.740107,0.650676,0.513514,0.0,0.253005,,,,,False,,False,signal_warp,59,3,3,0.00845,,0,28.880649,-45.963349,-34.108794,,,,,,,,,2.417555
goteo_hecho_de_campana,chimera_grid,1,align-off__nb8__mix0.00__warp-off,,goteo,campana_tela,chimera,8,False,False,0.0,-40.0,False,6.0,42,0.610923,0.650676,0.724138,0.0,0.118766,,,,,False,,False,,,,,,,0,21.909197,-37.317547,-31.517358,,,,,,,,,1.669091
goteo_hecho_de_campana,chimera_grid,1,align-off__nb8__mix0.00__warp-on,,goteo,campana_tela,chimera,8,False,True,0.0,-40.0,False,6.0,42,0.660058,0.650676,0.666667,0.0,0.163032,,,,,False,,False,signal_warp,59,3,3,0.00845,,0,23.242139,-37.234277,-32.470703,,,,,,,,,2.635142
goteo_hecho_de_campana,chimera_grid,1,align-off__nb8__mix0.25__warp-off,,goteo,campana_tela,chimera,8,False,False,0.25,-40.0,False,6.0,42,0.695742,0.650676,0.727273,0.0,0.164476,,,,,False,,False,,,,,,,0,25.398466,-42.655848,-33.15067,,,,,,,,,1.660447
goteo_hecho_de_campana,chimera_grid,1,align-off__nb8__mix0.25__warp-on,,goteo,campana_tela,chimera,8,False,True,0.25,-40.0,False,6.0,42,0.717361,0.650676,0.591837,0.0,0.216998,,,,,False,,False,signal_warp,59,3,3,0.00845,,0,26.422579,-42.228478,-33.925422,,,,,,,,,2.659587
goteo_hecho_de_campana,chimera_grid,1,align-off__nb8__mix0.50__warp-off,,goteo,campana_tela,chimera,8,False,False,0.5,-40.0,False,6.0,42,0.748944,0.650676,0.57377,0.0,0.239788,,,,,False,,False,,,,,,,0,27.82188,-46.325008,-33.585566,,,,,,,,,1.673588
goteo_hecho_de_campana,chimera_grid,1,align-off__nb8__mix0.50__warp-on,,goteo,campana_tela,chimera,8,False,True,0.5,-40.0,False,6.0,42,0.757414,0.650676,0.545455,0.0,0.252942,,,,,False,,False,signal_warp,59,3,3,0.00845,,0,28.738355,-45.983919,-34.335266,,,,,,,,,2.617613
goteo_hecho_de_campana,chimera_grid,1,align-off__nb8__mix0.75__warp-off,,goteo,campana_tela,chimera,8,False,False,0.75,-40.0,False,6.0,42,0.755531,0.650676,0.68254,0.0,0.21078,,,,,False,,False,,,,,,,0,29.070616,-47.695525,-33.556195,,,,,,,,,1.657408
goteo_hecho_de_campana,chimera_grid,1,align-off__nb8__mix0.75__warp-on,,goteo,campana_tela,chimera,8,False,True,0.75,-40.0,False,6.0,42,0.761438,0.650676,0.723077,0.0,0.201868,,,,,False,,False,signal_warp,59,3,3,0.00845,,0,30.01616,-47.735685,-34.381101,,,,,,,,,2.676394
goteo_hecho_de_campana,chimera_grid,1,align-off__nb8__mix1.00__warp-off,,goteo,campana_tela,chimera,8,False,False,1.0,-40.0,False,6.0,42,0.740933,0.650676,0.737705,0.0,0.186201,,,,,False,,False,,,,,,,0,29.897505,-48.194542,-33.739119,,,,,,,,,1.742763
goteo_hecho_de_campana,chimera_grid,1,align-off__nb8__mix1.00__warp-on,,goteo,campana_tela,chimera,8,False,True,1.0,-40.0,False,6.0,42,0.745464,0.650676,0.777778,0.0,0.176672,,,,,False,,False,signal_warp,59,3,3,0.00845,,0,30.626009,-48.253976,-34.378425,,,,,,,,,2.681879
goteo_hecho_de_campana,chimera_grid,1,align-off__nb12__mix0.00__warp-off,,goteo,campana_tela,chimera,12,False,False,0.0,-40.0,False,6.0,42,0.620328,0.650676,0.727273,0.0,0.122998,,,,,False,,False,,,,,,,2,23.292954,-39.883405,-32.554713,,,,,,,,,2.096432
goteo_hecho_de_campana,chimera_grid,1,align-off__nb12__mix0.00__warp-on,,goteo,campana_tela,chimera,12,False,True,0.0,-40.0,False,6.0,42,0.68572,0.650676,0.636364,0.0,0.186237,,,,,False,,False,signal_warp,59,3,3,0.00845,,2,22.375064,-36.293214,-31.020203,,,,,,,,,3.033697
goteo_hecho_de_campana,chimera_grid,1,align-off__nb12__mix0.25__warp-off,,goteo,campana_tela,chimera,12,False,False,0.25,-40.0,False,6.0,42,0.707251,0.650676,0.522388,0.0,0.232271,,,,,False,,False,,,,,,,2,25.717281,-44.242575,-32.980417,,,,,,,,,2.083275
goteo_hecho_de_campana,chimera_grid,1,align-off__nb12__mix0.25__warp-on,,goteo,campana_tela,chimera,12,False,True,0.25,-40.0,False,6.0,42,0.732701,0.650676,0.375,0.0,0.290486,,,,,False,,False,signal_warp,59,3,3,0.00845,,2,24.907428,-41.368489,-31.693597,,,,,,,,,3.030142
goteo_hecho_de_campana,chimera_grid,1,align-off__nb12__mix0.50__warp-off,,goteo,campana_tela,chimera,12,False,False,0.5,-40.0,False,6.0,42,0.760038,0.650676,0.44,0.0,0.286021,,,,,False,,False,,,,,,,2,27.289854,-47.27022,-32.578376,,,,,,,,,2.054578
goteo_hecho_de_campana,chimera_grid,1,align-off__nb12__mix0.50__warp-on,,goteo,campana_tela,chimera,12,False,True,0.5,-40.0,False,6.0,42,0.765616,0.650676,0.318182,0.0,0.325634,,,,,False,,False,signal_warp,59,3,3,0.00845,,2,27.183046,-46.290755,-32.154069,,,,,,,,,3.00826
goteo_hecho_de_campana,chimera_grid,1,align-off__nb12__mix0.75__warp-off,,goteo,campana_tela,chimera,12,False,False,0.75,-40.0,False,6.0,42,0.766292,0.650676,0.392405,0.0,0.303739,,,,,False,,False,,,,,,,2,27.997583,-48.337907,-32.052157,,,,,,,,,2.075031
goteo_hecho_de_campana,chimera_grid,1,align-off__nb12__mix0.75__warp-on,,goteo,campana_tela,chimera,12,False,True,0.75,-40.0,False,6.0,42,0.768694,0.650676,0.341463,0.0,0.320343,,,,,False,,False,signal_warp,59,3,3,0.00845,,2,28.494729,-48.994284,-32.324558,,,,,,,,,2.109388
goteo_hecho_de_campana,chimera_grid,1,align-off__nb12__mix1.00__warp-off,,goteo,campana_tela,chimera,12,False,False,1.0,-40.0,False,6.0,42,0.75261,0.650676,0.44,0.0,0.281936,,,,,False,,False,,,,,,,2,28.282086,-48.476509,-31.670738,,,,,,,,,2.046345
goteo_hecho_de_campana,chimera_grid,1,align-off__nb12__mix1.00__warp-on,,goteo,campana_tela,chimera,12,False,True,1.0,-40.0,False,6.0,42,0.75344,0.650676,0.506849,0.0,0.262337,,,,,False,,False,signal_warp,59,3,3,0.00845,,2,29.166164,-49.957948,-32.365899,,,,,,,,,3.003103
goteo_hecho_de_campana,chimera_grid,1,align-off__nb16__mix0.00__warp-off,,goteo,campana_tela,chimera,16,False,False,0.0,-40.0,False,6.0,42,0.62304,0.650676,0.592593,0.0,0.164894,,,,,False,,False,,,,,,,3,21.303622,-38.765136,-30.644491,,,,,,,,,2.492117
goteo_hecho_de_campana,chimera_grid,1,align-off__nb16__mix0.00__warp-on,,goteo,campana_tela,chimera,16,False,True,0.0,-40.0,False,6.0,42,0.700081,0.650676,0.514286,0.0,0.230759,,,,,False,,False,signal_warp,59,3,3,0.00845,,3,22.256684,-35.753668,-30.7186,,,,,,,,,3.46055
goteo_hecho_de_campana,chimera_grid,1,align-off__nb16__mix0.25__warp-off,,goteo,campana_tela,chimera,16,False,False,0.25,-40.0,False,6.0,42,0.702331,0.650676,0.6,0.0,0.206282,,,,,False,,False,,,,,,,3,23.569078,-42.985174,-30.929916,,,,,,,,,2.478188
goteo_hecho_de_campana,chimera_grid,1,align-off__nb16__mix0.25__warp-on,,goteo,campana_tela,chimera,16,False,True,0.25,-40.0,False,6.0,42,0.743306,0.650676,0.373494,0.0,0.29677,,,,,False,,False,signal_warp,59,3,3,0.00845,,3,24.296197,-40.496412,-31.056328,,,,,,,,,3.435076
goteo_hecho_de_campana,chimera_grid,1,align-off__nb16__mix0.50__warp-off,,goteo,campana_tela,chimera,16,False,False,0.5,-40.0,False,6.0,42,0.768782,0.650676,0.583333,0.0,0.24783,,,,,False,,False,,,,,,,3,25.588921,-46.442612,-30.67078,,,,,,,,,2.47291
goteo_hecho_de_campana,chimera_grid,1,align-off__nb16__mix0.50__warp-on,,goteo,campana_tela,chimera,16,False,True,0.5,-40.0,False,6.0,42,0.784631,0.650676,0.382716,0.0,0.316732,,,,,False,,False,signal_warp,59,3,3,0.00845,,3,26.13187,-45.116868,-30.922311,,,,,,,,,3.439632
goteo_hecho_de_campana,chimera_grid,1,align-off__nb16__mix0.75__warp-off,,goteo,campana_tela,chimera,16,False,False,0.75,-40.0,False,6.0,42,0.792799,0.650676,0.454545,0.0,0.299676,,,,,False,,False,,,,,,,3,26.646428,-47.912655,-30.202683,,,,,,,,,2.489362
goteo_hecho_de_campana,chimera_grid,1,align-off__nb16__mix0.75__warp-on,,goteo,campana_tela,chimera,16,False,True,0.75,-40.0,False,6.0,42,0.802932,0.650676,0.4,0.0,0.321612,,,,,False,,False,signal_warp,59,3,3,0.00845,,3,27.044271,-47.814736,-30.475084,,,,,,,,,3.455152
goteo_hecho_de_campana,chimera_grid,1,align-off__nb16__mix1.00__warp-off,,goteo,campana_tela,chimera,16,False,False,1.0,-40.0,False,6.0,42,0.789967,0.650676,0.44,0.0,0.302482,,,,,False,,False,,,,,,,3,27.656527,-48.906669,-30.425181,,,,,,,,,2.493184
goteo_hecho_de_campana,chimera_grid,1,align-off__nb16__mix1.00__warp-on,,goteo,campana_tela,chimera,16,False,True,1.0,-40.0,False,6.0,42,0.800768,0.650676,0.527778,0.0,0.282089,,,,,False,,False,signal_warp,59,3,3,0.00845,,3,27.346149,-48.846681,-30.04064,,,,,,,,,3.428249
goteo_hecho_de_campana,chimera_grid,1,align-off__nb24__mix0.00__warp-off,,goteo,campana_tela,chimera,24,False,False,0.0,-40.0,False,6.0,42,0.64773,0.650676,0.529412,0.0,0.197428,,,,,False,,False,,,,,,,6,22.442036,-39.580248,-32.106227,True,muestra8,escucha_AB/fusion_v12/goteo_hecho_de_campana/muestra8__align-off__nb24__mix0.00__warp-off.wav,0.557748,linear,False,0.0,,3.340901
goteo_hecho_de_campana,chimera_grid,1,align-off__nb24__mix0.00__warp-on,,goteo,campana_tela,chimera,24,False,True,0.0,-40.0,False,6.0,42,0.710422,0.650676,0.447368,0.0,0.256521,,,,,False,,False,signal_warp,59,3,3,0.00845,,6,23.67633,-37.339682,-32.297058,,,,,,,,,4.277441
goteo_hecho_de_campana,chimera_grid,1,align-off__nb24__mix0.25__warp-off,,goteo,campana_tela,chimera,24,False,False,0.25,-40.0,False,6.0,42,0.709372,0.650676,0.425,0.0,0.262655,,,,,False,,False,,,,,,,6,24.157647,-43.590328,-31.746498,,,,,,,,,3.325329
goteo_hecho_de_campana,chimera_grid,1,align-off__nb24__mix0.25__warp-on,,goteo,campana_tela,chimera,24,False,True,0.25,-40.0,False,6.0,42,0.751491,0.650676,0.288889,0.0,0.326653,,,,,False,,False,signal_warp,59,3,3,0.00845,,6,24.852324,-41.77884,-31.806442,,,,,,,,,4.302893
goteo_hecho_de_campana,chimera_grid,1,align-off__nb24__mix0.50__warp-off,,goteo,campana_tela,chimera,24,False,False,0.5,-40.0,False,6.0,42,0.75896,0.650676,0.357143,0.0,0.310285,,,,,False,,False,,,,,,,6,25.232087,-46.584892,-30.583839,,,,,,,,,3.329449
goteo_hecho_de_campana,chimera_grid,1,align-off__nb24__mix0.50__warp-on,,goteo,campana_tela,chimera,24,False,True,0.5,-40.0,False,6.0,42,0.782073,0.650676,0.175258,0.0,0.377563,,,,,False,,False,signal_warp,59,3,3,0.00845,,6,25.447904,-45.422575,-30.546563,,,,,,,,,4.278608
goteo_hecho_de_campana,chimera_grid,1,align-off__nb24__mix0.75__warp-off,,goteo,campana_tela,chimera,24,False,False,0.75,-40.0,False,6.0,42,0.775642,0.650676,0.410256,0.0,0.303526,,,,,False,,False,,,,,,,6,25.502872,-47.584075,-29.297958,,,,,,,,,3.307831
goteo_hecho_de_campana,chimera_grid,1,align-off__nb24__mix0.75__warp-on,,goteo,campana_tela,chimera,24,False,True,0.75,-40.0,False,6.0,42,0.789009,0.650676,0.468354,0.0,0.293449,,,,,False,,False,signal_warp,59,3,3,0.00845,,6,25.482932,-46.823557,-29.233863,,,,,,,,,4.314797
goteo_hecho_de_campana,chimera_grid,1,align-off__nb24__mix1.00__warp-off,,goteo,campana_tela,chimera,24,False,False,1.0,-40.0,False,6.0,42,0.770862,0.650676,0.413333,0.0,0.299974,,,,,False,,False,,,,,,,6,25.338123,-47.479091,-28.265762,,,,,,,,,3.349927
goteo_hecho_de_campana,chimera_grid,1,align-off__nb24__mix1.00__warp-on,,goteo,campana_tela,chimera,24,False,True,1.0,-40.0,False,6.0,42,0.780106,0.650676,0.555556,0.0,0.262392,,,,,False,,False,signal_warp,59,3,3,0.00845,,6,25.323338,-46.940132,-28.281893,,,,,,,,,4.28685
goteo_hecho_de_campana,chimera_grid,1,align-off__nb32__mix0.00__warp-off,,goteo,campana_tela,chimera,32,False,False,0.0,-40.0,False,6.0,42,0.672668,0.650676,0.432432,0.0,0.240238,,,,,False,,False,,,,,,,10,23.415488,-40.144991,-33.238891,,,,,,,,,4.218228
goteo_hecho_de_campana,chimera_grid,1,align-off__nb32__mix0.00__warp-on,,goteo,campana_tela,chimera,32,False,True,0.0,-40.0,False,6.0,42,0.718679,0.650676,0.402597,0.0,0.274494,,,,,False,,False,signal_warp,59,3,3,0.00845,,10,24.80245,-38.47628,-33.501765,,,,,,,,,5.152567
goteo_hecho_de_campana,chimera_grid,1,align-off__nb32__mix0.25__warp-off,,goteo,campana_tela,chimera,32,False,False,0.25,-40.0,False,6.0,42,0.723332,0.650676,0.375,0.0,0.285333,,,,,False,,False,,,,,,,10,24.924709,-44.518836,-32.719106,,,,,,,,,4.181985
goteo_hecho_de_campana,chimera_grid,1,align-off__nb32__mix0.25__warp-on,,goteo,campana_tela,chimera,32,False,True,0.25,-40.0,False,6.0,42,0.756498,0.650676,0.382716,0.0,0.301259,,,,,False,,False,signal_warp,59,3,3,0.00845,,10,25.736016,-42.92018,-32.800864,,,,,,,,,5.162495
goteo_hecho_de_campana,chimera_grid,1,align-off__nb32__mix0.50__warp-off,,goteo,campana_tela,chimera,32,False,False,0.5,-40.0,False,6.0,42,0.763343,0.650676,0.26087,0.0,0.341578,,,,,False,,False,,,,,,,10,25.877398,-47.685369,-31.547361,,,,,,,,,4.188692
goteo_hecho_de_campana,chimera_grid,1,align-off__nb32__mix0.50__warp-on,,goteo,campana_tela,chimera,32,False,True,0.5,-40.0,False,6.0,42,0.78352,0.650676,0.417722,0.0,0.30562,,,,,False,,False,signal_warp,59,3,3,0.00845,,10,26.044601,-46.501257,-31.366328,,,,,,,,,5.110052
goteo_hecho_de_campana,chimera_grid,1,align-off__nb32__mix0.75__warp-off,,goteo,campana_tela,chimera,32,False,False,0.75,-40.0,False,6.0,42,0.770411,0.650676,0.428571,0.0,0.295154,,,,,False,,False,,,,,,,10,26.08538,-48.435622,-30.220344,,,,,,,,,4.164675
goteo_hecho_de_campana,chimera_grid,1,align-off__nb32__mix0.75__warp-on,,goteo,campana_tela,chimera,32,False,True,0.75,-40.0,False,6.0,42,0.782966,0.650676,0.575758,0.0,0.257904,,,,,False,,False,signal_warp,59,3,3,0.00845,,10,26.037388,-48.1113,-30.034106,,,,,,,,,5.177458
goteo_hecho_de_campana,chimera_grid,1,align-off__nb32__mix1.00__warp-off,,goteo,campana_tela,chimera,32,False,False,1.0,-40.0,False,6.0,42,0.759277,0.650676,0.457143,0.0,0.280459,,,,,False,,False,,,,,,,10,25.869565,-47.939992,-29.097461,,,,,,,,,4.167792
goteo_hecho_de_campana,chimera_grid,1,align-off__nb32__mix1.00__warp-on,,goteo,campana_tela,chimera,32,False,True,1.0,-40.0,False,6.0,42,0.765313,0.650676,0.5625,0.0,0.252172,,,,,False,,False,signal_warp,59,3,3,0.00845,,10,25.768106,-48.206219,-28.923499,,,,,,,,,4.219504
goteo_hecho_de_campana,chimera_grid,1,align-on__nb2__mix0.00__warp-off,,goteo,campana_tela,chimera,2,True,False,0.0,-40.0,False,6.0,42,0.706917,0.82002,0.483871,0.0,0.243643,691.361121,1142.398983,451.037862,1400.221624,False,campana_tela,False,,,,,,,0,21.476301,-30.623692,-36.040786,,,,,,,,,3.699575
goteo_hecho_de_campana,chimera_grid,1,align-on__nb2__mix0.00__warp-on,,goteo,campana_tela,chimera,2,True,True,0.0,-40.0,False,6.0,42,0.718737,0.82002,0.882353,0.0,0.130599,691.361121,1142.398983,451.037862,1400.221624,False,campana_tela,False,signal_warp,59,3,3,0.005085,,0,21.287306,-31.542979,-34.663331,,,,,,,,,1.896998
goteo_hecho_de_campana,chimera_grid,1,align-on__nb2__mix0.25__warp-off,,goteo,campana_tela,chimera,2,True,False,0.25,-40.0,False,6.0,42,0.707086,0.82002,0.483871,0.0,0.243736,691.361121,1142.398983,451.037862,1400.221624,False,campana_tela,False,,,,,,,0,21.465561,-30.594849,-36.08419,,,,,,,,,1.85787
goteo_hecho_de_campana,chimera_grid,1,align-on__nb2__mix0.25__warp-on,,goteo,campana_tela,chimera,2,True,True,0.25,-40.0,False,6.0,42,0.718911,0.82002,0.882353,0.0,0.130695,691.361121,1142.398983,451.037862,1400.221624,False,campana_tela,False,signal_warp,59,3,3,0.005085,,0,21.274747,-31.509059,-34.693938,,,,,,,,,1.892299
goteo_hecho_de_campana,chimera_grid,1,align-on__nb2__mix0.50__warp-off,,goteo,campana_tela,chimera,2,True,False,0.5,-40.0,False,6.0,42,0.707255,0.650676,0.483871,0.0,0.243829,691.361121,1142.398983,451.037862,1400.221624,False,campana_tela,False,,,,,,,0,21.45481,-30.566164,-36.12752,,,,,,,,,0.952237
goteo_hecho_de_campana,chimera_grid,1,align-on__nb2__mix0.50__warp-on,,goteo,campana_tela,chimera,2,True,True,0.5,-40.0,False,6.0,42,0.71908,0.82002,0.882353,0.0,0.130788,691.361121,1142.398983,451.037862,1400.221624,False,campana_tela,False,signal_warp,59,3,3,0.005085,,0,21.262168,-31.475349,-34.724143,,,,,,,,,1.914141
goteo_hecho_de_campana,chimera_grid,1,align-on__nb2__mix0.75__warp-off,,goteo,campana_tela,chimera,2,True,False,0.75,-40.0,False,6.0,42,0.707423,0.82002,0.466667,0.0,0.249083,691.361121,1142.398983,451.037862,1400.221624,False,campana_tela,False,,,,,,,0,21.44405,-30.537639,-36.170771,,,,,,,,,1.82374
goteo_hecho_de_campana,chimera_grid,1,align-on__nb2__mix0.75__warp-on,,goteo,campana_tela,chimera,2,True,True,0.75,-40.0,False,6.0,42,0.719245,0.82002,1.0,0.0,0.095585,691.361121,1142.398983,451.037862,1400.221624,False,campana_tela,False,signal_warp,59,3,3,0.005085,,0,21.249571,-31.441851,-34.753941,,,,,,,,,1.901692
goteo_hecho_de_campana,chimera_grid,1,align-on__nb2__mix1.00__warp-off,,goteo,campana_tela,chimera,2,True,False,1.0,-40.0,False,6.0,42,0.707591,0.82002,0.466667,0.0,0.249175,691.361121,1142.398983,451.037862,1400.221624,False,campana_tela,False,,,,,,,0,21.433281,-30.509273,-36.213938,,,,,,,,,1.832251
goteo_hecho_de_campana,chimera_grid,1,align-on__nb2__mix1.00__warp-on,,goteo,campana_tela,chimera,2,True,True,1.0,-40.0,False,6.0,42,0.719406,0.82002,1.0,0.0,0.095673,691.361121,1142.398983,451.037862,1400.221624,False,campana_tela,False,signal_warp,59,3,3,0.005085,,0,21.236959,-31.408566,-34.783327,,,,,,,,,1.911067
goteo_hecho_de_campana,chimera_grid,1,align-on__nb4__mix0.00__warp-off,,goteo,campana_tela,chimera,4,True,False,0.0,-40.0,False,6.0,42,0.680798,0.82002,0.809524,0.0,0.131582,691.361121,1142.398983,451.037862,1400.221624,False,campana_tela,False,,,,,,,0,22.410108,-34.638327,-31.756124,,,,,,,,,2.055754
goteo_hecho_de_campana,chimera_grid,1,align-on__nb4__mix0.00__warp-on,,goteo,campana_tela,chimera,4,True,True,0.0,-40.0,False,6.0,42,0.661634,0.82002,0.888889,0.0,0.097232,691.361121,1142.398983,451.037862,1400.221624,False,campana_tela,False,signal_warp,59,3,3,0.005085,,0,22.532003,-34.722309,-31.890678,,,,,,,,,2.136147
goteo_hecho_de_campana,chimera_grid,1,align-on__nb4__mix0.25__warp-off,,goteo,campana_tela,chimera,4,True,False,0.25,-40.0,False,6.0,42,0.685385,0.650676,0.809524,0.0,0.134104,691.361121,1142.398983,451.037862,1400.221624,False,campana_tela,False,,,,,,,0,22.675896,-34.88875,-31.896017,,,,,,,,,1.169317
goteo_hecho_de_campana,chimera_grid,1,align-on__nb4__mix0.25__warp-on,,goteo,campana_tela,chimera,4,True,True,0.25,-40.0,False,6.0,42,0.665863,0.650676,0.888889,0.0,0.099558,691.361121,1142.398983,451.037862,1400.221624,False,campana_tela,False,signal_warp,59,3,3,0.005085,,0,22.784227,-34.942612,-32.032326,True,muestra2,escucha_AB/fusion_v12/goteo_hecho_de_campana/muestra2__align-on__nb4__mix0.25__warp-on.wav,0.58016,linear,False,0.0,,1.256541
goteo_hecho_de_campana,chimera_grid,1,align-on__nb4__mix0.50__warp-off,,goteo,campana_tela,chimera,4,True,False,0.5,-40.0,False,6.0,42,0.690112,0.82002,0.826087,0.0,0.131735,691.361121,1142.398983,451.037862,1400.221624,False,campana_tela,False,,,,,,,0,22.953346,-35.159078,-32.017831,,,,,,,,,1.17477
goteo_hecho_de_campana,chimera_grid,1,align-on__nb4__mix0.50__warp-on,,goteo,campana_tela,chimera,4,True,True,0.5,-40.0,False,6.0,42,0.670291,0.650676,0.894737,0.0,0.100239,691.361121,1142.398983,451.037862,1400.221624,False,campana_tela,False,signal_warp,59,3,3,0.005085,,0,23.045517,-35.178451,-32.159747,,,,,,,,,1.241394
goteo_hecho_de_campana,chimera_grid,1,align-on__nb4__mix0.75__warp-off,,goteo,campana_tela,chimera,4,True,False,0.75,-40.0,False,6.0,42,0.694824,0.650676,0.851852,0.0,0.126597,691.361121,1142.398983,451.037862,1400.221624,False,campana_tela,False,,,,,,,0,23.240851,-35.448129,-32.118171,,,,,,,,,1.180951
goteo_hecho_de_campana,chimera_grid,1,align-on__nb4__mix0.75__warp-on,,goteo,campana_tela,chimera,4,True,True,0.75,-40.0,False,6.0,42,0.674825,0.82002,0.909091,0.0,0.098427,691.361121,1142.398983,451.037862,1400.221624,False,campana_tela,False,signal_warp,59,3,3,0.005085,,0,23.314662,-35.428781,-32.270545,,,,,,,,,2.136841
goteo_hecho_de_campana,chimera_grid,1,align-on__nb4__mix1.00__warp-off,,goteo,campana_tela,chimera,4,True,False,1.0,-40.0,False,6.0,42,0.69946,0.82002,0.857143,0.0,0.12756,691.361121,1142.398983,451.037862,1400.221624,False,campana_tela,False,,,,,,,0,23.536379,-35.754272,-32.194094,,,,,,,,,2.066194
goteo_hecho_de_campana,chimera_grid,1,align-on__nb4__mix1.00__warp-on,,goteo,campana_tela,chimera,4,True,True,1.0,-40.0,False,6.0,42,0.679328,0.82002,0.92,0.0,0.09763,691.361121,1142.398983,451.037862,1400.221624,False,campana_tela,False,signal_warp,59,3,3,0.005085,,0,23.590173,-35.692249,-32.362537,,,,,,,,,2.140859
goteo_hecho_de_campana,chimera_grid,1,align-on__nb6__mix0.00__warp-off,,goteo,campana_tela,chimera,6,True,False,0.0,-40.0,False,6.0,42,0.690915,0.82002,0.655172,0.0,0.183452,691.361121,1142.398983,451.037862,1400.221624,False,campana_tela,False,,,,,,,0,23.600028,-37.615388,-32.975502,,,,,,,,,2.29223
goteo_hecho_de_campana,chimera_grid,1,align-on__nb6__mix0.00__warp-on,,goteo,campana_tela,chimera,6,True,True,0.0,-40.0,False,6.0,42,0.687669,0.650676,0.565217,0.0,0.208653,691.361121,1142.398983,451.037862,1400.221624,False,campana_tela,False,signal_warp,59,3,3,0.005085,,0,21.99766,-35.923894,-31.045787,,,,,,,,,1.48453
goteo_hecho_de_campana,chimera_grid,1,align-on__nb6__mix0.25__warp-off,,goteo,campana_tela,chimera,6,True,False,0.25,-40.0,False,6.0,42,0.709996,0.82002,0.733333,0.0,0.170498,691.361121,1142.398983,451.037862,1400.221624,False,campana_tela,False,,,,,,,0,24.264036,-38.387502,-33.165806,,,,,,,,,2.292329
goteo_hecho_de_campana,chimera_grid,1,align-on__nb6__mix0.25__warp-on,,goteo,campana_tela,chimera,6,True,True,0.25,-40.0,False,6.0,42,0.707416,0.82002,0.565217,0.0,0.219514,691.361121,1142.398983,451.037862,1400.221624,False,campana_tela,False,signal_warp,59,3,3,0.005085,,0,22.667798,-36.685698,-31.277011,,,,,,,,,2.360004
goteo_hecho_de_campana,chimera_grid,1,align-on__nb6__mix0.50__warp-off,,goteo,campana_tela,chimera,6,True,False,0.5,-40.0,False,6.0,42,0.725849,0.82002,0.741935,0.0,0.176637,691.361121,1142.398983,451.037862,1400.221624,False,campana_tela,False,,,,,,,0,24.898601,-39.04819,-33.32695,,,,,,,,,2.298348
goteo_hecho_de_campana,chimera_grid,1,align-on__nb6__mix0.50__warp-on,,goteo,campana_tela,chimera,6,True,True,0.5,-40.0,False,6.0,42,0.723766,0.82002,0.692308,0.0,0.190379,691.361121,1142.398983,451.037862,1400.221624,False,campana_tela,False,signal_warp,59,3,3,0.005085,,0,23.317387,-37.346252,-31.490483,,,,,,,,,2.433665
goteo_hecho_de_campana,chimera_grid,1,align-on__nb6__mix0.75__warp-off,,goteo,campana_tela,chimera,6,True,False,0.75,-40.0,False,6.0,42,0.73905,0.82002,0.714286,0.0,0.192192,691.361121,1142.398983,451.037862,1400.221624,False,campana_tela,False,,,,,,,0,25.505531,-39.639142,-33.460857,,,,,,,,,2.27722
goteo_hecho_de_campana,chimera_grid,1,align-on__nb6__mix0.75__warp-on,,goteo,campana_tela,chimera,6,True,True,0.75,-40.0,False,6.0,42,0.737121,0.82002,0.714286,0.0,0.191131,691.361121,1142.398983,451.037862,1400.221624,False,campana_tela,False,signal_warp,59,3,3,0.005085,,0,23.946777,-37.943909,-31.688355,,,,,,,,,2.364883
goteo_hecho_de_campana,chimera_grid,1,align-on__nb6__mix1.00__warp-off,,goteo,campana_tela,chimera,6,True,False,1.0,-40.0,False,6.0,42,0.749907,0.650676,0.74359,0.0,0.189372,691.361121,1142.398983,451.037862,1400.221624,False,campana_tela,False,,,,,,,0,26.084767,-40.18878,-33.567586,,,,,,,,,1.400891
goteo_hecho_de_campana,chimera_grid,1,align-on__nb6__mix1.00__warp-on,,goteo,campana_tela,chimera,6,True,True,1.0,-40.0,False,6.0,42,0.747998,0.82002,0.75,0.0,0.186399,691.361121,1142.398983,451.037862,1400.221624,False,campana_tela,False,signal_warp,59,3,3,0.005085,,0,24.554777,-38.504435,-31.869457,,,,,,,,,2.367678
goteo_hecho_de_campana,chimera_grid,1,align-on__nb8__mix0.00__warp-off,,goteo,campana_tela,chimera,8,True,False,0.0,-40.0,False,6.0,42,0.631902,0.82002,0.666667,0.0,0.147546,691.361121,1142.398983,451.037862,1400.221624,False,campana_tela,False,,,,,,,0,22.929389,-37.233645,-32.348793,,,,,,,,,2.504868
goteo_hecho_de_campana,chimera_grid,1,align-on__nb8__mix0.00__warp-on,,goteo,campana_tela,chimera,8,True,True,0.0,-40.0,False,6.0,42,0.644127,0.82002,0.862069,0.0,0.095649,691.361121,1142.398983,451.037862,1400.221624,False,campana_tela,False,signal_warp,59,3,3,0.005085,,0,22.84935,-36.878235,-31.900761,,,,,,,,,2.571263
goteo_hecho_de_campana,chimera_grid,1,align-on__nb8__mix0.25__warp-off,,goteo,campana_tela,chimera,8,True,False,0.25,-40.0,False,6.0,42,0.668526,0.82002,0.733333,0.0,0.147689,691.361121,1142.398983,451.037862,1400.221624,False,campana_tela,False,,,,,,,0,23.784536,-38.893608,-32.489713,,,,,,,,,2.516877
goteo_hecho_de_campana,chimera_grid,1,align-on__nb8__mix0.25__warp-on,,goteo,campana_tela,chimera,8,True,True,0.25,-40.0,False,6.0,42,0.676958,0.82002,0.862069,0.0,0.113706,691.361121,1142.398983,451.037862,1400.221624,False,campana_tela,False,signal_warp,59,3,3,0.005085,,0,23.732073,-38.54772,-32.122295,,,,,,,,,2.594311
goteo_hecho_de_campana,chimera_grid,1,align-on__nb8__mix0.50__warp-off,,goteo,campana_tela,chimera,8,True,False,0.5,-40.0,False,6.0,42,0.692853,0.82002,0.866667,0.0,0.121069,691.361121,1142.398983,451.037862,1400.221624,False,campana_tela,False,,,,,,,0,24.428879,-39.784811,-32.523311,True,muestra4,escucha_AB/fusion_v12/goteo_hecho_de_campana/muestra4__align-on__nb8__mix0.50__warp-off.wav,0.701101,linear,False,0.0,,2.497633
goteo_hecho_de_campana,chimera_grid,1,align-on__nb8__mix0.50__warp-on,,goteo,campana_tela,chimera,8,True,True,0.5,-40.0,False,6.0,42,0.697697,0.82002,0.933333,0.0,0.103733,691.361121,1142.398983,451.037862,1400.221624,False,campana_tela,False,signal_warp,59,3,3,0.005085,,0,24.420596,-39.507277,-32.228296,,,,,,,,,2.57039
goteo_hecho_de_campana,chimera_grid,1,align-on__nb8__mix0.75__warp-off,,goteo,campana_tela,chimera,8,True,False,0.75,-40.0,False,6.0,42,0.707427,0.82002,0.823529,0.0,0.142026,691.361121,1142.398983,451.037862,1400.221624,False,campana_tela,False,,,,,,,0,24.944685,-40.286724,-32.534238,,,,,,,,,2.516207
goteo_hecho_de_campana,chimera_grid,1,align-on__nb8__mix0.75__warp-on,,goteo,campana_tela,chimera,8,True,True,0.75,-40.0,False,6.0,42,0.710603,0.82002,0.933333,0.0,0.110832,691.361121,1142.398983,451.037862,1400.221624,False,campana_tela,False,signal_warp,59,3,3,0.005085,,0,24.989883,-40.08746,-32.31792,,,,,,,,,2.601326
goteo_hecho_de_campana,chimera_grid,1,align-on__nb8__mix1.00__warp-off,,goteo,campana_tela,chimera,8,True,False,1.0,-40.0,False,6.0,42,0.717211,0.82002,0.823529,0.0,0.147407,691.361121,1142.398983,451.037862,1400.221624,False,campana_tela,False,,,,,,,0,25.382706,-40.641532,-32.542126,,,,,,,,,2.506621
goteo_hecho_de_campana,chimera_grid,1,align-on__nb8__mix1.00__warp-on,,goteo,campana_tela,chimera,8,True,True,1.0,-40.0,False,6.0,42,0.719664,0.82002,0.870968,0.0,0.134525,691.361121,1142.398983,451.037862,1400.221624,False,campana_tela,False,signal_warp,59,3,3,0.005085,,0,25.485951,-40.510058,-32.412777,,,,,,,,,2.56731
goteo_hecho_de_campana,chimera_grid,1,align-on__nb12__mix0.00__warp-off,,goteo,campana_tela,chimera,12,True,False,0.0,-40.0,False,6.0,42,0.671029,0.82002,0.619048,0.0,0.183352,691.361121,1142.398983,451.037862,1400.221624,False,campana_tela,False,,,,,,,2,23.402391,-39.63364,-32.808255,,,,,,,,,2.927147
goteo_hecho_de_campana,chimera_grid,1,align-on__nb12__mix0.00__warp-on,,goteo,campana_tela,chimera,12,True,True,0.0,-40.0,False,6.0,42,0.691127,0.82002,0.674419,0.0,0.177794,691.361121,1142.398983,451.037862,1400.221624,False,campana_tela,False,signal_warp,59,3,3,0.005085,,2,21.567366,-36.114402,-30.451698,,,,,,,,,2.133138
goteo_hecho_de_campana,chimera_grid,1,align-on__nb12__mix0.25__warp-off,,goteo,campana_tela,chimera,12,True,False,0.25,-40.0,False,6.0,42,0.724348,0.82002,0.538462,0.0,0.236853,691.361121,1142.398983,451.037862,1400.221624,False,campana_tela,False,,,,,,,2,24.403207,-41.856798,-32.80606,,,,,,,,,2.05372
goteo_hecho_de_campana,chimera_grid,1,align-on__nb12__mix0.25__warp-on,,goteo,campana_tela,chimera,12,True,True,0.25,-40.0,False,6.0,42,0.738826,0.82002,0.511111,0.0,0.253021,691.361121,1142.398983,451.037862,1400.221624,False,campana_tela,False,signal_warp,59,3,3,0.005085,,2,22.793897,-38.870072,-30.657974,,,,,,,,,2.129761
goteo_hecho_de_campana,chimera_grid,1,align-on__nb12__mix0.50__warp-off,,goteo,campana_tela,chimera,12,True,False,0.5,-40.0,False,6.0,42,0.759333,0.82002,0.538462,0.0,0.256095,691.361121,1142.398983,451.037862,1400.221624,False,campana_tela,False,,,,,,,2,25.125422,-43.346939,-32.555079,,,,,,,,,2.04112
goteo_hecho_de_campana,chimera_grid,1,align-on__nb12__mix0.50__warp-on,,goteo,campana_tela,chimera,12,True,True,0.5,-40.0,False,6.0,42,0.770697,0.82002,0.37037,0.0,0.312772,691.361121,1142.398983,451.037862,1400.221624,False,campana_tela,False,signal_warp,59,3,3,0.005085,,2,23.79636,-41.03534,-30.73515,,,,,,,,,3.009675
goteo_hecho_de_campana,chimera_grid,1,align-on__nb12__mix0.75__warp-off,,goteo,campana_tela,chimera,12,True,False,0.75,-40.0,False,6.0,42,0.776978,0.82002,0.541667,0.0,0.264838,691.361121,1142.398983,451.037862,1400.221624,False,campana_tela,False,,,,,,,2,25.630763,-44.184595,-32.212949,,,,,,,,,2.933107
goteo_hecho_de_campana,chimera_grid,1,align-on__nb12__mix0.75__warp-on,,goteo,campana_tela,chimera,12,True,True,0.75,-40.0,False,6.0,42,0.785959,0.82002,0.292308,0.0,0.344585,691.361121,1142.398983,451.037862,1400.221624,False,campana_tela,False,signal_warp,59,3,3,0.005085,,2,24.631051,-42.507185,-30.804653,True,muestra5,escucha_AB/fusion_v12/goteo_hecho_de_campana/muestra5__align-on__nb12__mix0.75__warp-on.wav,0.717611,linear,False,0.0,,3.100686
goteo_hecho_de_campana,chimera_grid,1,align-on__nb12__mix1.00__warp-off,,goteo,campana_tela,chimera,12,True,False,1.0,-40.0,False,6.0,42,0.785354,0.82002,0.448276,0.0,0.297462,691.361121,1142.398983,451.037862,1400.221624,False,campana_tela,False,,,,,,,2,25.989706,-44.658583,-31.833058,,,,,,,,,3.034657
goteo_hecho_de_campana,chimera_grid,1,align-on__nb12__mix1.00__warp-on,,goteo,campana_tela,chimera,12,True,True,1.0,-40.0,False,6.0,42,0.791645,0.82002,0.377049,0.0,0.32229,691.361121,1142.398983,451.037862,1400.221624,False,campana_tela,False,signal_warp,59,3,3,0.005085,,2,25.445066,-43.595191,-30.976487,,,,,,,,,2.14134
goteo_hecho_de_campana,chimera_grid,1,align-on__nb16__mix0.00__warp-off,,goteo,campana_tela,chimera,16,True,False,0.0,-40.0,False,6.0,42,0.695768,0.82002,0.625,0.0,0.195172,691.361121,1142.398983,451.037862,1400.221624,False,campana_tela,False,,,,,,,3,23.681468,-40.522145,-33.265438,,,,,,,,,2.481386
goteo_hecho_de_campana,chimera_grid,1,align-on__nb16__mix0.00__warp-on,,goteo,campana_tela,chimera,16,True,True,0.0,-40.0,False,6.0,42,0.744588,0.82002,0.548387,0.0,0.245007,691.361121,1142.398983,451.037862,1400.221624,False,campana_tela,False,signal_warp,59,3,3,0.005085,,3,21.438159,-36.391891,-30.371411,,,,,,,,,3.4398
goteo_hecho_de_campana,chimera_grid,1,align-on__nb16__mix0.25__warp-off,,goteo,campana_tela,chimera,16,True,False,0.25,-40.0,False,6.0,42,0.742716,0.82002,0.619048,0.0,0.22278,691.361121,1142.398983,451.037862,1400.221624,False,campana_tela,False,,,,,,,3,25.026326,-43.005584,-33.276238,,,,,,,,,3.348934
goteo_hecho_de_campana,chimera_grid,1,align-on__nb16__mix0.25__warp-on,,goteo,campana_tela,chimera,16,True,True,0.25,-40.0,False,6.0,42,0.768561,0.82002,0.551724,0.0,0.257191,691.361121,1142.398983,451.037862,1400.221624,False,campana_tela,False,signal_warp,59,3,3,0.005085,,3,22.457719,-39.358202,-30.150416,,,,,,,,,3.431328
goteo_hecho_de_campana,chimera_grid,1,align-on__nb16__mix0.50__warp-off,,goteo,campana_tela,chimera,16,True,False,0.5,-40.0,False,6.0,42,0.775494,0.650676,0.372549,0.0,0.314757,691.361121,1142.398983,451.037862,1400.221624,False,campana_tela,False,,,,,,,3,26.014479,-44.655272,-33.015736,,,,,,,,,2.463449
goteo_hecho_de_campana,chimera_grid,1,align-on__nb16__mix0.50__warp-on,,goteo,campana_tela,chimera,16,True,True,0.5,-40.0,False,6.0,42,0.780124,0.82002,0.333333,0.0,0.329068,691.361121,1142.398983,451.037862,1400.221624,False,campana_tela,False,signal_warp,59,3,3,0.005085,,3,23.291594,-41.710268,-29.862682,,,,,,,,,3.432417
goteo_hecho_de_campana,chimera_grid,1,align-on__nb16__mix0.75__warp-off,,goteo,campana_tela,chimera,16,True,False,0.75,-40.0,False,6.0,42,0.795539,0.82002,0.396825,0.0,0.318499,691.361121,1142.398983,451.037862,1400.221624,False,campana_tela,False,,,,,,,3,26.75623,-45.652615,-32.70683,,,,,,,,,3.349614
goteo_hecho_de_campana,chimera_grid,1,align-on__nb16__mix0.75__warp-on,,goteo,campana_tela,chimera,16,True,True,0.75,-40.0,False,6.0,42,0.785987,0.650676,0.366667,0.0,0.322293,691.361121,1142.398983,451.037862,1400.221624,False,campana_tela,False,signal_warp,59,3,3,0.005085,,3,24.174105,-43.502916,-29.81043,,,,,,,,,2.534081
goteo_hecho_de_campana,chimera_grid,1,align-on__nb16__mix1.00__warp-off,,goteo,campana_tela,chimera,16,True,False,1.0,-40.0,False,6.0,42,0.807681,0.82002,0.352113,0.0,0.338591,691.361121,1142.398983,451.037862,1400.221624,False,campana_tela,False,,,,,,,3,27.344115,-46.298715,-32.399037,,,,,,,,,3.336744
goteo_hecho_de_campana,chimera_grid,1,align-on__nb16__mix1.00__warp-on,,goteo,campana_tela,chimera,16,True,True,1.0,-40.0,False,6.0,42,0.790286,0.82002,0.384615,0.0,0.319273,691.361121,1142.398983,451.037862,1400.221624,False,campana_tela,False,signal_warp,59,3,3,0.005085,,3,25.099546,-44.9323,-29.93617,,,,,,,,,3.424442
goteo_hecho_de_campana,chimera_grid,1,align-on__nb24__mix0.00__warp-off,,goteo,campana_tela,chimera,24,True,False,0.0,-40.0,False,6.0,42,0.744006,0.82002,0.53125,0.0,0.249828,691.361121,1142.398983,451.037862,1400.221624,False,campana_tela,False,,,,,,,6,22.396594,-40.070591,-32.315009,,,,,,,,,4.220564
goteo_hecho_de_campana,chimera_grid,1,align-on__nb24__mix0.00__warp-on,,goteo,campana_tela,chimera,24,True,True,0.0,-40.0,False,6.0,42,0.783136,0.82002,0.555556,0.0,0.264058,691.361121,1142.398983,451.037862,1400.221624,False,campana_tela,False,signal_warp,59,3,3,0.005085,,6,22.712689,-36.903955,-31.739888,,,,,,,,,3.397533
goteo_hecho_de_campana,chimera_grid,1,align-on__nb24__mix0.25__warp-off,,goteo,campana_tela,chimera,24,True,False,0.25,-40.0,False,6.0,42,0.779654,0.82002,0.316456,0.0,0.333873,691.361121,1142.398983,451.037862,1400.221624,False,campana_tela,False,,,,,,,6,23.50102,-42.653779,-32.410105,,,,,,,,,3.340624
goteo_hecho_de_campana,chimera_grid,1,align-on__nb24__mix0.25__warp-on,,goteo,campana_tela,chimera,24,True,True,0.25,-40.0,False,6.0,42,0.800364,0.650676,0.421053,0.0,0.313885,691.361121,1142.398983,451.037862,1400.221624,False,campana_tela,False,signal_warp,59,3,3,0.005085,,6,23.08095,-39.786292,-31.456891,,,,,,,,,3.403013
goteo_hecho_de_campana,chimera_grid,1,align-on__nb24__mix0.50__warp-off,,goteo,campana_tela,chimera,24,True,False,0.5,-40.0,False,6.0,42,0.802422,0.82002,0.241379,0.0,0.368919,691.361121,1142.398983,451.037862,1400.221624,False,campana_tela,False,,,,,,,6,24.607709,-44.677157,-32.236527,,,,,,,,,4.32878
goteo_hecho_de_campana,chimera_grid,1,align-on__nb24__mix0.50__warp-on,,goteo,campana_tela,chimera,24,True,True,0.5,-40.0,False,6.0,42,0.811757,0.82002,0.272727,0.0,0.364648,691.361121,1142.398983,451.037862,1400.221624,False,campana_tela,False,signal_warp,59,3,3,0.005085,,6,23.987448,-42.726024,-31.364613,,,,,,,,,4.3755
goteo_hecho_de_campana,chimera_grid,1,align-on__nb24__mix0.75__warp-off,,goteo,campana_tela,chimera,24,True,False,0.75,-40.0,False,6.0,42,0.813867,0.650676,0.274725,0.0,0.365209,691.361121,1142.398983,451.037862,1400.221624,False,campana_tela,False,,,,,,,6,26.145592,-46.611168,-32.34796,,,,,,,,,3.34961
goteo_hecho_de_campana,chimera_grid,1,align-on__nb24__mix0.75__warp-on,,goteo,campana_tela,chimera,24,True,True,0.75,-40.0,False,6.0,42,0.818032,0.82002,0.204301,0.0,0.388627,691.361121,1142.398983,451.037862,1400.221624,False,campana_tela,False,signal_warp,59,3,3,0.005085,,6,25.39717,-45.397416,-31.550574,,,,,,,,,4.291524
goteo_hecho_de_campana,chimera_grid,1,align-on__nb24__mix1.00__warp-off,,goteo,campana_tela,chimera,24,True,False,1.0,-40.0,False,6.0,42,0.819456,0.82002,0.373494,0.0,0.338652,691.361121,1142.398983,451.037862,1400.221624,False,campana_tela,False,,,,,,,6,27.424324,-48.087771,-32.230205,,,,,,,,,4.232506
goteo_hecho_de_campana,chimera_grid,1,align-on__nb24__mix1.00__warp-on,,goteo,campana_tela,chimera,24,True,True,1.0,-40.0,False,6.0,42,0.821047,0.650676,0.178947,0.0,0.397892,691.361121,1142.398983,451.037862,1400.221624,False,campana_tela,False,signal_warp,59,3,3,0.005085,,6,26.588,-47.295445,-31.480092,,,,,,,,,3.396486
goteo_hecho_de_campana,chimera_grid,1,align-on__nb32__mix0.00__warp-off,,goteo,campana_tela,chimera,32,True,False,0.0,-40.0,False,6.0,42,0.741337,0.82002,0.678571,0.0,0.204164,691.361121,1142.398983,451.037862,1400.221624,False,campana_tela,False,,,,,,,10,22.617241,-39.593788,-32.768519,,,,,,,,,5.070128
goteo_hecho_de_campana,chimera_grid,1,align-on__nb32__mix0.00__warp-on,,goteo,campana_tela,chimera,32,True,True,0.0,-40.0,False,6.0,42,0.771661,0.82002,0.536232,0.0,0.263544,691.361121,1142.398983,451.037862,1400.221624,False,campana_tela,False,signal_warp,59,3,3,0.005085,,10,23.411871,-37.701223,-32.530051,,,,,,,,,4.266131
goteo_hecho_de_campana,chimera_grid,1,align-on__nb32__mix0.25__warp-off,,goteo,campana_tela,chimera,32,True,False,0.25,-40.0,False,6.0,42,0.785486,0.82002,0.559322,0.0,0.26422,691.361121,1142.398983,451.037862,1400.221624,False,campana_tela,False,,,,,,,10,24.072873,-42.47197,-33.027798,,,,,,,,,4.197424
goteo_hecho_de_campana,chimera_grid,1,align-on__nb32__mix0.25__warp-on,,goteo,campana_tela,chimera,32,True,True,0.25,-40.0,False,6.0,42,0.798447,0.82002,0.478261,0.0,0.295667,691.361121,1142.398983,451.037862,1400.221624,False,campana_tela,False,signal_warp,59,3,3,0.005085,,10,23.649175,-40.264554,-32.024814,,,,,,,,,4.251435
goteo_hecho_de_campana,chimera_grid,1,align-on__nb32__mix0.50__warp-off,,goteo,campana_tela,chimera,32,True,False,0.5,-40.0,False,6.0,42,0.810635,0.82002,0.432432,0.0,0.31612,691.361121,1142.398983,451.037862,1400.221624,False,campana_tela,False,,,,,,,10,25.160431,-44.672597,-32.853818,,,,,,,,,4.166157
goteo_hecho_de_campana,chimera_grid,1,align-on__nb32__mix0.50__warp-on,,goteo,campana_tela,chimera,32,True,True,0.5,-40.0,False,6.0,42,0.812812,0.82002,0.333333,0.0,0.347047,691.361121,1142.398983,451.037862,1400.221624,False,campana_tela,False,signal_warp,59,3,3,0.005085,,10,24.488383,-43.19124,-31.953644,,,,,,,,,5.129277
goteo_hecho_de_campana,chimera_grid,1,align-on__nb32__mix0.75__warp-off,,goteo,campana_tela,chimera,32,True,False,0.75,-40.0,False,6.0,42,0.816787,0.82002,0.425,0.0,0.321733,691.361121,1142.398983,451.037862,1400.221624,False,campana_tela,False,,,,,,,10,25.887856,-45.982811,-32.436436,,,,,,,,,5.0707
goteo_hecho_de_campana,chimera_grid,1,align-on__nb32__mix0.75__warp-on,,goteo,campana_tela,chimera,32,True,True,0.75,-40.0,False,6.0,42,0.812249,0.82002,0.288889,0.0,0.36007,691.361121,1142.398983,451.037862,1400.221624,False,campana_tela,False,signal_warp,59,3,3,0.005085,,10,25.110878,-45.116041,-31.658486,,,,,,,,,5.132146
goteo_hecho_de_campana,chimera_grid,1,align-on__nb32__mix1.00__warp-off,,goteo,campana_tela,chimera,32,True,False,1.0,-40.0,False,6.0,42,0.811971,0.82002,0.365854,0.0,0.336828,691.361121,1142.398983,451.037862,1400.221624,False,campana_tela,False,,,,,,,10,26.5216,-46.833723,-32.087993,,,,,,,,,5.066899
goteo_hecho_de_campana,chimera_grid,1,align-on__nb32__mix1.00__warp-on,,goteo,campana_tela,chimera,32,True,True,1.0,-40.0,False,6.0,42,0.802316,0.82002,0.295455,0.0,0.352637,691.361121,1142.398983,451.037862,1400.221624,False,campana_tela,False,signal_warp,59,3,3,0.005085,,10,25.522059,-46.089565,-31.23106,,,,,,,,,4.270648
goteo_hecho_de_campana,chimera_plana,1,plana__align-off__nb2__warp-off,,goteo,campana_tela,chimera_plana,2,False,False,,-40.0,False,6.0,42,0.632994,0.82002,0.517241,0.0,0.192974,,,,,False,,False,,,,,,color_mix;a_floor_db,0,21.399327,-32.408289,-32.327178,,,,,,,,,0.941844
goteo_hecho_de_campana,chimera_plana,1,plana__align-off__nb4__warp-off,,goteo,campana_tela,chimera_plana,4,False,False,,-40.0,False,6.0,42,0.616623,0.82002,0.894737,0.0,0.070722,,,,,False,,False,,,,,,color_mix;a_floor_db,0,21.659017,-36.762698,-31.948763,,,,,,,,,1.166167
goteo_hecho_de_campana,chimera_plana,1,plana__align-off__nb6__warp-off,,goteo,campana_tela,chimera_plana,6,False,False,,-40.0,False,6.0,42,0.618292,0.82002,0.565217,0.0,0.170495,,,,,False,,False,,,,,,color_mix;a_floor_db,0,20.801737,-36.518816,-30.740026,True,muestra3,escucha_AB/fusion_v12/goteo_hecho_de_campana/muestra3__plana__align-off__nb6__warp-off.wav,0.461767,linear,False,0.0,,1.388414
goteo_hecho_de_campana,chimera_plana,1,plana__align-off__nb8__warp-off,,goteo,campana_tela,chimera_plana,8,False,False,,-40.0,False,6.0,42,0.588125,0.82002,0.642857,0.0,0.130611,,,,,False,,False,,,,,,color_mix;a_floor_db,0,20.295966,-35.811994,-30.716519,,,,,,,,,1.614492
goteo_hecho_de_campana,chimera_plana,1,plana__align-off__nb12__warp-off,,goteo,campana_tela,chimera_plana,12,False,False,,-40.0,False,6.0,42,0.59156,0.82002,0.722222,0.0,0.108691,,,,,False,,False,,,,,,color_mix;a_floor_db,2,21.235654,-37.540736,-31.648889,,,,,,,,,2.020322
goteo_hecho_de_campana,chimera_plana,1,plana__align-off__nb16__warp-off,,goteo,campana_tela,chimera_plana,16,False,False,,-40.0,False,6.0,42,0.58925,0.82002,0.6,0.0,0.144088,,,,,False,,False,,,,,,color_mix;a_floor_db,3,19.858595,-36.389684,-30.472163,,,,,,,,,2.430156
goteo_hecho_de_campana,chimera_plana,1,plana__align-off__nb24__warp-off,,goteo,campana_tela,chimera_plana,24,False,False,,-40.0,False,6.0,42,0.61015,0.82002,0.614035,0.0,0.151372,,,,,False,,False,,,,,,color_mix;a_floor_db,6,20.535017,-36.345843,-31.803244,,,,,,,,,3.286725
goteo_hecho_de_campana,chimera_plana,1,plana__align-off__nb32__warp-off,,goteo,campana_tela,chimera_plana,32,False,False,,-40.0,False,6.0,42,0.627861,0.82002,0.522388,0.0,0.188607,,,,,False,,False,,,,,,color_mix;a_floor_db,10,21.277447,-36.385656,-33.025158,,,,,,,,,4.134267
goteo_hecho_de_campana,baseline_v11,1,align-off__nb6__mixV11__warp-off,,goteo,campana_tela,chimera,6,False,False,,-40.0,False,6.0,42,0.732993,0.82002,0.617647,0.0,0.217852,,,,,False,,False,,,,,,a_floor_db,0,28.033032,-45.507604,-33.336764,True,baseline_v11,escucha_AB/fusion_v12/goteo_hecho_de_campana/baseline_v11__align-off__nb6__mixV11__warp-off.wav,1.0,linear_capped,True,-0.519759,,1.389369
goteo_hecho_de_campana,suma_ancla,1,suma,,goteo,campana_tela,suma,8,False,False,,-40.0,False,6.0,42,0.66893,0.82002,1.0,0.0,0.067911,,,,,False,,False,,,,,,color_mix;a_floor_db;n_bands,,23.297155,-34.208603,-35.976393,True,suma_ancla,escucha_AB/fusion_v12/goteo_hecho_de_campana/suma_ancla__suma.wav,0.76524,linear,False,0.0,,0.710036
goteo_hecho_de_campana,vocoder,1,vocoder__align-off__nb8__warp-off,,goteo,campana_tela,vocoder,8,False,False,,-40.0,False,6.0,42,0.789316,0.82002,0.39759,0.0,0.314847,,,,,False,,False,,,,,,color_mix;a_floor_db,0,22.426878,-26.305504,-45.874951,,,,,,,,,2.273067
goteo_hecho_de_campana,vocoder,1,vocoder__align-off__nb12__warp-off,,goteo,campana_tela,vocoder,12,False,False,,-40.0,False,6.0,42,0.778147,0.82002,0.428571,0.0,0.299409,,,,,False,,False,,,,,,color_mix;a_floor_db,2,21.62341,-26.162882,-46.009553,,,,,,,,,1.689788
goteo_hecho_de_campana,vocoder,1,vocoder__align-off__nb16__warp-off,,goteo,campana_tela,vocoder,16,False,False,,-40.0,False,6.0,42,0.770026,0.82002,0.521127,0.0,0.267176,,,,,False,,False,,,,,,color_mix;a_floor_db,3,22.102713,-26.337898,-46.637907,True,muestra6,escucha_AB/fusion_v12/goteo_hecho_de_campana/muestra6__vocoder__align-off__nb16__warp-off.wav,0.536379,linear,False,0.0,,2.034995
goteo_hecho_de_campana,stats_finish_top5,2,align-on__nb24__mix1.00__warp-on__stats-on,,goteo,campana_tela,chimera,24,True,True,1.0,-40.0,True,6.0,42,0.694163,0.82002,0.391304,0.0,0.264398,691.361121,1142.398983,451.037862,1400.221624,False,campana_tela,False,signal_warp,59,3,3,0.005085,,6,25.898679,-46.765122,-35.880688,,,,,,,,1,15.841195
goteo_hecho_de_campana,stats_finish_top5,2,align-on__nb24__mix0.75__warp-on__stats-on,,goteo,campana_tela,chimera,24,True,True,0.75,-40.0,True,6.0,42,0.685839,0.82002,0.6,0.006376,0.196255,691.361121,1142.398983,451.037862,1400.221624,False,campana_tela,False,signal_warp,59,3,3,0.005085,,6,25.142793,-44.866674,-35.866908,,,,,,,,2,16.021646
goteo_hecho_de_campana,stats_finish_top5,2,align-off__nb24__mix0.50__warp-on__stats-on,,goteo,campana_tela,chimera,24,False,True,0.5,-40.0,True,6.0,42,0.603082,0.650676,0.571429,0.03275,0.155354,,,,,False,,False,signal_warp,59,3,3,0.00845,,6,23.760631,-45.341758,-33.769401,,,,,,,,3,15.239989
goteo_hecho_de_campana,stats_finish_top5,2,align-on__nb24__mix0.50__warp-off__stats-on,,goteo,campana_tela,chimera,24,True,False,0.5,-40.0,True,6.0,42,0.68503,0.82002,0.583333,0.0,0.201767,691.361121,1142.398983,451.037862,1400.221624,False,campana_tela,False,,,,,,,6,25.47281,-44.428672,-36.673614,,,,,,,,4,15.997299
goteo_hecho_de_campana,stats_finish_top5,2,align-on__nb24__mix0.75__warp-off__stats-on,,goteo,campana_tela,chimera,24,True,False,0.75,-40.0,True,6.0,42,0.688274,0.650676,0.6,0.0,0.198551,691.361121,1142.398983,451.037862,1400.221624,False,campana_tela,False,,,,,,,6,26.231017,-46.097415,-36.656219,,,,,,,,5,15.122673
oceano_hecho_de_campana,chimera_grid,1,align-off__nb2__mix0.00__warp-off,,oceano,campana_tela,chimera,2,False,False,0.0,-40.0,False,6.0,42,0.536843,0.709075,0.40625,0.0,0.173389,,,,,False,,False,,,,,,,0,18.212647,-34.915196,-29.722945,True,muestra1,escucha_AB/fusion_v12/oceano_hecho_de_campana/muestra1__align-off__nb2__mix0.00__warp-off.wav,0.342743,linear,False,0.0,,2.040164
oceano_hecho_de_campana,chimera_grid,1,align-off__nb2__mix0.00__warp-on,,oceano,campana_tela,chimera,2,False,True,0.0,-40.0,False,6.0,42,0.536843,0.709075,0.40625,0.0,0.173389,,,,,False,,False,signal_warp,14,0,3,0.0,,0,18.212647,-34.915196,-29.722945,,,,,,,,,1.893866
oceano_hecho_de_campana,chimera_grid,1,align-off__nb2__mix0.25__warp-off,,oceano,campana_tela,chimera,2,False,False,0.25,-40.0,False,6.0,42,0.536829,0.709075,0.40625,0.0,0.173381,,,,,False,,False,,,,,,,0,18.446075,-35.116546,-29.629674,,,,,,,,,0.927634
oceano_hecho_de_campana,chimera_grid,1,align-off__nb2__mix0.25__warp-on,,oceano,campana_tela,chimera,2,False,True,0.25,-40.0,False,6.0,42,0.536829,0.709075,0.40625,0.0,0.173381,,,,,False,,False,signal_warp,14,0,3,0.0,,0,18.446075,-35.116546,-29.629674,,,,,,,,,1.894746
oceano_hecho_de_campana,chimera_grid,1,align-off__nb2__mix0.50__warp-off,,oceano,campana_tela,chimera,2,False,False,0.5,-40.0,False,6.0,42,0.536843,0.709075,0.419355,0.0,0.169457,,,,,False,,False,,,,,,,0,18.646793,-35.255216,-29.546323,,,,,,,,,0.932905
oceano_hecho_de_campana,chimera_grid,1,align-off__nb2__mix0.50__warp-on,,oceano,campana_tela,chimera,2,False,True,0.5,-40.0,False,6.0,42,0.536843,0.709075,0.419355,0.0,0.169457,,,,,False,,False,signal_warp,14,0,3,0.0,,0,18.646793,-35.255216,-29.546323,,,,,,,,,1.886351
oceano_hecho_de_campana,chimera_grid,1,align-off__nb2__mix0.75__warp-off,,oceano,campana_tela,chimera,2,False,False,0.75,-40.0,False,6.0,42,0.536882,0.709075,0.4,0.0,0.175285,,,,,False,,False,,,,,,,0,18.818324,-35.345807,-29.47275,,,,,,,,,0.932467
oceano_hecho_de_campana,chimera_grid,1,align-off__nb2__mix0.75__warp-on,,oceano,campana_tela,chimera,2,False,True,0.75,-40.0,False,6.0,42,0.536882,0.709075,0.4,0.0,0.175285,,,,,False,,False,signal_warp,14,0,3,0.0,,0,18.818324,-35.345807,-29.47275,,,,,,,,,1.888551
oceano_hecho_de_campana,chimera_grid,1,align-off__nb2__mix1.00__warp-off,,oceano,campana_tela,chimera,2,False,False,1.0,-40.0,False,6.0,42,0.536931,0.709075,0.392857,0.0,0.177455,,,,,False,,False,,,,,,,0,18.964195,-35.401085,-29.408433,,,,,,,,,0.932904
oceano_hecho_de_campana,chimera_grid,1,align-off__nb2__mix1.00__warp-on,,oceano,campana_tela,chimera,2,False,True,1.0,-40.0,False,6.0,42,0.536931,0.709075,0.392857,0.0,0.177455,,,,,False,,False,signal_warp,14,0,3,0.0,,0,18.964195,-35.401085,-29.408433,,,,,,,,,1.883651
oceano_hecho_de_campana,chimera_grid,1,align-off__nb4__mix0.00__warp-off,,oceano,campana_tela,chimera,4,False,False,0.0,-40.0,False,6.0,42,0.35541,0.709075,0.471698,0.0,0.053966,,,,,False,,False,,,,,,,0,17.467361,-35.110667,-26.767133,,,,,,,,,1.199719
oceano_hecho_de_campana,chimera_grid,1,align-off__nb4__mix0.00__warp-on,,oceano,campana_tela,chimera,4,False,True,0.0,-40.0,False,6.0,42,0.35541,0.709075,0.471698,0.0,0.053966,,,,,False,,False,signal_warp,14,0,3,0.0,,0,17.467361,-35.110667,-26.767133,,,,,,,,,2.172154
oceano_hecho_de_campana,chimera_grid,1,align-off__nb4__mix0.25__warp-off,,oceano,campana_tela,chimera,4,False,False,0.25,-40.0,False,6.0,42,0.377137,0.709075,0.471698,0.0,0.065916,,,,,False,,False,,,,,,,0,17.559706,-34.984378,-27.10678,,,,,,,,,1.207565
oceano_hecho_de_campana,chimera_grid,1,align-off__nb4__mix0.25__warp-on,,oceano,campana_tela,chimera,4,False,True,0.25,-40.0,False,6.0,42,0.377137,0.709075,0.471698,0.0,0.065916,,,,,False,,False,signal_warp,14,0,3,0.0,,0,17.559706,-34.984378,-27.10678,,,,,,,,,2.124486
oceano_hecho_de_campana,chimera_grid,1,align-off__nb4__mix0.50__warp-off,,oceano,campana_tela,chimera,4,False,False,0.5,-40.0,False,6.0,42,0.399543,0.709075,0.576923,0.0,0.046672,,,,,False,,False,,,,,,,0,17.592164,-34.704817,-27.444407,,,,,,,,,1.154063
oceano_hecho_de_campana,chimera_grid,1,align-off__nb4__mix0.50__warp-on,,oceano,campana_tela,chimera,4,False,True,0.5,-40.0,False,6.0,42,0.399543,0.709075,0.576923,0.0,0.046672,,,,,False,,False,signal_warp,14,0,3,0.0,,0,17.592164,-34.704817,-27.444407,,,,,,,,,2.113009
oceano_hecho_de_campana,chimera_grid,1,align-off__nb4__mix0.75__warp-off,,oceano,campana_tela,chimera,4,False,False,0.75,-40.0,False,6.0,42,0.42127,0.709075,0.510204,0.0,0.078637,,,,,False,,False,,,,,,,0,17.72685,-34.472226,-27.91446,,,,,,,,,1.159071
oceano_hecho_de_campana,chimera_grid,1,align-off__nb4__mix0.75__warp-on,,oceano,campana_tela,chimera,4,False,True,0.75,-40.0,False,6.0,42,0.42127,0.709075,0.510204,0.0,0.078637,,,,,False,,False,signal_warp,14,0,3,0.0,,0,17.72685,-34.472226,-27.91446,,,,,,,,,2.119849
oceano_hecho_de_campana,chimera_grid,1,align-off__nb4__mix1.00__warp-off,,oceano,campana_tela,chimera,4,False,False,1.0,-40.0,False,6.0,42,0.44034,0.709075,0.478261,0.0,0.098708,,,,,False,,False,,,,,,,0,17.84289,-34.20331,-28.364415,,,,,,,,,1.161105
oceano_hecho_de_campana,chimera_grid,1,align-off__nb4__mix1.00__warp-on,,oceano,campana_tela,chimera,4,False,True,1.0,-40.0,False,6.0,42,0.44034,0.709075,0.478261,0.0,0.098708,,,,,False,,False,signal_warp,14,0,3,0.0,,0,17.84289,-34.20331,-28.364415,,,,,,,,,2.107327
oceano_hecho_de_campana,chimera_grid,1,align-off__nb6__mix0.00__warp-off,,oceano,campana_tela,chimera,6,False,False,0.0,-40.0,False,6.0,42,0.436594,0.709075,0.806452,0.0,-0.001809,,,,,False,,False,,,,,,,0,17.34186,-34.991477,-25.55743,,,,,,,,,1.376688
oceano_hecho_de_campana,chimera_grid,1,align-off__nb6__mix0.00__warp-on,,oceano,campana_tela,chimera,6,False,True,0.0,-40.0,False,6.0,42,0.436594,0.709075,0.806452,0.0,-0.001809,,,,,False,,False,signal_warp,14,0,3,0.0,,0,17.34186,-34.991477,-25.55743,,,,,,,,,2.315565
oceano_hecho_de_campana,chimera_grid,1,align-off__nb6__mix0.25__warp-off,,oceano,campana_tela,chimera,6,False,False,0.25,-40.0,False,6.0,42,0.456681,0.709075,0.69697,0.0,0.042084,,,,,False,,False,,,,,,,0,17.285247,-35.30565,-25.697919,,,,,,,,,1.365745
oceano_hecho_de_campana,chimera_grid,1,align-off__nb6__mix0.25__warp-on,,oceano,campana_tela,chimera,6,False,True,0.25,-40.0,False,6.0,42,0.456681,0.709075,0.69697,0.0,0.042084,,,,,False,,False,signal_warp,14,0,3,0.0,,0,17.285247,-35.30565,-25.697919,,,,,,,,,2.334507
oceano_hecho_de_campana,chimera_grid,1,align-off__nb6__mix0.50__warp-off,,oceano,campana_tela,chimera,6,False,False,0.5,-40.0,False,6.0,42,0.474169,0.709075,0.512195,0.0,0.107134,,,,,False,,False,,,,,,,0,17.141732,-35.358153,-25.912508,,,,,,,,,1.379632
oceano_hecho_de_campana,chimera_grid,1,align-off__nb6__mix0.50__warp-on,,oceano,campana_tela,chimera,6,False,True,0.5,-40.0,False,6.0,42,0.474169,0.709075,0.512195,0.0,0.107134,,,,,False,,False,signal_warp,14,0,3,0.0,,0,17.141732,-35.358153,-25.912508,,,,,,,,,2.339726
oceano_hecho_de_campana,chimera_grid,1,align-off__nb6__mix0.75__warp-off,,oceano,campana_tela,chimera,6,False,False,0.75,-40.0,False,6.0,42,0.485833,0.709075,0.422222,0.0,0.140542,,,,,False,,False,,,,,,,0,17.126643,-35.340789,-26.396251,,,,,,,,,1.38576
oceano_hecho_de_campana,chimera_grid,1,align-off__nb6__mix0.75__warp-on,,oceano,campana_tela,chimera,6,False,True,0.75,-40.0,False,6.0,42,0.485833,0.709075,0.422222,0.0,0.140542,,,,,False,,False,signal_warp,14,0,3,0.0,,0,17.126643,-35.340789,-26.396251,,,,,,,,,2.334518
oceano_hecho_de_campana,chimera_grid,1,align-off__nb6__mix1.00__warp-off,,oceano,campana_tela,chimera,6,False,False,1.0,-40.0,False,6.0,42,0.49052,0.709075,0.304348,0.0,0.178482,,,,,False,,False,,,,,,,0,17.010001,-35.048354,-26.873797,,,,,,,,,1.386485
oceano_hecho_de_campana,chimera_grid,1,align-off__nb6__mix1.00__warp-on,,oceano,campana_tela,chimera,6,False,True,1.0,-40.0,False,6.0,42,0.49052,0.709075,0.304348,0.0,0.178482,,,,,False,,False,signal_warp,14,0,3,0.0,,0,17.010001,-35.048354,-26.873797,,,,,,,,,2.328344
oceano_hecho_de_campana,chimera_grid,1,align-off__nb8__mix0.00__warp-off,,oceano,campana_tela,chimera,8,False,False,0.0,-40.0,False,6.0,42,0.407131,0.709075,0.741935,0.0,0.001341,,,,,False,,False,,,,,,,0,17.785448,-35.921539,-24.527728,,,,,,,,,1.594148
oceano_hecho_de_campana,chimera_grid,1,align-off__nb8__mix0.00__warp-on,,oceano,campana_tela,chimera,8,False,True,0.0,-40.0,False,6.0,42,0.407131,0.709075,0.741935,0.0,0.001341,,,,,False,,False,signal_warp,14,0,3,0.0,,0,17.785448,-35.921539,-24.527728,,,,,,,,,1.6731
oceano_hecho_de_campana,chimera_grid,1,align-off__nb8__mix0.25__warp-off,,oceano,campana_tela,chimera,8,False,False,0.25,-40.0,False,6.0,42,0.426537,0.709075,0.526316,0.0,0.0767,,,,,False,,False,,,,,,,0,18.282606,-36.92819,-24.787123,,,,,,,,,1.600049
oceano_hecho_de_campana,chimera_grid,1,align-off__nb8__mix0.25__warp-on,,oceano,campana_tela,chimera,8,False,True,0.25,-40.0,False,6.0,42,0.426537,0.709075,0.526316,0.0,0.0767,,,,,False,,False,signal_warp,14,0,3,0.0,,0,18.282606,-36.92819,-24.787123,,,,,,,,,2.558435
oceano_hecho_de_campana,chimera_grid,1,align-off__nb8__mix0.50__warp-off,,oceano,campana_tela,chimera,8,False,False,0.5,-40.0,False,6.0,42,0.439603,0.709075,0.377778,0.0,0.128448,,,,,False,,False,,,,,,,0,18.59851,-37.521114,-24.9846,True,muestra4,escucha_AB/fusion_v12/oceano_hecho_de_campana/muestra4__align-off__nb8__mix0.50__warp-off.wav,0.358312,linear,False,0.0,,1.601278
oceano_hecho_de_campana,chimera_grid,1,align-off__nb8__mix0.50__warp-on,,oceano,campana_tela,chimera,8,False,True,0.5,-40.0,False,6.0,42,0.439603,0.709075,0.377778,0.0,0.128448,,,,,False,,False,signal_warp,14,0,3,0.0,,0,18.59851,-37.521114,-24.9846,,,,,,,,,2.547093
oceano_hecho_de_campana,chimera_grid,1,align-off__nb8__mix0.75__warp-off,,oceano,campana_tela,chimera,8,False,False,0.75,-40.0,False,6.0,42,0.449104,0.709075,0.404255,0.0,0.125731,,,,,False,,False,,,,,,,0,18.773702,-37.796251,-25.116123,,,,,,,,,1.599886
oceano_hecho_de_campana,chimera_grid,1,align-off__nb8__mix0.75__warp-on,,oceano,campana_tela,chimera,8,False,True,0.75,-40.0,False,6.0,42,0.449104,0.709075,0.404255,0.0,0.125731,,,,,False,,False,signal_warp,14,0,3,0.0,,0,18.773702,-37.796251,-25.116123,,,,,,,,,2.556129
oceano_hecho_de_campana,chimera_grid,1,align-off__nb8__mix1.00__warp-off,,oceano,campana_tela,chimera,8,False,False,1.0,-40.0,False,6.0,42,0.455118,0.709075,0.416667,0.0,0.125315,,,,,False,,False,,,,,,,0,18.845796,-37.858582,-25.186876,,,,,,,,,1.604526
oceano_hecho_de_campana,chimera_grid,1,align-off__nb8__mix1.00__warp-on,,oceano,campana_tela,chimera,8,False,True,1.0,-40.0,False,6.0,42,0.455118,0.709075,0.416667,0.0,0.125315,,,,,False,,False,signal_warp,14,0,3,0.0,,0,18.845796,-37.858582,-25.186876,,,,,,,,,2.565571
oceano_hecho_de_campana,chimera_grid,1,align-off__nb12__mix0.00__warp-off,,oceano,campana_tela,chimera,12,False,False,0.0,-40.0,False,6.0,42,0.414765,0.709075,0.764706,0.0,-0.001291,,,,,False,,False,,,,,,,0,17.387626,-35.089192,-22.674271,,,,,,,,,2.028897
oceano_hecho_de_campana,chimera_grid,1,align-off__nb12__mix0.00__warp-on,,oceano,campana_tela,chimera,12,False,True,0.0,-40.0,False,6.0,42,0.414765,0.709075,0.764706,0.0,-0.001291,,,,,False,,False,signal_warp,14,0,3,0.0,,0,17.387626,-35.089192,-22.674271,,,,,,,,,2.096446
oceano_hecho_de_campana,chimera_grid,1,align-off__nb12__mix0.25__warp-off,,oceano,campana_tela,chimera,12,False,False,0.25,-40.0,False,6.0,42,0.406711,0.709075,0.8125,0.0,-0.020059,,,,,False,,False,,,,,,,0,17.361597,-36.09481,-22.619553,,,,,,,,,2.020739
oceano_hecho_de_campana,chimera_grid,1,align-off__nb12__mix0.25__warp-on,,oceano,campana_tela,chimera,12,False,True,0.25,-40.0,False,6.0,42,0.406711,0.709075,0.8125,0.0,-0.020059,,,,,False,,False,signal_warp,14,0,3,0.0,,0,17.361597,-36.09481,-22.619553,,,,,,,,,2.985547
oceano_hecho_de_campana,chimera_grid,1,align-off__nb12__mix0.50__warp-off,,oceano,campana_tela,chimera,12,False,False,0.5,-40.0,False,6.0,42,0.38999,0.709075,0.641026,0.0,0.022187,,,,,False,,False,,,,,,,0,17.371107,-37.13411,-22.836971,,,,,,,,,2.022483
oceano_hecho_de_campana,chimera_grid,1,align-off__nb12__mix0.50__warp-on,,oceano,campana_tela,chimera,12,False,True,0.5,-40.0,False,6.0,42,0.38999,0.709075,0.641026,0.0,0.022187,,,,,False,,False,signal_warp,14,0,3,0.0,,0,17.371107,-37.13411,-22.836971,,,,,,,,,2.977454
oceano_hecho_de_campana,chimera_grid,1,align-off__nb12__mix0.75__warp-off,,oceano,campana_tela,chimera,12,False,False,0.75,-40.0,False,6.0,42,0.373874,0.709075,0.560976,0.0,0.037338,,,,,False,,False,,,,,,,0,17.654826,-38.291463,-23.503227,True,muestra5,escucha_AB/fusion_v12/oceano_hecho_de_campana/muestra5__align-off__nb12__mix0.75__warp-off.wav,0.321424,linear,False,0.0,,2.022573
oceano_hecho_de_campana,chimera_grid,1,align-off__nb12__mix0.75__warp-on,,oceano,campana_tela,chimera,12,False,True,0.75,-40.0,False,6.0,42,0.373874,0.709075,0.560976,0.0,0.037338,,,,,False,,False,signal_warp,14,0,3,0.0,,0,17.654826,-38.291463,-23.503227,,,,,,,,,2.974567
oceano_hecho_de_campana,chimera_grid,1,align-off__nb12__mix1.00__warp-off,,oceano,campana_tela,chimera,12,False,False,1.0,-40.0,False,6.0,42,0.363072,0.709075,0.454545,0.0,0.063326,,,,,False,,False,,,,,,,0,17.903852,-39.173039,-24.209104,,,,,,,,,2.025069
oceano_hecho_de_campana,chimera_grid,1,align-off__nb12__mix1.00__warp-on,,oceano,campana_tela,chimera,12,False,True,1.0,-40.0,False,6.0,42,0.363072,0.709075,0.454545,0.0,0.063326,,,,,False,,False,signal_warp,14,0,3,0.0,,0,17.903852,-39.173039,-24.209104,,,,,,,,,2.970753
oceano_hecho_de_campana,chimera_grid,1,align-off__nb16__mix0.00__warp-off,,oceano,campana_tela,chimera,16,False,False,0.0,-40.0,False,6.0,42,0.452205,0.709075,0.928571,0.0,-0.029858,,,,,False,,False,,,,,,,0,18.624692,-35.631066,-23.290518,,,,,,,,,2.44963
oceano_hecho_de_campana,chimera_grid,1,align-off__nb16__mix0.00__warp-on,,oceano,campana_tela,chimera,16,False,True,0.0,-40.0,False,6.0,42,0.452205,0.709075,0.928571,0.0,-0.029858,,,,,False,,False,signal_warp,14,0,3,0.0,,0,18.624692,-35.631066,-23.290518,,,,,,,,,3.39005
oceano_hecho_de_campana,chimera_grid,1,align-off__nb16__mix0.25__warp-off,,oceano,campana_tela,chimera,16,False,False,0.25,-40.0,False,6.0,42,0.489565,0.709075,0.925926,0.0,-0.008517,,,,,False,,False,,,,,,,0,19.39652,-37.123393,-23.695785,,,,,,,,,2.455703
oceano_hecho_de_campana,chimera_grid,1,align-off__nb16__mix0.25__warp-on,,oceano,campana_tela,chimera,16,False,True,0.25,-40.0,False,6.0,42,0.489565,0.709075,0.925926,0.0,-0.008517,,,,,False,,False,signal_warp,14,0,3,0.0,,0,19.39652,-37.123393,-23.695785,,,,,,,,,3.382916
oceano_hecho_de_campana,chimera_grid,1,align-off__nb16__mix0.50__warp-off,,oceano,campana_tela,chimera,16,False,False,0.5,-40.0,False,6.0,42,0.48309,0.709075,0.928571,0.0,-0.012872,,,,,False,,False,,,,,,,0,19.739092,-38.725883,-23.741766,,,,,,,,,2.440271
oceano_hecho_de_campana,chimera_grid,1,align-off__nb16__mix0.50__warp-on,,oceano,campana_tela,chimera,16,False,True,0.5,-40.0,False,6.0,42,0.48309,0.709075,0.928571,0.0,-0.012872,,,,,False,,False,signal_warp,14,0,3,0.0,,0,19.739092,-38.725883,-23.741766,,,,,,,,,3.391457
oceano_hecho_de_campana,chimera_grid,1,align-off__nb16__mix0.75__warp-off,,oceano,campana_tela,chimera,16,False,False,0.75,-40.0,False,6.0,42,0.469008,0.709075,0.741935,0.0,0.035374,,,,,False,,False,,,,,,,0,19.700369,-39.999056,-23.624892,,,,,,,,,2.436888
oceano_hecho_de_campana,chimera_grid,1,align-off__nb16__mix0.75__warp-on,,oceano,campana_tela,chimera,16,False,True,0.75,-40.0,False,6.0,42,0.469008,0.709075,0.741935,0.0,0.035374,,,,,False,,False,signal_warp,14,0,3,0.0,,0,19.700369,-39.999056,-23.624892,,,,,,,,,3.400329
oceano_hecho_de_campana,chimera_grid,1,align-off__nb16__mix1.00__warp-off,,oceano,campana_tela,chimera,16,False,False,1.0,-40.0,False,6.0,42,0.457819,0.709075,0.722222,0.0,0.035134,,,,,False,,False,,,,,,,0,19.469162,-40.73992,-23.480667,True,muestra6,escucha_AB/fusion_v12/oceano_hecho_de_campana/muestra6__align-off__nb16__mix1.00__warp-off.wav,0.396091,linear,False,0.0,,2.444123
oceano_hecho_de_campana,chimera_grid,1,align-off__nb16__mix1.00__warp-on,,oceano,campana_tela,chimera,16,False,True,1.0,-40.0,False,6.0,42,0.457819,0.709075,0.722222,0.0,0.035134,,,,,False,,False,signal_warp,14,0,3,0.0,,0,19.469162,-40.73992,-23.480667,,,,,,,,,3.392811
oceano_hecho_de_campana,chimera_grid,1,align-off__nb24__mix0.00__warp-off,,oceano,campana_tela,chimera,24,False,False,0.0,-40.0,False,6.0,42,0.408388,0.709075,0.641026,0.0,0.032306,,,,,False,,False,,,,,,,0,19.755515,-36.638016,-23.545012,True,muestra7,escucha_AB/fusion_v12/oceano_hecho_de_campana/muestra7__align-off__nb24__mix0.00__warp-off.wav,0.409366,linear,False,0.0,,3.281461
oceano_hecho_de_campana,chimera_grid,1,align-off__nb24__mix0.00__warp-on,,oceano,campana_tela,chimera,24,False,True,0.0,-40.0,False,6.0,42,0.408388,0.709075,0.641026,0.0,0.032306,,,,,False,,False,signal_warp,14,0,3,0.0,,0,19.755515,-36.638016,-23.545012,,,,,,,,,4.243166
oceano_hecho_de_campana,chimera_grid,1,align-off__nb24__mix0.25__warp-off,,oceano,campana_tela,chimera,24,False,False,0.25,-40.0,False,6.0,42,0.445718,0.709075,0.897436,0.0,-0.024086,,,,,False,,False,,,,,,,0,19.934807,-37.470986,-23.73909,,,,,,,,,3.287685
oceano_hecho_de_campana,chimera_grid,1,align-off__nb24__mix0.25__warp-on,,oceano,campana_tela,chimera,24,False,True,0.25,-40.0,False,6.0,42,0.445718,0.709075,0.897436,0.0,-0.024086,,,,,False,,False,signal_warp,14,0,3,0.0,,0,19.934807,-37.470986,-23.73909,,,,,,,,,4.246501
oceano_hecho_de_campana,chimera_grid,1,align-off__nb24__mix0.50__warp-off,,oceano,campana_tela,chimera,24,False,False,0.5,-40.0,False,6.0,42,0.457606,0.709075,0.707317,0.0,0.039488,,,,,False,,False,,,,,,,0,19.695996,-38.595922,-23.435585,,,,,,,,,3.272059
oceano_hecho_de_campana,chimera_grid,1,align-off__nb24__mix0.50__warp-on,,oceano,campana_tela,chimera,24,False,True,0.5,-40.0,False,6.0,42,0.457606,0.709075,0.707317,0.0,0.039488,,,,,False,,False,signal_warp,14,0,3,0.0,,0,19.695996,-38.595922,-23.435585,,,,,,,,,4.225225
oceano_hecho_de_campana,chimera_grid,1,align-off__nb24__mix0.75__warp-off,,oceano,campana_tela,chimera,24,False,False,0.75,-40.0,False,6.0,42,0.443382,0.709075,0.65,0.0,0.04886,,,,,False,,False,,,,,,,0,19.280485,-39.758246,-23.04526,,,,,,,,,3.301445
oceano_hecho_de_campana,chimera_grid,1,align-off__nb24__mix0.75__warp-on,,oceano,campana_tela,chimera,24,False,True,0.75,-40.0,False,6.0,42,0.443382,0.709075,0.65,0.0,0.04886,,,,,False,,False,signal_warp,14,0,3,0.0,,0,19.280485,-39.758246,-23.04526,,,,,,,,,4.236243
oceano_hecho_de_campana,chimera_grid,1,align-off__nb24__mix1.00__warp-off,,oceano,campana_tela,chimera,24,False,False,1.0,-40.0,False,6.0,42,0.421368,0.709075,0.641026,0.0,0.039445,,,,,False,,False,,,,,,,0,19.021556,-40.731347,-22.923034,,,,,,,,,3.28528
oceano_hecho_de_campana,chimera_grid,1,align-off__nb24__mix1.00__warp-on,,oceano,campana_tela,chimera,24,False,True,1.0,-40.0,False,6.0,42,0.421368,0.709075,0.641026,0.0,0.039445,,,,,False,,False,signal_warp,14,0,3,0.0,,0,19.021556,-40.731347,-22.923034,,,,,,,,,4.2409
oceano_hecho_de_campana,chimera_grid,1,align-off__nb32__mix0.00__warp-off,,oceano,campana_tela,chimera,32,False,False,0.0,-40.0,False,6.0,42,0.413553,0.709075,0.705882,0.0,0.015689,,,,,False,,False,,,,,,,0,19.588091,-35.828641,-23.221135,True,muestra8,escucha_AB/fusion_v12/oceano_hecho_de_campana/muestra8__align-off__nb32__mix0.00__warp-off.wav,0.401551,linear,False,0.0,,4.12906
oceano_hecho_de_campana,chimera_grid,1,align-off__nb32__mix0.00__warp-on,,oceano,campana_tela,chimera,32,False,True,0.0,-40.0,False,6.0,42,0.413553,0.709075,0.705882,0.0,0.015689,,,,,False,,False,signal_warp,14,0,3,0.0,,0,19.588091,-35.828641,-23.221135,,,,,,,,,5.078976
oceano_hecho_de_campana,chimera_grid,1,align-off__nb32__mix0.25__warp-off,,oceano,campana_tela,chimera,32,False,False,0.25,-40.0,False,6.0,42,0.424295,0.709075,0.764706,0.0,0.00395,,,,,False,,False,,,,,,,0,19.796887,-36.939609,-23.5733,,,,,,,,,4.143106
oceano_hecho_de_campana,chimera_grid,1,align-off__nb32__mix0.25__warp-on,,oceano,campana_tela,chimera,32,False,True,0.25,-40.0,False,6.0,42,0.424295,0.709075,0.764706,0.0,0.00395,,,,,False,,False,signal_warp,14,0,3,0.0,,0,19.796887,-36.939609,-23.5733,,,,,,,,,5.073399
oceano_hecho_de_campana,chimera_grid,1,align-off__nb32__mix0.50__warp-off,,oceano,campana_tela,chimera,32,False,False,0.5,-40.0,False,6.0,42,0.418195,0.709075,0.567568,0.0,0.059737,,,,,False,,False,,,,,,,0,19.602609,-38.320931,-23.426658,,,,,,,,,4.132643
oceano_hecho_de_campana,chimera_grid,1,align-off__nb32__mix0.50__warp-on,,oceano,campana_tela,chimera,32,False,True,0.5,-40.0,False,6.0,42,0.418195,0.709075,0.567568,0.0,0.059737,,,,,False,,False,signal_warp,14,0,3,0.0,,0,19.602609,-38.320931,-23.426658,,,,,,,,,5.092196
oceano_hecho_de_campana,chimera_grid,1,align-off__nb32__mix0.75__warp-off,,oceano,campana_tela,chimera,32,False,False,0.75,-40.0,False,6.0,42,0.397618,0.709075,0.529412,0.0,0.059866,,,,,False,,False,,,,,,,0,19.141479,-39.610035,-23.073908,,,,,,,,,4.211871
oceano_hecho_de_campana,chimera_grid,1,align-off__nb32__mix0.75__warp-on,,oceano,campana_tela,chimera,32,False,True,0.75,-40.0,False,6.0,42,0.397618,0.709075,0.529412,0.0,0.059866,,,,,False,,False,signal_warp,14,0,3,0.0,,0,19.141479,-39.610035,-23.073908,,,,,,,,,5.225844
oceano_hecho_de_campana,chimera_grid,1,align-off__nb32__mix1.00__warp-off,,oceano,campana_tela,chimera,32,False,False,1.0,-40.0,False,6.0,42,0.37807,0.709075,0.5,0.0,0.057938,,,,,False,,False,,,,,,,0,19.269928,-41.024076,-23.392546,,,,,,,,,4.309829
oceano_hecho_de_campana,chimera_grid,1,align-off__nb32__mix1.00__warp-on,,oceano,campana_tela,chimera,32,False,True,1.0,-40.0,False,6.0,42,0.37807,0.709075,0.5,0.0,0.057938,,,,,False,,False,signal_warp,14,0,3,0.0,,0,19.269928,-41.024076,-23.392546,,,,,,,,,5.112019
oceano_hecho_de_campana,chimera_grid,1,align-on__nb2__mix0.00__warp-off,,oceano,campana_tela,chimera,2,True,False,0.0,-40.0,False,6.0,42,0.553501,0.54929,0.333333,0.0,0.204426,1142.398983,1185.118898,42.719915,1400.221624,False,campana_tela,False,,,,,,,0,17.661402,-34.851269,-28.848078,,,,,,,,,3.639035
oceano_hecho_de_campana,chimera_grid,1,align-on__nb2__mix0.00__warp-on,,oceano,campana_tela,chimera,2,True,True,0.0,-40.0,False,6.0,42,0.553501,0.54929,0.333333,0.0,0.204426,1142.398983,1185.118898,42.719915,1400.221624,False,campana_tela,False,signal_warp,14,0,3,0.0,,0,17.661402,-34.851269,-28.848078,,,,,,,,,1.889752
oceano_hecho_de_campana,chimera_grid,1,align-on__nb2__mix0.25__warp-off,,oceano,campana_tela,chimera,2,True,False,0.25,-40.0,False,6.0,42,0.567492,0.54929,0.409836,0.0,0.18917,1142.398983,1185.118898,42.719915,1400.221624,False,campana_tela,False,,,,,,,0,18.216306,-35.243255,-28.710209,,,,,,,,,1.802359
oceano_hecho_de_campana,chimera_grid,1,align-on__nb2__mix0.25__warp-on,,oceano,campana_tela,chimera,2,True,True,0.25,-40.0,False,6.0,42,0.567492,0.54929,0.409836,0.0,0.18917,1142.398983,1185.118898,42.719915,1400.221624,False,campana_tela,False,signal_warp,14,0,3,0.0,,0,18.216306,-35.243255,-28.710209,,,,,,,,,1.879028
oceano_hecho_de_campana,chimera_grid,1,align-on__nb2__mix0.50__warp-off,,oceano,campana_tela,chimera,2,True,False,0.5,-40.0,False,6.0,42,0.575204,0.54929,0.333333,0.0,0.216362,1142.398983,1185.118898,42.719915,1400.221624,False,campana_tela,False,,,,,,,0,18.576564,-35.352869,-28.596673,,,,,,,,,1.81373
oceano_hecho_de_campana,chimera_grid,1,align-on__nb2__mix0.50__warp-on,,oceano,campana_tela,chimera,2,True,True,0.5,-40.0,False,6.0,42,0.575204,0.54929,0.333333,0.0,0.216362,1142.398983,1185.118898,42.719915,1400.221624,False,campana_tela,False,signal_warp,14,0,3,0.0,,0,18.576564,-35.352869,-28.596673,,,,,,,,,1.885411
oceano_hecho_de_campana,chimera_grid,1,align-on__nb2__mix0.75__warp-off,,oceano,campana_tela,chimera,2,True,False,0.75,-40.0,False,6.0,42,0.579612,0.709075,0.321429,0.0,0.222358,1142.398983,1185.118898,42.719915,1400.221624,False,campana_tela,False,,,,,,,0,18.804437,-35.355148,-28.514834,,,,,,,,,0.945004
oceano_hecho_de_campana,chimera_grid,1,align-on__nb2__mix0.75__warp-on,,oceano,campana_tela,chimera,2,True,True,0.75,-40.0,False,6.0,42,0.579612,0.54929,0.321429,0.0,0.222358,1142.398983,1185.118898,42.719915,1400.221624,False,campana_tela,False,signal_warp,14,0,3,0.0,,0,18.804437,-35.355148,-28.514834,,,,,,,,,1.877137
oceano_hecho_de_campana,chimera_grid,1,align-on__nb2__mix1.00__warp-off,,oceano,campana_tela,chimera,2,True,False,1.0,-40.0,False,6.0,42,0.582229,0.54929,0.321429,0.0,0.223798,1142.398983,1185.118898,42.719915,1400.221624,False,campana_tela,False,,,,,,,0,18.946807,-35.328654,-28.459563,,,,,,,,,1.812496
oceano_hecho_de_campana,chimera_grid,1,align-on__nb2__mix1.00__warp-on,,oceano,campana_tela,chimera,2,True,True,1.0,-40.0,False,6.0,42,0.582229,0.709075,0.321429,0.0,0.223798,1142.398983,1185.118898,42.719915,1400.221624,False,campana_tela,False,signal_warp,14,0,3,0.0,,0,18.946807,-35.328654,-28.459563,,,,,,,,,0.998991
oceano_hecho_de_campana,chimera_grid,1,align-on__nb4__mix0.00__warp-off,,oceano,campana_tela,chimera,4,True,False,0.0,-40.0,False,6.0,42,0.429612,0.54929,0.433333,0.0,0.106287,1142.398983,1185.118898,42.719915,1400.221624,False,campana_tela,False,,,,,,,0,17.234093,-35.698215,-26.770447,,,,,,,,,2.032569
oceano_hecho_de_campana,chimera_grid,1,align-on__nb4__mix0.00__warp-on,,oceano,campana_tela,chimera,4,True,True,0.0,-40.0,False,6.0,42,0.429612,0.709075,0.433333,0.0,0.106287,1142.398983,1185.118898,42.719915,1400.221624,False,campana_tela,False,signal_warp,14,0,3,0.0,,0,17.234093,-35.698215,-26.770447,,,,,,,,,1.236704
oceano_hecho_de_campana,chimera_grid,1,align-on__nb4__mix0.25__warp-off,,oceano,campana_tela,chimera,4,True,False,0.25,-40.0,False,6.0,42,0.461294,0.54929,0.298246,0.0,0.164238,1142.398983,1185.118898,42.719915,1400.221624,False,campana_tela,False,,,,,,,0,17.727515,-35.92868,-27.16133,,,,,,,,,1.155383
oceano_hecho_de_campana,chimera_grid,1,align-on__nb4__mix0.25__warp-on,,oceano,campana_tela,chimera,4,True,True,0.25,-40.0,False,6.0,42,0.461294,0.54929,0.298246,0.0,0.164238,1142.398983,1185.118898,42.719915,1400.221624,False,campana_tela,False,signal_warp,14,0,3,0.0,,0,17.727515,-35.92868,-27.16133,True,muestra2,escucha_AB/fusion_v12/oceano_hecho_de_campana/muestra2__align-on__nb4__mix0.25__warp-on.wav,0.324125,linear,False,0.0,,2.107446
oceano_hecho_de_campana,chimera_grid,1,align-on__nb4__mix0.50__warp-off,,oceano,campana_tela,chimera,4,True,False,0.5,-40.0,False,6.0,42,0.484319,0.54929,0.222222,0.0,0.199709,1142.398983,1185.118898,42.719915,1400.221624,False,campana_tela,False,,,,,,,0,18.013527,-35.872714,-27.567863,,,,,,,,,2.039448
oceano_hecho_de_campana,chimera_grid,1,align-on__nb4__mix0.50__warp-on,,oceano,campana_tela,chimera,4,True,True,0.5,-40.0,False,6.0,42,0.484319,0.54929,0.222222,0.0,0.199709,1142.398983,1185.118898,42.719915,1400.221624,False,campana_tela,False,signal_warp,14,0,3,0.0,,0,18.013527,-35.872714,-27.567863,,,,,,,,,2.106392
oceano_hecho_de_campana,chimera_grid,1,align-on__nb4__mix0.75__warp-off,,oceano,campana_tela,chimera,4,True,False,0.75,-40.0,False,6.0,42,0.498711,0.54929,0.103448,0.0,0.243257,1142.398983,1185.118898,42.719915,1400.221624,False,campana_tela,False,,,,,,,0,18.15174,-35.674388,-27.96401,,,,,,,,,2.034232
oceano_hecho_de_campana,chimera_grid,1,align-on__nb4__mix0.75__warp-on,,oceano,campana_tela,chimera,4,True,True,0.75,-40.0,False,6.0,42,0.498711,0.54929,0.103448,0.0,0.243257,1142.398983,1185.118898,42.719915,1400.221624,False,campana_tela,False,signal_warp,14,0,3,0.0,,0,18.15174,-35.674388,-27.96401,,,,,,,,,2.095253
oceano_hecho_de_campana,chimera_grid,1,align-on__nb4__mix1.00__warp-off,,oceano,campana_tela,chimera,4,True,False,1.0,-40.0,False,6.0,42,0.507294,0.54929,0.137931,0.0,0.237633,1142.398983,1185.118898,42.719915,1400.221624,False,campana_tela,False,,,,,,,0,18.189291,-35.407503,-28.312672,,,,,,,,,2.033116
oceano_hecho_de_campana,chimera_grid,1,align-on__nb4__mix1.00__warp-on,,oceano,campana_tela,chimera,4,True,True,1.0,-40.0,False,6.0,42,0.507294,0.709075,0.137931,0.0,0.237633,1142.398983,1185.118898,42.719915,1400.221624,False,campana_tela,False,signal_warp,14,0,3,0.0,,0,18.189291,-35.407503,-28.312672,,,,,,,,,1.225977
oceano_hecho_de_campana,chimera_grid,1,align-on__nb6__mix0.00__warp-off,,oceano,campana_tela,chimera,6,True,False,0.0,-40.0,False,6.0,42,0.295567,0.54929,0.733333,0.0,-0.057438,1142.398983,1185.118898,42.719915,1400.221624,False,campana_tela,False,,,,,,,0,17.055613,-35.196121,-25.491883,,,,,,,,,2.258514
oceano_hecho_de_campana,chimera_grid,1,align-on__nb6__mix0.00__warp-on,,oceano,campana_tela,chimera,6,True,True,0.0,-40.0,False,6.0,42,0.295567,0.54929,0.733333,0.0,-0.057438,1142.398983,1185.118898,42.719915,1400.221624,False,campana_tela,False,signal_warp,14,0,3,0.0,,0,17.055613,-35.196121,-25.491883,,,,,,,,,2.32469
oceano_hecho_de_campana,chimera_grid,1,align-on__nb6__mix0.25__warp-off,,oceano,campana_tela,chimera,6,True,False,0.25,-40.0,False,6.0,42,0.317801,0.54929,0.631579,0.0,-0.014683,1142.398983,1185.118898,42.719915,1400.221624,False,campana_tela,False,,,,,,,0,17.203,-36.155337,-25.544788,,,,,,,,,2.249186
oceano_hecho_de_campana,chimera_grid,1,align-on__nb6__mix0.25__warp-on,,oceano,campana_tela,chimera,6,True,True,0.25,-40.0,False,6.0,42,0.317801,0.54929,0.631579,0.0,-0.014683,1142.398983,1185.118898,42.719915,1400.221624,False,campana_tela,False,signal_warp,14,0,3,0.0,,0,17.203,-36.155337,-25.544788,,,,,,,,,2.324146
oceano_hecho_de_campana,chimera_grid,1,align-on__nb6__mix0.50__warp-off,,oceano,campana_tela,chimera,6,True,False,0.5,-40.0,False,6.0,42,0.345191,0.54929,0.52381,0.0,0.032712,1142.398983,1185.118898,42.719915,1400.221624,False,campana_tela,False,,,,,,,0,17.131458,-36.827832,-25.685212,,,,,,,,,2.250289
oceano_hecho_de_campana,chimera_grid,1,align-on__nb6__mix0.50__warp-on,,oceano,campana_tela,chimera,6,True,True,0.5,-40.0,False,6.0,42,0.345191,0.54929,0.52381,0.0,0.032712,1142.398983,1185.118898,42.719915,1400.221624,False,campana_tela,False,signal_warp,14,0,3,0.0,,0,17.131458,-36.827832,-25.685212,,,,,,,,,2.332112
oceano_hecho_de_campana,chimera_grid,1,align-on__nb6__mix0.75__warp-off,,oceano,campana_tela,chimera,6,True,False,0.75,-40.0,False,6.0,42,0.372843,0.54929,0.488372,0.0,0.058552,1142.398983,1185.118898,42.719915,1400.221624,False,campana_tela,False,,,,,,,0,17.303396,-37.632043,-26.296302,,,,,,,,,2.263027
oceano_hecho_de_campana,chimera_grid,1,align-on__nb6__mix0.75__warp-on,,oceano,campana_tela,chimera,6,True,True,0.75,-40.0,False,6.0,42,0.372843,0.54929,0.488372,0.0,0.058552,1142.398983,1185.118898,42.719915,1400.221624,False,campana_tela,False,signal_warp,14,0,3,0.0,,0,17.303396,-37.632043,-26.296302,,,,,,,,,2.449213
oceano_hecho_de_campana,chimera_grid,1,align-on__nb6__mix1.00__warp-off,,oceano,campana_tela,chimera,6,True,False,1.0,-40.0,False,6.0,42,0.398423,0.54929,0.6,0.0,0.039133,1142.398983,1185.118898,42.719915,1400.221624,False,campana_tela,False,,,,,,,0,17.440054,-38.255135,-26.996694,,,,,,,,,2.316407
oceano_hecho_de_campana,chimera_grid,1,align-on__nb6__mix1.00__warp-on,,oceano,campana_tela,chimera,6,True,True,1.0,-40.0,False,6.0,42,0.398423,0.709075,0.6,0.0,0.039133,1142.398983,1185.118898,42.719915,1400.221624,False,campana_tela,False,signal_warp,14,0,3,0.0,,0,17.440054,-38.255135,-26.996694,,,,,,,,,1.452305
oceano_hecho_de_campana,chimera_grid,1,align-on__nb8__mix0.00__warp-off,,oceano,campana_tela,chimera,8,True,False,0.0,-40.0,False,6.0,42,0.246106,0.54929,0.692308,0.0,-0.072334,1142.398983,1185.118898,42.719915,1400.221624,False,campana_tela,False,,,,,,,0,17.092821,-36.165143,-24.945859,,,,,,,,,1.603008
oceano_hecho_de_campana,chimera_grid,1,align-on__nb8__mix0.00__warp-on,,oceano,campana_tela,chimera,8,True,True,0.0,-40.0,False,6.0,42,0.246106,0.54929,0.692308,0.0,-0.072334,1142.398983,1185.118898,42.719915,1400.221624,False,campana_tela,False,signal_warp,14,0,3,0.0,,0,17.092821,-36.165143,-24.945859,,,,,,,,,2.545318
oceano_hecho_de_campana,chimera_grid,1,align-on__nb8__mix0.25__warp-off,,oceano,campana_tela,chimera,8,True,False,0.25,-40.0,False,6.0,42,0.286785,0.54929,0.575758,0.0,-0.014996,1142.398983,1185.118898,42.719915,1400.221624,False,campana_tela,False,,,,,,,0,17.196062,-37.265981,-24.851923,,,,,,,,,2.49872
oceano_hecho_de_campana,chimera_grid,1,align-on__nb8__mix0.25__warp-on,,oceano,campana_tela,chimera,8,True,True,0.25,-40.0,False,6.0,42,0.286785,0.709075,0.575758,0.0,-0.014996,1142.398983,1185.118898,42.719915,1400.221624,False,campana_tela,False,signal_warp,14,0,3,0.0,,0,17.196062,-37.265981,-24.851923,,,,,,,,,1.673734
oceano_hecho_de_campana,chimera_grid,1,align-on__nb8__mix0.50__warp-off,,oceano,campana_tela,chimera,8,True,False,0.5,-40.0,False,6.0,42,0.322075,0.54929,0.428571,0.0,0.04857,1142.398983,1185.118898,42.719915,1400.221624,False,campana_tela,False,,,,,,,0,17.029126,-38.099931,-24.828112,,,,,,,,,2.471356
oceano_hecho_de_campana,chimera_grid,1,align-on__nb8__mix0.50__warp-on,,oceano,campana_tela,chimera,8,True,True,0.5,-40.0,False,6.0,42,0.322075,0.54929,0.428571,0.0,0.04857,1142.398983,1185.118898,42.719915,1400.221624,False,campana_tela,False,signal_warp,14,0,3,0.0,,0,17.029126,-38.099931,-24.828112,,,,,,,,,2.547508
oceano_hecho_de_campana,chimera_grid,1,align-on__nb8__mix0.75__warp-off,,oceano,campana_tela,chimera,8,True,False,0.75,-40.0,False,6.0,42,0.35055,0.54929,0.347826,0.0,0.088455,1142.398983,1185.118898,42.719915,1400.221624,False,campana_tela,False,,,,,,,0,16.644468,-38.75738,-24.861182,,,,,,,,,2.49133
oceano_hecho_de_campana,chimera_grid,1,align-on__nb8__mix0.75__warp-on,,oceano,campana_tela,chimera,8,True,True,0.75,-40.0,False,6.0,42,0.35055,0.54929,0.347826,0.0,0.088455,1142.398983,1185.118898,42.719915,1400.221624,False,campana_tela,False,signal_warp,14,0,3,0.0,,0,16.644468,-38.75738,-24.861182,,,,,,,,,2.557489
oceano_hecho_de_campana,chimera_grid,1,align-on__nb8__mix1.00__warp-off,,oceano,campana_tela,chimera,8,True,False,1.0,-40.0,False,6.0,42,0.369484,0.54929,0.375,0.0,0.090716,1142.398983,1185.118898,42.719915,1400.221624,False,campana_tela,False,,,,,,,0,16.752981,-39.945252,-25.572445,,,,,,,,,2.469541
oceano_hecho_de_campana,chimera_grid,1,align-on__nb8__mix1.00__warp-on,,oceano,campana_tela,chimera,8,True,True,1.0,-40.0,False,6.0,42,0.369484,0.54929,0.375,0.0,0.090716,1142.398983,1185.118898,42.719915,1400.221624,False,campana_tela,False,signal_warp,14,0,3,0.0,,0,16.752981,-39.945252,-25.572445,,,,,,,,,2.557909
oceano_hecho_de_campana,chimera_grid,1,align-on__nb12__mix0.00__warp-off,,oceano,campana_tela,chimera,12,True,False,0.0,-40.0,False,6.0,42,0.29856,0.54929,0.771429,0.0,-0.06722,1142.398983,1185.118898,42.719915,1400.221624,False,campana_tela,False,,,,,,,0,17.003352,-35.37449,-22.869846,,,,,,,,,2.918508
oceano_hecho_de_campana,chimera_grid,1,align-on__nb12__mix0.00__warp-on,,oceano,campana_tela,chimera,12,True,True,0.0,-40.0,False,6.0,42,0.29856,0.54929,0.771429,0.0,-0.06722,1142.398983,1185.118898,42.719915,1400.221624,False,campana_tela,False,signal_warp,14,0,3,0.0,,0,17.003352,-35.37449,-22.869846,,,,,,,,,2.984896
oceano_hecho_de_campana,chimera_grid,1,align-on__nb12__mix0.25__warp-off,,oceano,campana_tela,chimera,12,True,False,0.25,-40.0,False,6.0,42,0.317017,0.54929,0.7,0.0,-0.03564,1142.398983,1185.118898,42.719915,1400.221624,False,campana_tela,False,,,,,,,0,17.492762,-37.143367,-23.08403,,,,,,,,,2.915302
oceano_hecho_de_campana,chimera_grid,1,align-on__nb12__mix0.25__warp-on,,oceano,campana_tela,chimera,12,True,True,0.25,-40.0,False,6.0,42,0.317017,0.54929,0.7,0.0,-0.03564,1142.398983,1185.118898,42.719915,1400.221624,False,campana_tela,False,signal_warp,14,0,3,0.0,,0,17.492762,-37.143367,-23.08403,,,,,,,,,2.993899
oceano_hecho_de_campana,chimera_grid,1,align-on__nb12__mix0.50__warp-off,,oceano,campana_tela,chimera,12,True,False,0.5,-40.0,False,6.0,42,0.329864,0.54929,0.466667,0.0,0.041425,1142.398983,1185.118898,42.719915,1400.221624,False,campana_tela,False,,,,,,,0,17.730349,-38.85792,-23.441222,,,,,,,,,2.912615
oceano_hecho_de_campana,chimera_grid,1,align-on__nb12__mix0.50__warp-on,,oceano,campana_tela,chimera,12,True,True,0.5,-40.0,False,6.0,42,0.329864,0.54929,0.466667,0.0,0.041425,1142.398983,1185.118898,42.719915,1400.221624,False,campana_tela,False,signal_warp,14,0,3,0.0,,0,17.730349,-38.85792,-23.441222,,,,,,,,,2.981316
oceano_hecho_de_campana,chimera_grid,1,align-on__nb12__mix0.75__warp-off,,oceano,campana_tela,chimera,12,True,False,0.75,-40.0,False,6.0,42,0.336182,0.54929,0.428571,0.0,0.056329,1142.398983,1185.118898,42.719915,1400.221624,False,campana_tela,False,,,,,,,0,17.685731,-40.407823,-23.884242,,,,,,,,,2.919225
oceano_hecho_de_campana,chimera_grid,1,align-on__nb12__mix0.75__warp-on,,oceano,campana_tela,chimera,12,True,True,0.75,-40.0,False,6.0,42,0.336182,0.54929,0.428571,0.0,0.056329,1142.398983,1185.118898,42.719915,1400.221624,False,campana_tela,False,signal_warp,14,0,3,0.0,,0,17.685731,-40.407823,-23.884242,,,,,,,,,2.972762
oceano_hecho_de_campana,chimera_grid,1,align-on__nb12__mix1.00__warp-off,,oceano,campana_tela,chimera,12,True,False,1.0,-40.0,False,6.0,42,0.338121,0.54929,0.466667,0.0,0.045966,1142.398983,1185.118898,42.719915,1400.221624,False,campana_tela,False,,,,,,,0,18.319624,-42.626585,-25.281893,,,,,,,,,2.955516
oceano_hecho_de_campana,chimera_grid,1,align-on__nb12__mix1.00__warp-on,,oceano,campana_tela,chimera,12,True,True,1.0,-40.0,False,6.0,42,0.338121,0.709075,0.466667,0.0,0.045966,1142.398983,1185.118898,42.719915,1400.221624,False,campana_tela,False,signal_warp,14,0,3,0.0,,0,18.319624,-42.626585,-25.281893,,,,,,,,,2.157568
oceano_hecho_de_campana,chimera_grid,1,align-on__nb16__mix0.00__warp-off,,oceano,campana_tela,chimera,16,True,False,0.0,-40.0,False,6.0,42,0.372249,0.54929,1.0,0.0,-0.095263,1142.398983,1185.118898,42.719915,1400.221624,False,campana_tela,False,,,,,,,0,17.898293,-35.286142,-22.859895,,,,,,,,,2.504587
oceano_hecho_de_campana,chimera_grid,1,align-on__nb16__mix0.00__warp-on,,oceano,campana_tela,chimera,16,True,True,0.0,-40.0,False,6.0,42,0.372249,0.54929,1.0,0.0,-0.095263,1142.398983,1185.118898,42.719915,1400.221624,False,campana_tela,False,signal_warp,14,0,3,0.0,,0,17.898293,-35.286142,-22.859895,,,,,,,,,2.505075
oceano_hecho_de_campana,chimera_grid,1,align-on__nb16__mix0.25__warp-off,,oceano,campana_tela,chimera,16,True,False,0.25,-40.0,False,6.0,42,0.455245,0.54929,1.0,0.0,-0.049615,1142.398983,1185.118898,42.719915,1400.221624,False,campana_tela,False,,,,,,,0,17.699755,-36.574855,-22.58479,,,,,,,,,2.440251
oceano_hecho_de_campana,chimera_grid,1,align-on__nb16__mix0.25__warp-on,,oceano,campana_tela,chimera,16,True,True,0.25,-40.0,False,6.0,42,0.455245,0.709075,1.0,0.0,-0.049615,1142.398983,1185.118898,42.719915,1400.221624,False,campana_tela,False,signal_warp,14,0,3,0.0,,0,17.699755,-36.574855,-22.58479,,,,,,,,,2.528596
oceano_hecho_de_campana,chimera_grid,1,align-on__nb16__mix0.50__warp-off,,oceano,campana_tela,chimera,16,True,False,0.5,-40.0,False,6.0,42,0.491504,0.54929,1.0,0.0,-0.029673,1142.398983,1185.118898,42.719915,1400.221624,False,campana_tela,False,,,,,,,0,17.64766,-38.493368,-22.645849,,,,,,,,,3.315626
oceano_hecho_de_campana,chimera_grid,1,align-on__nb16__mix0.50__warp-on,,oceano,campana_tela,chimera,16,True,True,0.5,-40.0,False,6.0,42,0.491504,0.54929,1.0,0.0,-0.029673,1142.398983,1185.118898,42.719915,1400.221624,False,campana_tela,False,signal_warp,14,0,3,0.0,,0,17.64766,-38.493368,-22.645849,,,,,,,,,3.396996
oceano_hecho_de_campana,chimera_grid,1,align-on__nb16__mix0.75__warp-off,,oceano,campana_tela,chimera,16,True,False,0.75,-40.0,False,6.0,42,0.498844,0.54929,1.0,0.0,-0.025636,1142.398983,1185.118898,42.719915,1400.221624,False,campana_tela,False,,,,,,,0,17.947405,-40.781536,-23.257119,,,,,,,,,3.312091
oceano_hecho_de_campana,chimera_grid,1,align-on__nb16__mix0.75__warp-on,,oceano,campana_tela,chimera,16,True,True,0.75,-40.0,False,6.0,42,0.498844,0.54929,1.0,0.0,-0.025636,1142.398983,1185.118898,42.719915,1400.221624,False,campana_tela,False,signal_warp,14,0,3,0.0,,0,17.947405,-40.781536,-23.257119,,,,,,,,,3.3812
oceano_hecho_de_campana,chimera_grid,1,align-on__nb16__mix1.00__warp-off,,oceano,campana_tela,chimera,16,True,False,1.0,-40.0,False,6.0,42,0.497497,0.54929,0.741935,0.0,0.051043,1142.398983,1185.118898,42.719915,1400.221624,False,campana_tela,False,,,,,,,0,17.874509,-42.288976,-23.612371,,,,,,,,,3.316937
oceano_hecho_de_campana,chimera_grid,1,align-on__nb16__mix1.00__warp-on,,oceano,campana_tela,chimera,16,True,True,1.0,-40.0,False,6.0,42,0.497497,0.54929,0.741935,0.0,0.051043,1142.398983,1185.118898,42.719915,1400.221624,False,campana_tela,False,signal_warp,14,0,3,0.0,,0,17.874509,-42.288976,-23.612371,,,,,,,,,3.440919
oceano_hecho_de_campana,chimera_grid,1,align-on__nb24__mix0.00__warp-off,,oceano,campana_tela,chimera,24,True,False,0.0,-40.0,False,6.0,42,0.41869,0.54929,0.609756,0.0,0.047352,1142.398983,1185.118898,42.719915,1400.221624,False,campana_tela,False,,,,,,,0,18.026112,-34.963756,-22.076687,,,,,,,,,4.20253
oceano_hecho_de_campana,chimera_grid,1,align-on__nb24__mix0.00__warp-on,,oceano,campana_tela,chimera,24,True,True,0.0,-40.0,False,6.0,42,0.41869,0.54929,0.609756,0.0,0.047352,1142.398983,1185.118898,42.719915,1400.221624,False,campana_tela,False,signal_warp,14,0,3,0.0,,0,18.026112,-34.963756,-22.076687,,,,,,,,,4.282308
oceano_hecho_de_campana,chimera_grid,1,align-on__nb24__mix0.25__warp-off,,oceano,campana_tela,chimera,24,True,False,0.25,-40.0,False,6.0,42,0.442428,0.54929,0.609756,0.0,0.060409,1142.398983,1185.118898,42.719915,1400.221624,False,campana_tela,False,,,,,,,0,18.225819,-36.616146,-22.07847,,,,,,,,,4.192213
oceano_hecho_de_campana,chimera_grid,1,align-on__nb24__mix0.25__warp-on,,oceano,campana_tela,chimera,24,True,True,0.25,-40.0,False,6.0,42,0.442428,0.54929,0.609756,0.0,0.060409,1142.398983,1185.118898,42.719915,1400.221624,False,campana_tela,False,signal_warp,14,0,3,0.0,,0,18.225819,-36.616146,-22.07847,,,,,,,,,4.270328
oceano_hecho_de_campana,chimera_grid,1,align-on__nb24__mix0.50__warp-off,,oceano,campana_tela,chimera,24,True,False,0.5,-40.0,False,6.0,42,0.445036,0.54929,0.581395,0.0,0.070351,1142.398983,1185.118898,42.719915,1400.221624,False,campana_tela,False,,,,,,,0,18.420852,-38.765462,-22.401812,,,,,,,,,4.199587
oceano_hecho_de_campana,chimera_grid,1,align-on__nb24__mix0.50__warp-on,,oceano,campana_tela,chimera,24,True,True,0.5,-40.0,False,6.0,42,0.445036,0.54929,0.581395,0.0,0.070351,1142.398983,1185.118898,42.719915,1400.221624,False,campana_tela,False,signal_warp,14,0,3,0.0,,0,18.420852,-38.765462,-22.401812,,,,,,,,,4.260381
oceano_hecho_de_campana,chimera_grid,1,align-on__nb24__mix0.75__warp-off,,oceano,campana_tela,chimera,24,True,False,0.75,-40.0,False,6.0,42,0.428609,0.54929,0.47619,0.0,0.092878,1142.398983,1185.118898,42.719915,1400.221624,False,campana_tela,False,,,,,,,0,18.560804,-41.193112,-23.175317,,,,,,,,,4.188489
oceano_hecho_de_campana,chimera_grid,1,align-on__nb24__mix0.75__warp-on,,oceano,campana_tela,chimera,24,True,True,0.75,-40.0,False,6.0,42,0.428609,0.709075,0.47619,0.0,0.092878,1142.398983,1185.118898,42.719915,1400.221624,False,campana_tela,False,signal_warp,14,0,3,0.0,,0,18.560804,-41.193112,-23.175317,,,,,,,,,3.367463
oceano_hecho_de_campana,chimera_grid,1,align-on__nb24__mix1.00__warp-off,,oceano,campana_tela,chimera,24,True,False,1.0,-40.0,False,6.0,42,0.413107,0.54929,0.488372,0.0,0.080697,1142.398983,1185.118898,42.719915,1400.221624,False,campana_tela,False,,,,,,,0,18.404423,-43.274073,-24.161279,,,,,,,,,4.20522
oceano_hecho_de_campana,chimera_grid,1,align-on__nb24__mix1.00__warp-on,,oceano,campana_tela,chimera,24,True,True,1.0,-40.0,False,6.0,42,0.413107,0.54929,0.488372,0.0,0.080697,1142.398983,1185.118898,42.719915,1400.221624,False,campana_tela,False,signal_warp,14,0,3,0.0,,0,18.404423,-43.274073,-24.161279,,,,,,,,,4.272385
oceano_hecho_de_campana,chimera_grid,1,align-on__nb32__mix0.00__warp-off,,oceano,campana_tela,chimera,32,True,False,0.0,-40.0,False,6.0,42,0.398183,0.54929,0.828571,0.0,-0.029571,1142.398983,1185.118898,42.719915,1400.221624,False,campana_tela,False,,,,,,,0,18.781945,-35.319461,-22.591509,,,,,,,,,5.045018
oceano_hecho_de_campana,chimera_grid,1,align-on__nb32__mix0.00__warp-on,,oceano,campana_tela,chimera,32,True,True,0.0,-40.0,False,6.0,42,0.398183,0.54929,0.828571,0.0,-0.029571,1142.398983,1185.118898,42.719915,1400.221624,False,campana_tela,False,signal_warp,14,0,3,0.0,,0,18.781945,-35.319461,-22.591509,,,,,,,,,4.222119
oceano_hecho_de_campana,chimera_grid,1,align-on__nb32__mix0.25__warp-off,,oceano,campana_tela,chimera,32,True,False,0.25,-40.0,False,6.0,42,0.412033,0.54929,0.9375,0.0,-0.054632,1142.398983,1185.118898,42.719915,1400.221624,False,campana_tela,False,,,,,,,0,18.874014,-36.98599,-23.050993,,,,,,,,,4.222046
oceano_hecho_de_campana,chimera_grid,1,align-on__nb32__mix0.25__warp-on,,oceano,campana_tela,chimera,32,True,True,0.25,-40.0,False,6.0,42,0.412033,0.54929,0.9375,0.0,-0.054632,1142.398983,1185.118898,42.719915,1400.221624,False,campana_tela,False,signal_warp,14,0,3,0.0,,0,18.874014,-36.98599,-23.050993,,,,,,,,,5.332545
oceano_hecho_de_campana,chimera_grid,1,align-on__nb32__mix0.50__warp-off,,oceano,campana_tela,chimera,32,True,False,0.5,-40.0,False,6.0,42,0.407829,0.54929,0.878788,0.0,-0.039331,1142.398983,1185.118898,42.719915,1400.221624,False,campana_tela,False,,,,,,,0,18.919786,-39.230654,-23.512604,,,,,,,,,5.140417
oceano_hecho_de_campana,chimera_grid,1,align-on__nb32__mix0.50__warp-on,,oceano,campana_tela,chimera,32,True,True,0.5,-40.0,False,6.0,42,0.407829,0.54929,0.878788,0.0,-0.039331,1142.398983,1185.118898,42.719915,1400.221624,False,campana_tela,False,signal_warp,14,0,3,0.0,,0,18.919786,-39.230654,-23.512604,,,,,,,,,5.195086
oceano_hecho_de_campana,chimera_grid,1,align-on__nb32__mix0.75__warp-off,,oceano,campana_tela,chimera,32,True,False,0.75,-40.0,False,6.0,42,0.376965,0.54929,0.666667,0.0,0.007331,1142.398983,1185.118898,42.719915,1400.221624,False,campana_tela,False,,,,,,,0,19.089143,-41.853003,-24.220351,,,,,,,,,5.133219
oceano_hecho_de_campana,chimera_grid,1,align-on__nb32__mix0.75__warp-on,,oceano,campana_tela,chimera,32,True,True,0.75,-40.0,False,6.0,42,0.376965,0.54929,0.666667,0.0,0.007331,1142.398983,1185.118898,42.719915,1400.221624,False,campana_tela,False,signal_warp,14,0,3,0.0,,0,19.089143,-41.853003,-24.220351,,,,,,,,,5.339094
oceano_hecho_de_campana,chimera_grid,1,align-on__nb32__mix1.00__warp-off,,oceano,campana_tela,chimera,32,True,False,1.0,-40.0,False,6.0,42,0.344374,0.54929,0.783784,0.0,-0.045729,1142.398983,1185.118898,42.719915,1400.221624,False,campana_tela,False,,,,,,,0,19.27565,-44.1244,-25.098464,,,,,,,,,5.288152
oceano_hecho_de_campana,chimera_grid,1,align-on__nb32__mix1.00__warp-on,,oceano,campana_tela,chimera,32,True,True,1.0,-40.0,False,6.0,42,0.344374,0.54929,0.783784,0.0,-0.045729,1142.398983,1185.118898,42.719915,1400.221624,False,campana_tela,False,signal_warp,14,0,3,0.0,,0,19.27565,-44.1244,-25.098464,,,,,,,,,5.325365
oceano_hecho_de_campana,chimera_plana,1,plana__align-off__nb2__warp-off,,oceano,campana_tela,chimera_plana,2,False,False,,-40.0,False,6.0,42,0.537009,0.54929,0.353846,0.0,0.189201,,,,,False,,False,,,,,,color_mix;a_floor_db,0,17.895026,-35.925412,-31.187393,,,,,,,,,0.959412
oceano_hecho_de_campana,chimera_plana,1,plana__align-off__nb4__warp-off,,oceano,campana_tela,chimera_plana,4,False,False,,-40.0,False,6.0,42,0.380893,0.54929,0.642857,0.0,0.016634,,,,,False,,False,,,,,,color_mix;a_floor_db,0,16.877337,-35.686237,-28.618426,,,,,,,,,1.197526
oceano_hecho_de_campana,chimera_plana,1,plana__align-off__nb6__warp-off,,oceano,campana_tela,chimera_plana,6,False,False,,-40.0,False,6.0,42,0.44573,0.54929,0.916667,0.0,-0.029849,,,,,False,,False,,,,,,color_mix;a_floor_db,0,16.59216,-35.467795,-27.080946,True,muestra3,escucha_AB/fusion_v12/oceano_hecho_de_campana/muestra3__plana__align-off__nb6__warp-off.wav,0.317932,linear,False,0.0,,1.443655
oceano_hecho_de_campana,chimera_plana,1,plana__align-off__nb8__warp-off,,oceano,campana_tela,chimera_plana,8,False,False,,-40.0,False,6.0,42,0.418808,0.54929,0.928571,0.0,-0.048227,,,,,False,,False,,,,,,color_mix;a_floor_db,0,17.130954,-36.007077,-25.797904,,,,,,,,,1.666054
oceano_hecho_de_campana,chimera_plana,1,plana__align-off__nb12__warp-off,,oceano,campana_tela,chimera_plana,12,False,False,,-40.0,False,6.0,42,0.405186,0.54929,0.866667,0.0,-0.037148,,,,,False,,False,,,,,,color_mix;a_floor_db,0,16.876717,-35.111139,-24.256164,,,,,,,,,2.121996
oceano_hecho_de_campana,chimera_plana,1,plana__align-off__nb16__warp-off,,oceano,campana_tela,chimera_plana,16,False,False,,-40.0,False,6.0,42,0.436086,0.54929,0.931034,0.0,-0.039463,,,,,False,,False,,,,,,color_mix;a_floor_db,0,18.334089,-34.946986,-24.528414,,,,,,,,,2.527661
oceano_hecho_de_campana,chimera_plana,1,plana__align-off__nb24__warp-off,,oceano,campana_tela,chimera_plana,24,False,False,,-40.0,False,6.0,42,0.383742,0.54929,0.6,0.0,0.031058,,,,,False,,False,,,,,,color_mix;a_floor_db,0,19.247709,-35.469578,-24.459407,,,,,,,,,3.384938
oceano_hecho_de_campana,chimera_plana,1,plana__align-off__nb32__warp-off,,oceano,campana_tela,chimera_plana,32,False,False,,-40.0,False,6.0,42,0.393175,0.54929,0.578947,0.0,0.042562,,,,,False,,False,,,,,,color_mix;a_floor_db,0,18.860357,-34.288651,-23.892664,,,,,,,,,4.198438
oceano_hecho_de_campana,baseline_v11,1,align-off__nb16__mixV11__warp-off,,oceano,campana_tela,chimera,16,False,False,,-40.0,False,6.0,42,0.457819,0.54929,0.722222,0.0,0.035134,,,,,False,,False,,,,,,a_floor_db,0,19.469162,-40.73992,-23.480667,True,baseline_v11,escucha_AB/fusion_v12/oceano_hecho_de_campana/baseline_v11__align-off__nb16__mixV11__warp-off.wav,0.396091,linear,False,0.0,,2.525569
oceano_hecho_de_campana,suma_ancla,1,suma,,oceano,campana_tela,suma,8,False,False,,-40.0,False,6.0,42,0.417789,0.54929,0.866667,0.0,-0.030216,,,,,False,,False,,,,,,color_mix;a_floor_db;n_bands,,20.176622,-35.358863,-27.855544,True,suma_ancla,escucha_AB/fusion_v12/oceano_hecho_de_campana/suma_ancla__suma.wav,0.711914,linear,False,0.0,,0.739867
oceano_hecho_de_campana,vocoder,1,vocoder__align-off__nb8__warp-off,,oceano,campana_tela,vocoder,8,False,False,,-40.0,False,6.0,42,0.312711,0.54929,0.576923,0.0,-0.001086,,,,,False,,False,,,,,,color_mix;a_floor_db,0,20.783969,-24.837758,-29.481146,,,,,,,,,2.301471
oceano_hecho_de_campana,vocoder,1,vocoder__align-off__nb12__warp-off,,oceano,campana_tela,vocoder,12,False,False,,-40.0,False,6.0,42,0.29541,0.54929,0.296296,0.0,0.073587,,,,,False,,False,,,,,,color_mix;a_floor_db,0,19.890902,-23.897113,-28.586464,,,,,,,,,1.724749
oceano_hecho_de_campana,vocoder,1,vocoder__align-off__nb16__warp-off,,oceano,campana_tela,vocoder,16,False,False,,-40.0,False,6.0,42,0.256189,0.54929,0.333333,0.0,0.040904,,,,,False,,False,,,,,,color_mix;a_floor_db,0,19.563,-23.657145,-28.28388,,,,,,,,,2.0798
oceano_hecho_de_campana,stats_finish_top5,2,align-on__nb4__mix0.75__warp-off__stats-on,,oceano,campana_tela,chimera,4,True,False,0.75,-40.0,True,6.0,42,0.714754,0.54929,0.222222,0.008038,0.325243,1142.398983,1185.118898,42.719915,1400.221624,False,campana_tela,False,,,,,,,0,22.396855,-39.904776,-33.89102,,,,,,,,1,13.609977
oceano_hecho_de_campana,stats_finish_top5,2,align-on__nb4__mix0.75__warp-on__stats-on,,oceano,campana_tela,chimera,4,True,True,0.75,-40.0,True,6.0,42,0.714754,0.54929,0.222222,0.008038,0.325243,1142.398983,1185.118898,42.719915,1400.221624,False,campana_tela,False,signal_warp,14,0,3,0.0,,0,22.396855,-39.904776,-33.89102,,,,,,,,2,14.725432
oceano_hecho_de_campana,stats_finish_top5,2,align-on__nb4__mix1.00__warp-off__stats-on,,oceano,campana_tela,chimera,4,True,False,1.0,-40.0,True,6.0,42,0.704586,0.54929,0.411765,0.046494,0.257019,1142.398983,1185.118898,42.719915,1400.221624,False,campana_tela,False,,,,,,,0,21.910492,-39.156783,-33.690045,,,,,,,,3,14.852655
oceano_hecho_de_campana,stats_finish_top5,2,align-on__nb4__mix1.00__warp-on__stats-on,,oceano,campana_tela,chimera,4,True,True,1.0,-40.0,True,6.0,42,0.704586,0.709075,0.411765,0.046494,0.257019,1142.398983,1185.118898,42.719915,1400.221624,False,campana_tela,False,signal_warp,14,0,3,0.0,,0,21.910492,-39.156783,-33.690045,,,,,,,,4,13.848539
oceano_hecho_de_campana,stats_finish_top5,2,align-on__nb2__mix1.00__warp-off__stats-on,,oceano,campana_tela,chimera,2,True,False,1.0,-40.0,True,6.0,42,0.739502,0.54929,0.466667,0.123967,0.248131,1142.398983,1185.118898,42.719915,1400.221624,False,campana_tela,False,,,,,,,0,20.344039,-36.760939,-31.11717,,,,,,,,5,13.096842
trueno_hecho_de_agua,chimera_grid,1,align-off__nb2__mix0.00__warp-off,,trueno,goteo,chimera,2,False,False,0.0,-40.0,False,6.0,42,0.377278,0.369222,0.866667,0.0,-0.052497,,,,,False,,False,,,,,,,1,18.984878,-21.297347,-37.492406,True,muestra1,escucha_AB/fusion_v12/trueno_hecho_de_agua/muestra1__align-off__nb2__mix0.00__warp-off.wav,0.374611,linear,False,0.0,,2.141087
trueno_hecho_de_agua,chimera_grid,1,align-off__nb2__mix0.00__warp-on,,trueno,goteo,chimera,2,False,True,0.0,-40.0,False,6.0,42,0.399822,0.369222,1.0,0.0,-0.080098,,,,,False,,False,reschedule_drips,19,19,19,,,1,19.243751,-21.597862,-36.470458,,,,,,,,,2.93268
trueno_hecho_de_agua,chimera_grid,1,align-off__nb2__mix0.25__warp-off,,trueno,goteo,chimera,2,False,False,0.25,-40.0,False,6.0,42,0.377418,0.369222,0.857143,0.0,-0.049563,,,,,False,,False,,,,,,,1,18.985586,-21.298997,-37.488062,,,,,,,,,0.951739
trueno_hecho_de_agua,chimera_grid,1,align-off__nb2__mix0.25__warp-on,,trueno,goteo,chimera,2,False,True,0.25,-40.0,False,6.0,42,0.399407,0.369222,1.0,0.0,-0.080326,,,,,False,,False,reschedule_drips,19,19,19,,,1,19.242053,-21.596768,-36.463946,,,,,,,,,2.923752
trueno_hecho_de_agua,chimera_grid,1,align-off__nb2__mix0.50__warp-off,,trueno,goteo,chimera,2,False,False,0.5,-40.0,False,6.0,42,0.37807,0.369222,0.857143,0.0,-0.049204,,,,,False,,False,,,,,,,1,18.988693,-21.306366,-37.468065,,,,,,,,,0.951795
trueno_hecho_de_agua,chimera_grid,1,align-off__nb2__mix0.50__warp-on,,trueno,goteo,chimera,2,False,True,0.5,-40.0,False,6.0,42,0.397437,0.369222,1.0,0.0,-0.08141,,,,,False,,False,reschedule_drips,19,19,19,,,1,19.234199,-21.591636,-36.43209,,,,,,,,,2.878122
trueno_hecho_de_agua,chimera_grid,1,align-off__nb2__mix0.75__warp-off,,trueno,goteo,chimera,2,False,False,0.75,-40.0,False,6.0,42,0.381289,0.369222,0.857143,0.0,-0.047434,,,,,False,,False,,,,,,,1,19.001444,-21.339215,-37.367518,,,,,,,,,0.950237
trueno_hecho_de_agua,chimera_grid,1,align-off__nb2__mix0.75__warp-on,,trueno,goteo,chimera,2,False,True,0.75,-40.0,False,6.0,42,0.388625,0.369222,1.0,0.0,-0.086256,,,,,False,,False,reschedule_drips,19,19,19,,,1,19.195776,-21.565157,-36.243133,,,,,,,,,2.889984
trueno_hecho_de_agua,chimera_grid,1,align-off__nb2__mix1.00__warp-off,,trueno,goteo,chimera,2,False,False,1.0,-40.0,False,6.0,42,0.397343,0.369222,0.857143,0.0,-0.038604,,,,,False,,False,,,,,,,1,19.036333,-21.484221,-36.736729,,,,,,,,,0.974406
trueno_hecho_de_agua,chimera_grid,1,align-off__nb2__mix1.00__warp-on,,trueno,goteo,chimera,2,False,True,1.0,-40.0,False,6.0,42,0.369406,0.369222,1.0,0.0,-0.096827,,,,,False,,False,reschedule_drips,19,19,19,,,1,19.34157,-21.755309,-35.091722,,,,,,,,,2.88585
trueno_hecho_de_agua,chimera_grid,1,align-off__nb4__mix0.00__warp-off,,trueno,goteo,chimera,4,False,False,0.0,-40.0,False,6.0,42,0.215135,0.369222,1.0,0.0,-0.181676,,,,,False,,False,,,,,,,2,18.777202,-19.956051,-45.372925,,,,,,,,,1.15561
trueno_hecho_de_agua,chimera_grid,1,align-off__nb4__mix0.00__warp-on,,trueno,goteo,chimera,4,False,True,0.0,-40.0,False,6.0,42,0.28265,0.369222,0.888889,0.0,-0.111209,,,,,False,,False,reschedule_drips,19,19,19,,,2,18.900669,-20.020396,-45.348912,,,,,,,,,4.102799
trueno_hecho_de_agua,chimera_grid,1,align-off__nb4__mix0.25__warp-off,,trueno,goteo,chimera,4,False,False,0.25,-40.0,False,6.0,42,0.128316,0.369222,1.0,0.0,-0.229426,,,,,False,,False,,,,,,,2,19.217788,-20.743811,-43.511547,,,,,,,,,1.148411
trueno_hecho_de_agua,chimera_grid,1,align-off__nb4__mix0.25__warp-on,,trueno,goteo,chimera,4,False,True,0.25,-40.0,False,6.0,42,0.190285,0.369222,0.875,0.0,-0.157843,,,,,False,,False,reschedule_drips,19,19,19,,,2,18.925073,-20.406931,-43.064104,,,,,,,,,4.063519
trueno_hecho_de_agua,chimera_grid,1,align-off__nb4__mix0.50__warp-off,,trueno,goteo,chimera,4,False,False,0.5,-40.0,False,6.0,42,0.108082,0.369222,1.0,0.0,-0.240555,,,,,False,,False,,,,,,,2,18.925435,-20.71404,-42.072151,,,,,,,,,1.155251
trueno_hecho_de_agua,chimera_grid,1,align-off__nb4__mix0.50__warp-on,,trueno,goteo,chimera,4,False,True,0.5,-40.0,False,6.0,42,0.141897,0.369222,0.866667,0.0,-0.181957,,,,,False,,False,reschedule_drips,19,19,19,,,2,18.701441,-20.458632,-41.666181,,,,,,,,,4.061697
trueno_hecho_de_agua,chimera_grid,1,align-off__nb4__mix0.75__warp-off,,trueno,goteo,chimera,4,False,False,0.75,-40.0,False,6.0,42,0.101292,0.369222,1.0,0.0,-0.244289,,,,,False,,False,,,,,,,2,18.452889,-20.356563,-41.115963,,,,,,,,,1.161316
trueno_hecho_de_agua,chimera_grid,1,align-off__nb4__mix0.75__warp-on,,trueno,goteo,chimera,4,False,True,0.75,-40.0,False,6.0,42,0.111616,0.369222,1.0,0.0,-0.238611,,,,,False,,False,reschedule_drips,19,19,19,,,2,18.206036,-20.0815,-40.292145,,,,,,,,,3.196829
trueno_hecho_de_agua,chimera_grid,1,align-off__nb4__mix1.00__warp-off,,trueno,goteo,chimera,4,False,False,1.0,-40.0,False,6.0,42,0.108007,0.369222,1.0,0.0,-0.240596,,,,,False,,False,,,,,,,2,18.405235,-20.402062,-40.068926,,,,,,,,,1.146254
trueno_hecho_de_agua,chimera_grid,1,align-off__nb4__mix1.00__warp-on,,trueno,goteo,chimera,4,False,True,1.0,-40.0,False,6.0,42,0.077792,0.369222,0.75,0.0,-0.182215,,,,,False,,False,reschedule_drips,19,19,19,,,2,26.512018,-28.511293,-44.146337,,,,,,,,,4.094344
trueno_hecho_de_agua,chimera_grid,1,align-off__nb6__mix0.00__warp-off,,trueno,goteo,chimera,6,False,False,0.0,-40.0,False,6.0,42,0.088526,0.369222,0.857143,0.0,-0.208454,,,,,False,,False,,,,,,,3,18.525437,-19.431649,-47.97298,,,,,,,,,2.273
trueno_hecho_de_agua,chimera_grid,1,align-off__nb6__mix0.00__warp-on,,trueno,goteo,chimera,6,False,True,0.0,-40.0,False,6.0,42,0.175461,0.369222,0.888889,0.0,-0.170163,,,,,False,,False,reschedule_drips,19,19,19,,,3,19.155569,-19.959334,-50.627,,,,,,,,,3.817361
trueno_hecho_de_agua,chimera_grid,1,align-off__nb6__mix0.25__warp-off,,trueno,goteo,chimera,6,False,False,0.25,-40.0,False,6.0,42,0.110512,0.369222,0.777778,0.0,-0.172552,,,,,False,,False,,,,,,,3,18.624047,-19.692994,-46.473165,,,,,,,,,1.412499
trueno_hecho_de_agua,chimera_grid,1,align-off__nb6__mix0.25__warp-on,,trueno,goteo,chimera,6,False,True,0.25,-40.0,False,6.0,42,0.186515,0.369222,0.846154,0.0,-0.151263,,,,,False,,False,reschedule_drips,19,19,19,,,3,19.933813,-20.92079,-48.904591,,,,,,,,,4.700706
trueno_hecho_de_agua,chimera_grid,1,align-off__nb6__mix0.50__warp-off,,trueno,goteo,chimera,6,False,False,0.5,-40.0,False,6.0,42,0.122962,0.369222,0.625,0.0,-0.119871,,,,,False,,False,,,,,,,3,19.358114,-20.835439,-45.507603,,,,,,,,,1.491961
trueno_hecho_de_agua,chimera_grid,1,align-off__nb6__mix0.50__warp-on,,trueno,goteo,chimera,6,False,True,0.5,-40.0,False,6.0,42,0.202734,0.369222,1.0,0.0,-0.188496,,,,,False,,False,reschedule_drips,19,19,19,,,3,20.34004,-21.794705,-46.45156,,,,,,,,,4.718279
trueno_hecho_de_agua,chimera_grid,1,align-off__nb6__mix0.75__warp-off,,trueno,goteo,chimera,6,False,False,0.75,-40.0,False,6.0,42,0.12389,0.369222,1.0,0.0,-0.23186,,,,,False,,False,,,,,,,3,19.202957,-21.257665,-44.001139,,,,,,,,,1.419316
trueno_hecho_de_agua,chimera_grid,1,align-off__nb6__mix0.75__warp-on,,trueno,goteo,chimera,6,False,True,0.75,-40.0,False,6.0,42,0.182144,0.369222,0.833333,0.0,-0.149821,,,,,False,,False,reschedule_drips,19,19,19,,,3,19.902153,-22.016331,-42.931146,,,,,,,,,4.66221
trueno_hecho_de_agua,chimera_grid,1,align-off__nb6__mix1.00__warp-off,,trueno,goteo,chimera,6,False,False,1.0,-40.0,False,6.0,42,0.128386,0.369222,1.0,0.0,-0.229388,,,,,False,,False,,,,,,,3,19.240986,-21.709457,-42.50711,,,,,,,,,1.415853
trueno_hecho_de_agua,chimera_grid,1,align-off__nb6__mix1.00__warp-on,,trueno,goteo,chimera,6,False,True,1.0,-40.0,False,6.0,42,0.120864,0.369222,0.6,0.0,-0.113525,,,,,False,,False,reschedule_drips,19,19,19,,,3,25.768744,-28.283708,-42.627895,,,,,,,,,4.615139
trueno_hecho_de_agua,chimera_grid,1,align-off__nb8__mix0.00__warp-off,,trueno,goteo,chimera,8,False,False,0.0,-40.0,False,6.0,42,0.136495,0.369222,0.875,0.0,-0.187428,,,,,False,,False,,,,,,,4,18.361203,-19.292478,-52.931551,,,,,,,,,1.619198
trueno_hecho_de_agua,chimera_grid,1,align-off__nb8__mix0.00__warp-on,,trueno,goteo,chimera,8,False,True,0.0,-40.0,False,6.0,42,0.288962,0.369222,0.933333,0.0,-0.121071,,,,,False,,False,reschedule_drips,19,19,19,,,4,20.247138,-21.109332,-54.877778,,,,,,,,,5.467772
trueno_hecho_de_agua,chimera_grid,1,align-off__nb8__mix0.25__warp-off,,trueno,goteo,chimera,8,False,False,0.25,-40.0,False,6.0,42,0.105277,0.369222,0.875,0.0,-0.204598,,,,,False,,False,,,,,,,4,18.219634,-19.299933,-51.35416,,,,,,,,,1.61491
trueno_hecho_de_agua,chimera_grid,1,align-off__nb8__mix0.25__warp-on,,trueno,goteo,chimera,8,False,True,0.25,-40.0,False,6.0,42,0.213034,0.369222,0.794872,0.0,-0.121293,,,,,False,,False,reschedule_drips,19,19,19,,,4,19.872119,-20.860812,-52.910923,,,,,,,,,5.520154
trueno_hecho_de_agua,chimera_grid,1,align-off__nb8__mix0.50__warp-off,,trueno,goteo,chimera,8,False,False,0.5,-40.0,False,6.0,42,0.119401,0.369222,0.869565,0.0,-0.195199,,,,,False,,False,,,,,,,4,18.375545,-19.764406,-49.349444,True,muestra4,escucha_AB/fusion_v12/trueno_hecho_de_agua/muestra4__align-off__nb8__mix0.50__warp-off.wav,0.349232,linear,False,0.0,,1.605858
trueno_hecho_de_agua,chimera_grid,1,align-off__nb8__mix0.50__warp-on,,trueno,goteo,chimera,8,False,True,0.5,-40.0,False,6.0,42,0.169633,0.369222,0.777778,0.0,-0.140035,,,,,False,,False,reschedule_drips,19,19,19,,,4,19.229931,-20.533142,-48.942003,,,,,,,,,5.463439
trueno_hecho_de_agua,chimera_grid,1,align-off__nb8__mix0.75__warp-off,,trueno,goteo,chimera,8,False,False,0.75,-40.0,False,6.0,42,0.170011,0.369222,0.897436,0.0,-0.175725,,,,,False,,False,,,,,,,4,18.357791,-20.69616,-46.221039,,,,,,,,,1.633508
trueno_hecho_de_agua,chimera_grid,1,align-off__nb8__mix0.75__warp-on,,trueno,goteo,chimera,8,False,True,0.75,-40.0,False,6.0,42,0.063615,0.369222,0.8,0.0,-0.205012,,,,,False,,False,reschedule_drips,19,19,19,,,4,21.718922,-24.049083,-45.698161,,,,,,,,,4.587005
trueno_hecho_de_agua,chimera_grid,1,align-off__nb8__mix1.00__warp-off,,trueno,goteo,chimera,8,False,False,1.0,-40.0,False,6.0,42,0.176549,0.369222,0.853659,0.0,-0.158996,,,,,False,,False,,,,,,,4,19.754374,-23.864387,-44.176491,,,,,,,,,1.687711
trueno_hecho_de_agua,chimera_grid,1,align-off__nb8__mix1.00__warp-on,,trueno,goteo,chimera,8,False,True,1.0,-40.0,False,6.0,42,0.277726,0.369222,0.333333,0.0,0.052749,,,,,False,,False,reschedule_drips,19,19,19,,,4,32.317278,-35.62028,-48.70606,,,,,,,,,4.652845
trueno_hecho_de_agua,chimera_grid,1,align-off__nb12__mix0.00__warp-off,,trueno,goteo,chimera,12,False,False,0.0,-40.0,False,6.0,42,0.169222,0.369222,1.0,0.0,-0.206928,,,,,False,,False,,,,,,,7,17.911693,-18.708457,-49.149059,,,,,,,,,2.071318
trueno_hecho_de_agua,chimera_grid,1,align-off__nb12__mix0.00__warp-on,,trueno,goteo,chimera,12,False,True,0.0,-40.0,False,6.0,42,0.319721,0.369222,0.888889,0.0,-0.09082,,,,,False,,False,reschedule_drips,19,19,19,,,7,21.041002,-21.783889,-53.847495,,,,,,,,,7.079093
trueno_hecho_de_agua,chimera_grid,1,align-off__nb12__mix0.25__warp-off,,trueno,goteo,chimera,12,False,False,0.25,-40.0,False,6.0,42,0.159438,0.369222,0.916667,0.0,-0.187309,,,,,False,,False,,,,,,,7,17.404923,-18.335494,-48.580945,,,,,,,,,2.112727
trueno_hecho_de_agua,chimera_grid,1,align-off__nb12__mix0.25__warp-on,,trueno,goteo,chimera,12,False,True,0.25,-40.0,False,6.0,42,0.254039,0.369222,0.923077,0.0,-0.137202,,,,,False,,False,reschedule_drips,19,19,19,,,7,21.082628,-21.977914,-52.998699,,,,,,,,,7.040336
trueno_hecho_de_agua,chimera_grid,1,align-off__nb12__mix0.50__warp-off,,trueno,goteo,chimera,12,False,False,0.5,-40.0,False,6.0,42,0.169749,0.369222,1.0,0.0,-0.206638,,,,,False,,False,,,,,,,7,17.604822,-18.857582,-48.609298,,,,,,,,,2.072058
trueno_hecho_de_agua,chimera_grid,1,align-off__nb12__mix0.50__warp-on,,trueno,goteo,chimera,12,False,True,0.5,-40.0,False,6.0,42,0.114599,0.369222,0.777778,0.0,-0.170304,,,,,False,,False,reschedule_drips,19,19,19,,,7,21.132057,-22.33545,-51.815719,,,,,,,,,6.108296
trueno_hecho_de_agua,chimera_grid,1,align-off__nb12__mix0.75__warp-off,,trueno,goteo,chimera,12,False,False,0.75,-40.0,False,6.0,42,0.148886,0.369222,0.777778,0.0,-0.151446,,,,,False,,False,,,,,,,7,19.815264,-22.344368,-48.996734,True,muestra5,escucha_AB/fusion_v12/trueno_hecho_de_agua/muestra5__align-off__nb12__mix0.75__warp-off.wav,0.412192,linear,False,0.0,,2.036764
trueno_hecho_de_agua,chimera_grid,1,align-off__nb12__mix0.75__warp-on,,trueno,goteo,chimera,12,False,True,0.75,-40.0,False,6.0,42,0.354792,0.369222,0.333333,0.0,0.095135,,,,,False,,False,reschedule_drips,19,19,19,,,7,27.94264,-29.868379,-54.353298,,,,,,,,,6.101419
trueno_hecho_de_agua,chimera_grid,1,align-off__nb12__mix1.00__warp-off,,trueno,goteo,chimera,12,False,False,1.0,-40.0,False,6.0,42,0.091262,0.369222,0.724138,0.0,-0.167047,,,,,False,,False,,,,,,,7,26.478394,-32.654382,-52.830423,,,,,,,,,2.046438
trueno_hecho_de_agua,chimera_grid,1,align-off__nb12__mix1.00__warp-on,,trueno,goteo,chimera,12,False,True,1.0,-40.0,False,6.0,42,0.797034,0.369222,0.333333,0.0,0.338369,,,,,False,,False,reschedule_drips,19,19,19,,,7,35.370894,-37.307159,-55.594489,,,,,,,,,6.072613
trueno_hecho_de_agua,chimera_grid,1,align-off__nb16__mix0.00__warp-off,,trueno,goteo,chimera,16,False,False,0.0,-40.0,False,6.0,42,0.276126,0.369222,1.0,0.0,-0.148131,,,,,False,,False,,,,,,,9,19.721764,-20.516888,-51.814506,,,,,,,,,2.475259
trueno_hecho_de_agua,chimera_grid,1,align-off__nb16__mix0.00__warp-on,,trueno,goteo,chimera,16,False,True,0.0,-40.0,False,6.0,42,0.356142,0.369222,0.875,0.0,-0.066622,,,,,False,,False,reschedule_drips,19,19,19,,,9,21.86998,-22.600657,-55.585358,,,,,,,,,7.239154
trueno_hecho_de_agua,chimera_grid,1,align-off__nb16__mix0.25__warp-off,,trueno,goteo,chimera,16,False,False,0.25,-40.0,False,6.0,42,0.28544,0.369222,1.0,0.0,-0.143008,,,,,False,,False,,,,,,,9,19.641266,-20.636674,-51.240819,,,,,,,,,2.529385
trueno_hecho_de_agua,chimera_grid,1,align-off__nb16__mix0.25__warp-on,,trueno,goteo,chimera,16,False,True,0.25,-40.0,False,6.0,42,0.295529,0.369222,1.0,0.0,-0.137459,,,,,False,,False,reschedule_drips,19,19,19,,,9,21.407263,-22.344559,-54.289405,,,,,,,,,8.139021
trueno_hecho_de_agua,chimera_grid,1,align-off__nb16__mix0.50__warp-off,,trueno,goteo,chimera,16,False,False,0.5,-40.0,False,6.0,42,0.293145,0.369222,0.882353,0.0,-0.103476,,,,,False,,False,,,,,,,9,19.820709,-21.180371,-51.120099,,,,,,,,,2.508937
trueno_hecho_de_agua,chimera_grid,1,align-off__nb16__mix0.50__warp-on,,trueno,goteo,chimera,16,False,True,0.5,-40.0,False,6.0,42,0.188851,0.369222,1.0,0.0,-0.196132,,,,,False,,False,reschedule_drips,19,19,19,,,9,20.636216,-22.012575,-50.961028,,,,,,,,,7.213683
trueno_hecho_de_agua,chimera_grid,1,align-off__nb16__mix0.75__warp-off,,trueno,goteo,chimera,16,False,False,0.75,-40.0,False,6.0,42,0.2779,0.369222,0.885714,0.0,-0.112869,,,,,False,,False,,,,,,,9,23.694313,-26.263963,-53.240476,,,,,,,,,2.498498
trueno_hecho_de_agua,chimera_grid,1,align-off__nb16__mix0.75__warp-on,,trueno,goteo,chimera,16,False,True,0.75,-40.0,False,6.0,42,0.075378,0.369222,0.5,0.0,-0.108542,,,,,False,,False,reschedule_drips,19,19,19,,,9,28.689022,-31.269518,-50.110685,,,,,,,,,8.114513
trueno_hecho_de_agua,chimera_grid,1,align-off__nb16__mix1.00__warp-off,,trueno,goteo,chimera,16,False,False,1.0,-40.0,False,6.0,42,0.179776,0.369222,0.636364,0.0,-0.092032,,,,,False,,False,,,,,,,9,30.238907,-37.021446,-56.64708,,,,,,,,,2.532863
trueno_hecho_de_agua,chimera_grid,1,align-off__nb16__mix1.00__warp-on,,trueno,goteo,chimera,16,False,True,1.0,-40.0,False,6.0,42,0.581348,0.369222,0.333333,0.0,0.219742,,,,,False,,False,reschedule_drips,19,19,19,,,9,36.64275,-38.703086,-51.053959,,,,,,,,,7.222625
trueno_hecho_de_agua,chimera_grid,1,align-off__nb24__mix0.00__warp-off,,trueno,goteo,chimera,24,False,False,0.0,-40.0,False,6.0,42,0.326922,0.369222,1.0,0.0,-0.120193,,,,,False,,False,,,,,,,14,22.021354,-22.672435,-58.201316,True,muestra7,escucha_AB/fusion_v12/trueno_hecho_de_agua/muestra7__align-off__nb24__mix0.00__warp-off.wav,0.531379,linear,False,0.0,,3.370501
trueno_hecho_de_agua,chimera_grid,1,align-off__nb24__mix0.00__warp-on,,trueno,goteo,chimera,24,False,True,0.0,-40.0,False,6.0,42,0.346432,0.369222,1.0,0.0,-0.109462,,,,,False,,False,reschedule_drips,19,19,19,,,14,22.997279,-23.621472,-58.819013,,,,,,,,,10.24878
trueno_hecho_de_agua,chimera_grid,1,align-off__nb24__mix0.25__warp-off,,trueno,goteo,chimera,24,False,False,0.25,-40.0,False,6.0,42,0.356538,0.369222,1.0,0.0,-0.103904,,,,,False,,False,,,,,,,14,22.501547,-23.335302,-58.499853,,,,,,,,,3.326909
trueno_hecho_de_agua,chimera_grid,1,align-off__nb24__mix0.25__warp-on,,trueno,goteo,chimera,24,False,True,0.25,-40.0,False,6.0,42,0.305956,0.369222,1.0,0.0,-0.131724,,,,,False,,False,reschedule_drips,19,19,19,,,14,22.675261,-23.453424,-58.097236,,,,,,,,,10.270129
trueno_hecho_de_agua,chimera_grid,1,align-off__nb24__mix0.50__warp-off,,trueno,goteo,chimera,24,False,False,0.5,-40.0,False,6.0,42,0.302109,0.369222,0.931034,0.0,-0.113151,,,,,False,,False,,,,,,,14,22.519555,-23.760813,-57.582182,,,,,,,,,3.356995
trueno_hecho_de_agua,chimera_grid,1,align-off__nb24__mix0.50__warp-on,,trueno,goteo,chimera,24,False,True,0.5,-40.0,False,6.0,42,0.176779,0.369222,1.0,0.0,-0.202771,,,,,False,,False,reschedule_drips,19,19,19,,,14,22.022802,-22.975803,-54.546008,,,,,,,,,10.218736
trueno_hecho_de_agua,chimera_grid,1,align-off__nb24__mix0.75__warp-off,,trueno,goteo,chimera,24,False,False,0.75,-40.0,False,6.0,42,0.072977,0.369222,1.0,0.0,-0.259863,,,,,False,,False,,,,,,,14,23.552374,-26.009309,-53.270495,,,,,,,,,3.332217
trueno_hecho_de_agua,chimera_grid,1,align-off__nb24__mix0.75__warp-on,,trueno,goteo,chimera,24,False,True,0.75,-40.0,False,6.0,42,0.824819,0.369222,0.333333,0.0,0.353651,,,,,False,,False,reschedule_drips,19,19,19,,,14,32.152033,-31.277145,-55.379352,,,,,,,,,10.224818
trueno_hecho_de_agua,chimera_grid,1,align-off__nb24__mix1.00__warp-off,,trueno,goteo,chimera,24,False,False,1.0,-40.0,False,6.0,42,0.106833,0.369222,0.6,0.0,-0.121242,,,,,False,,False,,,,,,,14,31.91133,-38.311811,-55.208397,,,,,,,,,3.336782
trueno_hecho_de_agua,chimera_grid,1,align-off__nb24__mix1.00__warp-on,,trueno,goteo,chimera,24,False,True,1.0,-40.0,False,6.0,42,0.976307,0.369222,0.333333,0.0,0.436969,,,,,False,,False,reschedule_drips,19,19,19,,,14,38.554473,-33.901353,-55.702318,,,,,,,,,9.346047
trueno_hecho_de_agua,chimera_grid,1,align-off__nb32__mix0.00__warp-off,,trueno,goteo,chimera,32,False,False,0.0,-40.0,False,6.0,42,0.257477,0.369222,1.0,0.0,-0.158388,,,,,False,,False,,,,,,,18,22.297836,-22.922863,-61.158108,True,muestra8,escucha_AB/fusion_v12/trueno_hecho_de_agua/muestra8__align-off__nb32__mix0.00__warp-off.wav,0.548565,linear,False,0.0,,4.195065
trueno_hecho_de_agua,chimera_grid,1,align-off__nb32__mix0.00__warp-on,,trueno,goteo,chimera,32,False,True,0.0,-40.0,False,6.0,42,0.404529,0.369222,1.0,0.0,-0.077509,,,,,False,,False,reschedule_drips,19,19,19,,,18,23.215209,-23.797552,-61.746979,,,,,,,,,11.802893
trueno_hecho_de_agua,chimera_grid,1,align-off__nb32__mix0.25__warp-off,,trueno,goteo,chimera,32,False,False,0.25,-40.0,False,6.0,42,0.250644,0.369222,1.0,0.0,-0.162146,,,,,False,,False,,,,,,,18,22.410536,-23.20439,-59.683415,,,,,,,,,4.239646
trueno_hecho_de_agua,chimera_grid,1,align-off__nb32__mix0.25__warp-on,,trueno,goteo,chimera,32,False,True,0.25,-40.0,False,6.0,42,0.363805,0.369222,1.0,0.0,-0.099907,,,,,False,,False,reschedule_drips,19,19,19,,,18,23.044048,-23.769962,-59.77436,,,,,,,,,12.657772
trueno_hecho_de_agua,chimera_grid,1,align-off__nb32__mix0.50__warp-off,,trueno,goteo,chimera,32,False,False,0.5,-40.0,False,6.0,42,0.179095,0.369222,1.0,0.0,-0.201498,,,,,False,,False,,,,,,,18,23.081572,-24.235237,-57.930145,,,,,,,,,4.219596
trueno_hecho_de_agua,chimera_grid,1,align-off__nb32__mix0.50__warp-on,,trueno,goteo,chimera,32,False,True,0.5,-40.0,False,6.0,42,0.26926,0.369222,1.0,0.0,-0.151907,,,,,False,,False,reschedule_drips,19,19,19,,,18,22.626765,-23.684406,-53.260745,,,,,,,,,11.74669
trueno_hecho_de_agua,chimera_grid,1,align-off__nb32__mix0.75__warp-off,,trueno,goteo,chimera,32,False,False,0.75,-40.0,False,6.0,42,0.073053,0.369222,1.0,0.0,-0.259821,,,,,False,,False,,,,,,,18,24.651207,-26.771255,-52.658109,,,,,,,,,4.178463
trueno_hecho_de_agua,chimera_grid,1,align-off__nb32__mix0.75__warp-on,,trueno,goteo,chimera,32,False,True,0.75,-40.0,False,6.0,42,0.244622,0.369222,1.0,0.0,-0.165458,,,,,False,,False,reschedule_drips,19,19,19,,,18,28.441251,-30.68099,-47.542193,,,,,,,,,12.668556
trueno_hecho_de_agua,chimera_grid,1,align-off__nb32__mix1.00__warp-off,,trueno,goteo,chimera,32,False,False,1.0,-40.0,False,6.0,42,0.45229,0.369222,0.333333,0.0,0.148759,,,,,False,,False,,,,,,,18,32.294076,-36.903621,-53.082751,,,,,,,,,4.168806
trueno_hecho_de_agua,chimera_grid,1,align-off__nb32__mix1.00__warp-on,,trueno,goteo,chimera,32,False,True,1.0,-40.0,False,6.0,42,0.91723,0.369222,0.0,0.0,0.504477,,,,,False,,False,reschedule_drips,19,19,19,,,18,36.159423,-41.007088,-48.172817,,,,,,,,,11.74845
trueno_hecho_de_agua,chimera_grid,1,align-on__nb2__mix0.00__warp-off,,trueno,goteo,chimera,2,True,False,0.0,-40.0,False,6.0,42,0.514269,0.743855,0.714286,0.0,0.068562,181.942783,196.712331,14.769547,682.86063,False,goteo,False,,,,,,,1,17.928086,-18.658096,-52.317779,,,,,,,,,4.807744
trueno_hecho_de_agua,chimera_grid,1,align-on__nb2__mix0.00__warp-on,,trueno,goteo,chimera,2,True,True,0.0,-40.0,False,6.0,42,0.514561,0.743855,1.0,0.0,-0.016992,181.942783,196.712331,14.769547,682.86063,False,goteo,False,reschedule_drips,19,19,19,,,1,18.866172,-19.684929,-47.737681,,,,,,,,,2.730095
trueno_hecho_de_agua,chimera_grid,1,align-on__nb2__mix0.25__warp-off,,trueno,goteo,chimera,2,True,False,0.25,-40.0,False,6.0,42,0.514249,0.743855,0.714286,0.0,0.068551,181.942783,196.712331,14.769547,682.86063,False,goteo,False,,,,,,,1,17.927997,-18.658015,-52.318326,,,,,,,,,1.787933
trueno_hecho_de_agua,chimera_grid,1,align-on__nb2__mix0.25__warp-on,,trueno,goteo,chimera,2,True,True,0.25,-40.0,False,6.0,42,0.514572,0.743855,1.0,0.0,-0.016985,181.942783,196.712331,14.769547,682.86063,False,goteo,False,reschedule_drips,19,19,19,,,1,18.865579,-19.684469,-47.737387,,,,,,,,,2.724511
trueno_hecho_de_agua,chimera_grid,1,align-on__nb2__mix0.50__warp-off,,trueno,goteo,chimera,2,True,False,0.5,-40.0,False,6.0,42,0.514079,0.743855,0.714286,0.0,0.068458,181.942783,196.712331,14.769547,682.86063,False,goteo,False,,,,,,,1,17.927682,-18.657741,-52.319338,,,,,,,,,1.799261
trueno_hecho_de_agua,chimera_grid,1,align-on__nb2__mix0.50__warp-on,,trueno,goteo,chimera,2,True,True,0.5,-40.0,False,6.0,42,0.514008,0.743855,1.0,0.0,-0.017295,181.942783,196.712331,14.769547,682.86063,False,goteo,False,reschedule_drips,19,19,19,,,1,18.863527,-19.682895,-47.730107,,,,,,,,,2.753442
trueno_hecho_de_agua,chimera_grid,1,align-on__nb2__mix0.75__warp-off,,trueno,goteo,chimera,2,True,False,0.75,-40.0,False,6.0,42,0.513001,0.743855,0.733333,0.0,0.062151,181.942783,196.712331,14.769547,682.86063,False,goteo,False,,,,,,,1,17.926421,-18.656762,-52.313794,,,,,,,,,1.802582
trueno_hecho_de_agua,chimera_grid,1,align-on__nb2__mix0.75__warp-on,,trueno,goteo,chimera,2,True,True,0.75,-40.0,False,6.0,42,0.509629,0.743855,1.0,0.0,-0.019704,181.942783,196.712331,14.769547,682.86063,False,goteo,False,reschedule_drips,19,19,19,,,1,18.856164,-19.677428,-47.633964,,,,,,,,,2.71856
trueno_hecho_de_agua,chimera_grid,1,align-on__nb2__mix1.00__warp-off,,trueno,goteo,chimera,2,True,False,1.0,-40.0,False,6.0,42,0.505274,0.743855,0.538462,0.0,0.116362,181.942783,196.712331,14.769547,682.86063,False,goteo,False,,,,,,,1,17.919868,-18.652779,-52.198339,,,,,,,,,1.807308
trueno_hecho_de_agua,chimera_grid,1,align-on__nb2__mix1.00__warp-on,,trueno,goteo,chimera,2,True,True,1.0,-40.0,False,6.0,42,0.481574,0.743855,1.0,0.0,-0.035135,181.942783,196.712331,14.769547,682.86063,False,goteo,False,reschedule_drips,19,19,19,,,1,18.82997,-19.660818,-46.621943,,,,,,,,,2.74726
trueno_hecho_de_agua,chimera_grid,1,align-on__nb4__mix0.00__warp-off,,trueno,goteo,chimera,4,True,False,0.0,-40.0,False,6.0,42,0.113269,0.743855,1.0,0.0,-0.237702,181.942783,196.712331,14.769547,682.86063,False,goteo,False,,,,,,,2,18.357497,-19.152001,-53.472816,,,,,,,,,2.011
trueno_hecho_de_agua,chimera_grid,1,align-on__nb4__mix0.00__warp-on,,trueno,goteo,chimera,4,True,True,0.0,-40.0,False,6.0,42,0.089346,0.743855,0.846154,0.0,-0.204706,181.942783,196.712331,14.769547,682.86063,False,goteo,False,reschedule_drips,19,19,19,,,2,18.869125,-19.642249,-51.570597,,,,,,,,,2.8387
trueno_hecho_de_agua,chimera_grid,1,align-on__nb4__mix0.25__warp-off,,trueno,goteo,chimera,4,True,False,0.25,-40.0,False,6.0,42,0.100282,0.743855,1.0,0.0,-0.244845,181.942783,196.712331,14.769547,682.86063,False,goteo,False,,,,,,,2,18.508981,-19.272855,-54.723344,,,,,,,,,1.146582
trueno_hecho_de_agua,chimera_grid,1,align-on__nb4__mix0.25__warp-on,,trueno,goteo,chimera,4,True,True,0.25,-40.0,False,6.0,42,0.113693,0.743855,0.857143,0.0,-0.194612,181.942783,196.712331,14.769547,682.86063,False,goteo,False,reschedule_drips,19,19,19,,,2,18.686147,-19.421686,-52.360425,True,muestra2,escucha_AB/fusion_v12/trueno_hecho_de_agua/muestra2__align-on__nb4__mix0.25__warp-on.wav,0.361946,linear,False,0.0,,3.709614
trueno_hecho_de_agua,chimera_grid,1,align-on__nb4__mix0.50__warp-off,,trueno,goteo,chimera,4,True,False,0.5,-40.0,False,6.0,42,0.08777,0.743855,1.0,0.0,-0.251727,181.942783,196.712331,14.769547,682.86063,False,goteo,False,,,,,,,2,18.592838,-19.332056,-55.988077,,,,,,,,,2.037333
trueno_hecho_de_agua,chimera_grid,1,align-on__nb4__mix0.50__warp-on,,trueno,goteo,chimera,4,True,True,0.5,-40.0,False,6.0,42,0.139301,0.743855,0.866667,0.0,-0.183384,181.942783,196.712331,14.769547,682.86063,False,goteo,False,reschedule_drips,19,19,19,,,2,18.464769,-19.167824,-53.128657,,,,,,,,,3.697634
trueno_hecho_de_agua,chimera_grid,1,align-on__nb4__mix0.75__warp-off,,trueno,goteo,chimera,4,True,False,0.75,-40.0,False,6.0,42,0.092364,0.743855,1.0,0.0,-0.2492,181.942783,196.712331,14.769547,682.86063,False,goteo,False,,,,,,,2,18.623038,-19.343529,-57.200706,,,,,,,,,2.011204
trueno_hecho_de_agua,chimera_grid,1,align-on__nb4__mix0.75__warp-on,,trueno,goteo,chimera,4,True,True,0.75,-40.0,False,6.0,42,0.155304,0.743855,0.875,0.0,-0.177083,181.942783,196.712331,14.769547,682.86063,False,goteo,False,reschedule_drips,19,19,19,,,2,18.215379,-18.888754,-53.132826,,,,,,,,,3.698027
trueno_hecho_de_agua,chimera_grid,1,align-on__nb4__mix1.00__warp-off,,trueno,goteo,chimera,4,True,False,1.0,-40.0,False,6.0,42,0.125201,0.743855,1.0,0.0,-0.231139,181.942783,196.712331,14.769547,682.86063,False,goteo,False,,,,,,,2,18.614711,-19.323198,-57.59315,,,,,,,,,2.028104
trueno_hecho_de_agua,chimera_grid,1,align-on__nb4__mix1.00__warp-on,,trueno,goteo,chimera,4,True,True,1.0,-40.0,False,6.0,42,0.148281,0.743855,1.0,0.0,-0.218445,181.942783,196.712331,14.769547,682.86063,False,goteo,False,reschedule_drips,19,19,19,,,2,18.014397,-18.652141,-47.907467,,,,,,,,,3.739842
trueno_hecho_de_agua,chimera_grid,1,align-on__nb6__mix0.00__warp-off,,trueno,goteo,chimera,6,True,False,0.0,-40.0,False,6.0,42,0.104617,0.743855,1.0,0.0,-0.242461,181.942783,196.712331,14.769547,682.86063,False,goteo,False,,,,,,,3,18.420487,-19.024806,-54.419783,,,,,,,,,2.287569
trueno_hecho_de_agua,chimera_grid,1,align-on__nb6__mix0.00__warp-on,,trueno,goteo,chimera,6,True,True,0.0,-40.0,False,6.0,42,0.082695,0.743855,0.764706,0.0,-0.183929,181.942783,196.712331,14.769547,682.86063,False,goteo,False,reschedule_drips,19,19,19,,,3,18.790356,-19.42102,-55.733437,,,,,,,,,4.355315
trueno_hecho_de_agua,chimera_grid,1,align-on__nb6__mix0.25__warp-off,,trueno,goteo,chimera,6,True,False,0.25,-40.0,False,6.0,42,0.074231,0.743855,1.0,0.0,-0.259173,181.942783,196.712331,14.769547,682.86063,False,goteo,False,,,,,,,3,18.688399,-19.31154,-55.872733,,,,,,,,,2.232288
trueno_hecho_de_agua,chimera_grid,1,align-on__nb6__mix0.25__warp-on,,trueno,goteo,chimera,6,True,True,0.25,-40.0,False,6.0,42,0.089164,0.743855,0.75,0.0,-0.17596,181.942783,196.712331,14.769547,682.86063,False,goteo,False,reschedule_drips,19,19,19,,,3,18.636248,-19.277971,-55.781883,,,,,,,,,4.344231
trueno_hecho_de_agua,chimera_grid,1,align-on__nb6__mix0.50__warp-off,,trueno,goteo,chimera,6,True,False,0.5,-40.0,False,6.0,42,0.055561,0.743855,1.0,0.0,-0.269442,181.942783,196.712331,14.769547,682.86063,False,goteo,False,,,,,,,3,18.612463,-19.250165,-57.163125,,,,,,,,,2.216039
trueno_hecho_de_agua,chimera_grid,1,align-on__nb6__mix0.50__warp-on,,trueno,goteo,chimera,6,True,True,0.5,-40.0,False,6.0,42,0.120371,0.743855,0.888889,0.0,-0.200463,181.942783,196.712331,14.769547,682.86063,False,goteo,False,reschedule_drips,19,19,19,,,3,18.489785,-19.138632,-55.691512,,,,,,,,,4.343848
trueno_hecho_de_agua,chimera_grid,1,align-on__nb6__mix0.75__warp-off,,trueno,goteo,chimera,6,True,False,0.75,-40.0,False,6.0,42,0.090923,0.743855,1.0,0.0,-0.249993,181.942783,196.712331,14.769547,682.86063,False,goteo,False,,,,,,,3,18.344561,-18.989003,-58.083807,,,,,,,,,2.224607
trueno_hecho_de_agua,chimera_grid,1,align-on__nb6__mix0.75__warp-on,,trueno,goteo,chimera,6,True,True,0.75,-40.0,False,6.0,42,0.137553,0.743855,0.833333,0.0,-0.174346,181.942783,196.712331,14.769547,682.86063,False,goteo,False,reschedule_drips,19,19,19,,,3,18.145966,-18.800045,-53.8704,,,,,,,,,4.343954
trueno_hecho_de_agua,chimera_grid,1,align-on__nb6__mix1.00__warp-off,,trueno,goteo,chimera,6,True,False,1.0,-40.0,False,6.0,42,0.134887,0.743855,1.0,0.0,-0.225812,181.942783,196.712331,14.769547,682.86063,False,goteo,False,,,,,,,3,18.049447,-18.695921,-58.025621,,,,,,,,,2.238312
trueno_hecho_de_agua,chimera_grid,1,align-on__nb6__mix1.00__warp-on,,trueno,goteo,chimera,6,True,True,1.0,-40.0,False,6.0,42,0.136258,0.743855,1.0,0.0,-0.225058,181.942783,196.712331,14.769547,682.86063,False,goteo,False,reschedule_drips,19,19,19,,,3,17.743385,-18.412626,-47.000099,,,,,,,,,4.337265
trueno_hecho_de_agua,chimera_grid,1,align-on__nb8__mix0.00__warp-off,,trueno,goteo,chimera,8,True,False,0.0,-40.0,False,6.0,42,0.065178,0.743855,0.6,0.0,-0.144152,181.942783,196.712331,14.769547,682.86063,False,goteo,False,,,,,,,4,18.408203,-19.073609,-56.667983,,,,,,,,,2.443816
trueno_hecho_de_agua,chimera_grid,1,align-on__nb8__mix0.00__warp-on,,trueno,goteo,chimera,8,True,True,0.0,-40.0,False,6.0,42,-0.008069,0.743855,1.0,0.0,-0.304438,181.942783,196.712331,14.769547,682.86063,False,goteo,False,reschedule_drips,19,19,19,,,4,18.073004,-18.711536,-54.130573,,,,,,,,,5.248981
trueno_hecho_de_agua,chimera_grid,1,align-on__nb8__mix0.25__warp-off,,trueno,goteo,chimera,8,True,False,0.25,-40.0,False,6.0,42,0.07069,0.743855,0.5,0.0,-0.111121,181.942783,196.712331,14.769547,682.86063,False,goteo,False,,,,,,,4,18.563954,-19.204888,-57.37782,,,,,,,,,2.433119
trueno_hecho_de_agua,chimera_grid,1,align-on__nb8__mix0.25__warp-on,,trueno,goteo,chimera,8,True,True,0.25,-40.0,False,6.0,42,0.003498,0.743855,1.0,0.0,-0.298076,181.942783,196.712331,14.769547,682.86063,False,goteo,False,reschedule_drips,19,19,19,,,4,18.152138,-18.781697,-54.0925,,,,,,,,,4.381636
trueno_hecho_de_agua,chimera_grid,1,align-on__nb8__mix0.50__warp-off,,trueno,goteo,chimera,8,True,False,0.5,-40.0,False,6.0,42,0.077115,0.743855,0.666667,0.0,-0.157587,181.942783,196.712331,14.769547,682.86063,False,goteo,False,,,,,,,4,18.384058,-18.993513,-58.128232,,,,,,,,,1.560799
trueno_hecho_de_agua,chimera_grid,1,align-on__nb8__mix0.50__warp-on,,trueno,goteo,chimera,8,True,True,0.5,-40.0,False,6.0,42,0.023484,0.743855,1.0,0.0,-0.287084,181.942783,196.712331,14.769547,682.86063,False,goteo,False,reschedule_drips,19,19,19,,,4,18.382631,-19.00391,-54.090004,,,,,,,,,5.219757
trueno_hecho_de_agua,chimera_grid,1,align-on__nb8__mix0.75__warp-off,,trueno,goteo,chimera,8,True,False,0.75,-40.0,False,6.0,42,0.080559,0.743855,0.888889,0.0,-0.222359,181.942783,196.712331,14.769547,682.86063,False,goteo,False,,,,,,,4,17.865388,-18.45224,-58.554535,,,,,,,,,2.439847
trueno_hecho_de_agua,chimera_grid,1,align-on__nb8__mix0.75__warp-on,,trueno,goteo,chimera,8,True,True,0.75,-40.0,False,6.0,42,0.0541,0.743855,0.75,0.0,-0.195245,181.942783,196.712331,14.769547,682.86063,False,goteo,False,reschedule_drips,19,19,19,,,4,18.279575,-18.907956,-52.46706,,,,,,,,,5.258036
trueno_hecho_de_agua,chimera_grid,1,align-on__nb8__mix1.00__warp-off,,trueno,goteo,chimera,8,True,False,1.0,-40.0,False,6.0,42,0.094744,0.743855,0.866667,0.0,-0.207891,181.942783,196.712331,14.769547,682.86063,False,goteo,False,,,,,,,4,17.129896,-17.71338,-57.486833,,,,,,,,,2.421951
trueno_hecho_de_agua,chimera_grid,1,align-on__nb8__mix1.00__warp-on,,trueno,goteo,chimera,8,True,True,1.0,-40.0,False,6.0,42,0.108159,0.743855,1.0,0.0,-0.240513,181.942783,196.712331,14.769547,682.86063,False,goteo,False,reschedule_drips,19,19,19,,,4,21.023814,-21.690932,-47.900224,,,,,,,,,5.232445
trueno_hecho_de_agua,chimera_grid,1,align-on__nb12__mix0.00__warp-off,,trueno,goteo,chimera,12,True,False,0.0,-40.0,False,6.0,42,0.16693,0.743855,1.0,0.0,-0.208189,181.942783,196.712331,14.769547,682.86063,False,goteo,False,,,,,,,7,17.520542,-18.106336,-54.750209,,,,,,,,,2.83393
trueno_hecho_de_agua,chimera_grid,1,align-on__nb12__mix0.00__warp-on,,trueno,goteo,chimera,12,True,True,0.0,-40.0,False,6.0,42,0.055538,0.743855,1.0,0.0,-0.269454,181.942783,196.712331,14.769547,682.86063,False,goteo,False,reschedule_drips,19,19,19,,,7,18.418405,-18.985835,-58.513918,,,,,,,,,6.056056
trueno_hecho_de_agua,chimera_grid,1,align-on__nb12__mix0.25__warp-off,,trueno,goteo,chimera,12,True,False,0.25,-40.0,False,6.0,42,0.166979,0.743855,0.733333,0.0,-0.128162,181.942783,196.712331,14.769547,682.86063,False,goteo,False,,,,,,,7,18.126398,-18.704274,-56.319803,,,,,,,,,2.864392
trueno_hecho_de_agua,chimera_grid,1,align-on__nb12__mix0.25__warp-on,,trueno,goteo,chimera,12,True,True,0.25,-40.0,False,6.0,42,0.054456,0.743855,1.0,0.0,-0.270049,181.942783,196.712331,14.769547,682.86063,False,goteo,False,reschedule_drips,19,19,19,,,7,18.836614,-19.417538,-58.807731,,,,,,,,,6.055562
trueno_hecho_de_agua,chimera_grid,1,align-on__nb12__mix0.50__warp-off,,trueno,goteo,chimera,12,True,False,0.5,-40.0,False,6.0,42,0.156657,0.743855,0.9,0.0,-0.183839,181.942783,196.712331,14.769547,682.86063,False,goteo,False,,,,,,,7,18.339248,-18.9051,-57.996118,,,,,,,,,2.844372
trueno_hecho_de_agua,chimera_grid,1,align-on__nb12__mix0.50__warp-on,,trueno,goteo,chimera,12,True,True,0.5,-40.0,False,6.0,42,0.031797,0.743855,0.75,0.0,-0.207512,181.942783,196.712331,14.769547,682.86063,False,goteo,False,reschedule_drips,19,19,19,,,7,18.835823,-19.427547,-58.382688,,,,,,,,,5.211754
trueno_hecho_de_agua,chimera_grid,1,align-on__nb12__mix0.75__warp-off,,trueno,goteo,chimera,12,True,False,0.75,-40.0,False,6.0,42,0.136492,0.743855,0.9,0.0,-0.194929,181.942783,196.712331,14.769547,682.86063,False,goteo,False,,,,,,,7,18.252055,-18.810061,-59.37728,,,,,,,,,1.992144
trueno_hecho_de_agua,chimera_grid,1,align-on__nb12__mix0.75__warp-on,,trueno,goteo,chimera,12,True,True,0.75,-40.0,False,6.0,42,0.057605,0.743855,1.0,0.0,-0.268317,181.942783,196.712331,14.769547,682.86063,False,goteo,False,reschedule_drips,19,19,19,,,7,18.510809,-19.123593,-55.026186,,,,,,,,,6.051599
trueno_hecho_de_agua,chimera_grid,1,align-on__nb12__mix1.00__warp-off,,trueno,goteo,chimera,12,True,False,1.0,-40.0,False,6.0,42,0.116917,0.743855,1.0,0.0,-0.235696,181.942783,196.712331,14.769547,682.86063,False,goteo,False,,,,,,,7,18.443314,-19.008979,-58.462415,,,,,,,,,2.852073
trueno_hecho_de_agua,chimera_grid,1,align-on__nb12__mix1.00__warp-on,,trueno,goteo,chimera,12,True,True,1.0,-40.0,False,6.0,42,0.65219,0.743855,1.0,0.0,0.058704,181.942783,196.712331,14.769547,682.86063,False,goteo,False,reschedule_drips,19,19,19,,,7,24.859625,-25.472873,-53.000456,,,,,,,,,6.050294
trueno_hecho_de_agua,chimera_grid,1,align-on__nb16__mix0.00__warp-off,,trueno,goteo,chimera,16,True,False,0.0,-40.0,False,6.0,42,0.117568,0.743855,1.0,0.0,-0.235337,181.942783,196.712331,14.769547,682.86063,False,goteo,False,,,,,,,9,18.209142,-18.799929,-54.619027,,,,,,,,,3.28522
trueno_hecho_de_agua,chimera_grid,1,align-on__nb16__mix0.00__warp-on,,trueno,goteo,chimera,16,True,True,0.0,-40.0,False,6.0,42,0.089445,0.743855,1.0,0.0,-0.250805,181.942783,196.712331,14.769547,682.86063,False,goteo,False,reschedule_drips,19,19,19,,,9,19.816246,-20.409279,-58.337424,,,,,,,,,6.673504
trueno_hecho_de_agua,chimera_grid,1,align-on__nb16__mix0.25__warp-off,,trueno,goteo,chimera,16,True,False,0.25,-40.0,False,6.0,42,0.104328,0.743855,1.0,0.0,-0.24262,181.942783,196.712331,14.769547,682.86063,False,goteo,False,,,,,,,9,18.964834,-19.556179,-56.34599,,,,,,,,,2.422712
trueno_hecho_de_agua,chimera_grid,1,align-on__nb16__mix0.25__warp-on,,trueno,goteo,chimera,16,True,True,0.25,-40.0,False,6.0,42,0.069917,0.743855,1.0,0.0,-0.261546,181.942783,196.712331,14.769547,682.86063,False,goteo,False,reschedule_drips,19,19,19,,,9,19.867757,-20.473767,-58.851198,,,,,,,,,7.551124
trueno_hecho_de_agua,chimera_grid,1,align-on__nb16__mix0.50__warp-off,,trueno,goteo,chimera,16,True,False,0.5,-40.0,False,6.0,42,0.091424,0.743855,1.0,0.0,-0.249717,181.942783,196.712331,14.769547,682.86063,False,goteo,False,,,,,,,9,19.349492,-19.924636,-58.36521,,,,,,,,,3.276363
trueno_hecho_de_agua,chimera_grid,1,align-on__nb16__mix0.50__warp-on,,trueno,goteo,chimera,16,True,True,0.5,-40.0,False,6.0,42,0.059109,0.743855,1.0,0.0,-0.26749,181.942783,196.712331,14.769547,682.86063,False,goteo,False,reschedule_drips,19,19,19,,,9,19.492938,-20.089277,-57.545277,,,,,,,,,6.651117
trueno_hecho_de_agua,chimera_grid,1,align-on__nb16__mix0.75__warp-off,,trueno,goteo,chimera,16,True,False,0.75,-40.0,False,6.0,42,0.098734,0.743855,1.0,0.0,-0.245696,181.942783,196.712331,14.769547,682.86063,False,goteo,False,,,,,,,9,19.41272,-19.970235,-60.085764,,,,,,,,,2.409547
trueno_hecho_de_agua,chimera_grid,1,align-on__nb16__mix0.75__warp-on,,trueno,goteo,chimera,16,True,True,0.75,-40.0,False,6.0,42,0.027221,0.743855,1.0,0.0,-0.285028,181.942783,196.712331,14.769547,682.86063,False,goteo,False,reschedule_drips,19,19,19,,,9,19.143602,-19.694085,-50.836093,,,,,,,,,6.675047
trueno_hecho_de_agua,chimera_grid,1,align-on__nb16__mix1.00__warp-off,,trueno,goteo,chimera,16,True,False,1.0,-40.0,False,6.0,42,0.125108,0.743855,1.0,0.0,-0.231191,181.942783,196.712331,14.769547,682.86063,False,goteo,False,,,,,,,9,19.337474,-19.898439,-57.573331,True,muestra6,escucha_AB/fusion_v12/trueno_hecho_de_agua/muestra6__align-on__nb16__mix1.00__warp-off.wav,0.390131,linear,False,0.0,,2.502932
trueno_hecho_de_agua,chimera_grid,1,align-on__nb16__mix1.00__warp-on,,trueno,goteo,chimera,16,True,True,1.0,-40.0,False,6.0,42,0.529387,0.743855,0.333333,0.0,0.191163,181.942783,196.712331,14.769547,682.86063,False,goteo,False,reschedule_drips,19,19,19,,,9,28.374343,-28.72991,-50.717729,,,,,,,,,7.593369
trueno_hecho_de_agua,chimera_grid,1,align-on__nb24__mix0.00__warp-off,,trueno,goteo,chimera,24,True,False,0.0,-40.0,False,6.0,42,0.155616,0.743855,0.75,0.0,-0.139411,181.942783,196.712331,14.769547,682.86063,False,goteo,False,,,,,,,14,18.808132,-19.374913,-59.65676,,,,,,,,,4.15614
trueno_hecho_de_agua,chimera_grid,1,align-on__nb24__mix0.00__warp-on,,trueno,goteo,chimera,24,True,True,0.0,-40.0,False,6.0,42,0.174691,0.743855,1.0,0.0,-0.20392,181.942783,196.712331,14.769547,682.86063,False,goteo,False,reschedule_drips,19,19,19,,,14,20.406009,-20.953475,-63.108201,,,,,,,,,9.30902
trueno_hecho_de_agua,chimera_grid,1,align-on__nb24__mix0.25__warp-off,,trueno,goteo,chimera,24,True,False,0.25,-40.0,False,6.0,42,0.157134,0.743855,0.833333,0.0,-0.163576,181.942783,196.712331,14.769547,682.86063,False,goteo,False,,,,,,,14,18.08033,-18.647549,-60.668055,,,,,,,,,4.140194
trueno_hecho_de_agua,chimera_grid,1,align-on__nb24__mix0.25__warp-on,,trueno,goteo,chimera,24,True,True,0.25,-40.0,False,6.0,42,0.135666,0.743855,1.0,0.0,-0.225384,181.942783,196.712331,14.769547,682.86063,False,goteo,False,reschedule_drips,19,19,19,,,14,20.389445,-20.94327,-63.557854,,,,,,,,,8.445673
trueno_hecho_de_agua,chimera_grid,1,align-on__nb24__mix0.50__warp-off,,trueno,goteo,chimera,24,True,False,0.5,-40.0,False,6.0,42,0.114991,0.743855,0.785714,0.0,-0.172469,181.942783,196.712331,14.769547,682.86063,False,goteo,False,,,,,,,14,17.255046,-17.802717,-61.853454,,,,,,,,,3.281973
trueno_hecho_de_agua,chimera_grid,1,align-on__nb24__mix0.50__warp-on,,trueno,goteo,chimera,24,True,True,0.5,-40.0,False,6.0,42,0.062298,0.743855,1.0,0.0,-0.265736,181.942783,196.712331,14.769547,682.86063,False,goteo,False,reschedule_drips,19,19,19,,,14,20.062804,-20.594333,-62.029414,,,,,,,,,9.338784
trueno_hecho_de_agua,chimera_grid,1,align-on__nb24__mix0.75__warp-off,,trueno,goteo,chimera,24,True,False,0.75,-40.0,False,6.0,42,0.015368,0.743855,1.0,0.0,-0.291547,181.942783,196.712331,14.769547,682.86063,False,goteo,False,,,,,,,14,17.487437,-18.005503,-61.564467,,,,,,,,,4.149449
trueno_hecho_de_agua,chimera_grid,1,align-on__nb24__mix0.75__warp-on,,trueno,goteo,chimera,24,True,True,0.75,-40.0,False,6.0,42,0.377314,0.743855,1.0,0.0,-0.092477,181.942783,196.712331,14.769547,682.86063,False,goteo,False,reschedule_drips,19,19,19,,,14,20.92559,-21.33516,-55.988892,,,,,,,,,8.479893
trueno_hecho_de_agua,chimera_grid,1,align-on__nb24__mix1.00__warp-off,,trueno,goteo,chimera,24,True,False,1.0,-40.0,False,6.0,42,0.174438,0.743855,1.0,0.0,-0.204059,181.942783,196.712331,14.769547,682.86063,False,goteo,False,,,,,,,14,19.539745,-20.031213,-56.489712,,,,,,,,,3.258896
trueno_hecho_de_agua,chimera_grid,1,align-on__nb24__mix1.00__warp-on,,trueno,goteo,chimera,24,True,True,1.0,-40.0,False,6.0,42,0.918736,0.743855,0.333333,0.0,0.405305,181.942783,196.712331,14.769547,682.86063,False,goteo,False,reschedule_drips,19,19,19,,,14,28.519871,-28.251848,-54.57813,,,,,,,,,9.327514
trueno_hecho_de_agua,chimera_grid,1,align-on__nb32__mix0.00__warp-off,,trueno,goteo,chimera,32,True,False,0.0,-40.0,False,6.0,42,0.090027,0.743855,1.0,0.0,-0.250485,181.942783,196.712331,14.769547,682.86063,False,goteo,False,,,,,,,18,19.393991,-19.956925,-61.87889,,,,,,,,,4.102314
trueno_hecho_de_agua,chimera_grid,1,align-on__nb32__mix0.00__warp-on,,trueno,goteo,chimera,32,True,True,0.0,-40.0,False,6.0,42,0.265012,0.743855,1.0,0.0,-0.154243,181.942783,196.712331,14.769547,682.86063,False,goteo,False,reschedule_drips,19,19,19,,,18,20.980163,-21.536546,-64.02626,,,,,,,,,11.086098
trueno_hecho_de_agua,chimera_grid,1,align-on__nb32__mix0.25__warp-off,,trueno,goteo,chimera,32,True,False,0.25,-40.0,False,6.0,42,0.080002,0.743855,1.0,0.0,-0.255999,181.942783,196.712331,14.769547,682.86063,False,goteo,False,,,,,,,18,18.855001,-19.425189,-61.575335,,,,,,,,,5.096601
trueno_hecho_de_agua,chimera_grid,1,align-on__nb32__mix0.25__warp-on,,trueno,goteo,chimera,32,True,True,0.25,-40.0,False,6.0,42,0.235016,0.743855,1.0,0.0,-0.170741,181.942783,196.712331,14.769547,682.86063,False,goteo,False,reschedule_drips,19,19,19,,,18,20.845684,-21.418524,-63.191765,,,,,,,,,11.113914
trueno_hecho_de_agua,chimera_grid,1,align-on__nb32__mix0.50__warp-off,,trueno,goteo,chimera,32,True,False,0.5,-40.0,False,6.0,42,0.059386,0.743855,1.0,0.0,-0.267338,181.942783,196.712331,14.769547,682.86063,False,goteo,False,,,,,,,18,19.232953,-19.795715,-61.784163,,,,,,,,,4.997311
trueno_hecho_de_agua,chimera_grid,1,align-on__nb32__mix0.50__warp-on,,trueno,goteo,chimera,32,True,True,0.5,-40.0,False,6.0,42,0.167353,0.743855,1.0,0.0,-0.207956,181.942783,196.712331,14.769547,682.86063,False,goteo,False,reschedule_drips,19,19,19,,,18,20.828594,-21.408729,-58.900919,,,,,,,,,11.055531
trueno_hecho_de_agua,chimera_grid,1,align-on__nb32__mix0.75__warp-off,,trueno,goteo,chimera,32,True,False,0.75,-40.0,False,6.0,42,0.024355,0.743855,1.0,0.0,-0.286605,181.942783,196.712331,14.769547,682.86063,False,goteo,False,,,,,,,18,19.154248,-19.715941,-57.016674,,,,,,,,,5.040637
trueno_hecho_de_agua,chimera_grid,1,align-on__nb32__mix0.75__warp-on,,trueno,goteo,chimera,32,True,True,0.75,-40.0,False,6.0,42,0.102999,0.743855,1.0,0.0,-0.243351,181.942783,196.712331,14.769547,682.86063,False,goteo,False,reschedule_drips,19,19,19,,,18,20.392054,-21.00408,-49.360077,,,,,,,,,10.169203
trueno_hecho_de_agua,chimera_grid,1,align-on__nb32__mix1.00__warp-off,,trueno,goteo,chimera,32,True,False,1.0,-40.0,False,6.0,42,0.392585,0.743855,1.0,0.0,-0.084078,181.942783,196.712331,14.769547,682.86063,False,goteo,False,,,,,,,18,22.426284,-23.070609,-52.45033,,,,,,,,,4.127835
trueno_hecho_de_agua,chimera_grid,1,align-on__nb32__mix1.00__warp-on,,trueno,goteo,chimera,32,True,True,1.0,-40.0,False,6.0,42,0.544602,0.743855,1.0,0.0,-0.000469,181.942783,196.712331,14.769547,682.86063,False,goteo,False,reschedule_drips,19,19,19,,,18,29.221213,-30.1058,-48.628628,,,,,,,,,11.109999
trueno_hecho_de_agua,chimera_plana,1,plana__align-off__nb2__warp-off,,trueno,goteo,chimera_plana,2,False,False,,-40.0,False,6.0,42,0.377461,0.743855,0.857143,0.0,-0.049539,,,,,False,,False,,,,,,color_mix;a_floor_db,1,18.985804,-30.920632,-47.107838,,,,,,,,,0.959908
trueno_hecho_de_agua,chimera_plana,1,plana__align-off__nb4__warp-off,,trueno,goteo,chimera_plana,4,False,False,,-40.0,False,6.0,42,0.210826,0.743855,1.0,0.0,-0.184046,,,,,False,,False,,,,,,color_mix;a_floor_db,2,18.799289,-30.696577,-56.024327,,,,,,,,,1.144039
trueno_hecho_de_agua,chimera_plana,1,plana__align-off__nb6__warp-off,,trueno,goteo,chimera_plana,6,False,False,,-40.0,False,6.0,42,0.088041,0.743855,0.714286,0.0,-0.165863,,,,,False,,False,,,,,,color_mix;a_floor_db,3,18.541021,-30.522405,-59.021113,True,muestra3,escucha_AB/fusion_v12/trueno_hecho_de_agua/muestra3__plana__align-off__nb6__warp-off.wav,1.273871,linear,False,-0.0,,1.351418
trueno_hecho_de_agua,chimera_plana,1,plana__align-off__nb8__warp-off,,trueno,goteo,chimera_plana,8,False,False,,-40.0,False,6.0,42,0.13571,0.743855,0.875,0.0,-0.187859,,,,,False,,False,,,,,,color_mix;a_floor_db,4,18.375179,-31.017353,-64.627549,,,,,,,,,1.542604
trueno_hecho_de_agua,chimera_plana,1,plana__align-off__nb12__warp-off,,trueno,goteo,chimera_plana,12,False,False,,-40.0,False,6.0,42,0.16928,0.743855,1.0,0.0,-0.206896,,,,,False,,False,,,,,,color_mix;a_floor_db,7,17.841867,-31.767195,-62.139742,,,,,,,,,1.966496
trueno_hecho_de_agua,chimera_plana,1,plana__align-off__nb16__warp-off,,trueno,goteo,chimera_plana,16,False,False,,-40.0,False,6.0,42,0.277131,0.743855,1.0,0.0,-0.147578,,,,,False,,False,,,,,,color_mix;a_floor_db,9,19.699108,-32.076929,-63.277692,,,,,,,,,2.400517
trueno_hecho_de_agua,chimera_plana,1,plana__align-off__nb24__warp-off,,trueno,goteo,chimera_plana,24,False,False,,-40.0,False,6.0,42,0.323542,0.743855,1.0,0.0,-0.122052,,,,,False,,False,,,,,,color_mix;a_floor_db,14,22.053568,-32.024737,-67.478955,,,,,,,,,3.232985
trueno_hecho_de_agua,chimera_plana,1,plana__align-off__nb32__warp-off,,trueno,goteo,chimera_plana,32,False,False,,-40.0,False,6.0,42,0.250561,0.743855,1.0,0.0,-0.162192,,,,,False,,False,,,,,,color_mix;a_floor_db,18,22.273464,-31.812261,-69.92583,,,,,,,,,4.07151
trueno_hecho_de_agua,baseline_v11,1,align-off__nb6__mixV11__warp-off,,trueno,goteo,chimera,6,False,False,,-40.0,False,6.0,42,0.162225,0.743855,0.5,0.0,-0.060776,,,,,False,,False,,,,,,a_floor_db,3,47.458203,-53.586594,-52.25973,True,baseline_v11,escucha_AB/fusion_v12/trueno_hecho_de_agua/baseline_v11__align-off__nb6__mixV11__warp-off.wav,9.9368,soft_limit,True,-2.630682,,1.367508
trueno_hecho_de_agua,suma_ancla,1,suma,,trueno,goteo,suma,8,False,False,,-40.0,False,6.0,42,0.626659,0.743855,0.160714,0.586887,0.208415,,,,,False,,False,,,,,,color_mix;a_floor_db;n_bands,,19.165645,-30.374473,-40.690928,True,suma_ancla,escucha_AB/fusion_v12/trueno_hecho_de_agua/suma_ancla__suma.wav,0.750811,linear,False,0.0,,0.706922
trueno_hecho_de_agua,vocoder,1,vocoder__align-off__nb8__warp-off,,trueno,goteo,vocoder,8,False,False,,-40.0,False,6.0,42,0.28537,0.743855,0.62963,0.0,-0.031936,,,,,False,,False,,,,,,color_mix;a_floor_db,4,21.25846,-26.523528,-76.809515,,,,,,,,,2.33651
trueno_hecho_de_agua,vocoder,1,vocoder__align-off__nb12__warp-off,,trueno,goteo,vocoder,12,False,False,,-40.0,False,6.0,42,0.123825,0.743855,0.714286,0.0,-0.146182,,,,,False,,False,,,,,,color_mix;a_floor_db,7,19.705082,-22.529816,-76.517397,,,,,,,,,1.791835
trueno_hecho_de_agua,vocoder,1,vocoder__align-off__nb16__warp-off,,trueno,goteo,vocoder,16,False,False,,-40.0,False,6.0,42,0.19619,0.743855,1.0,0.0,-0.192095,,,,,False,,False,,,,,,color_mix;a_floor_db,9,20.985039,-23.1552,-78.178492,,,,,,,,,2.115333
trueno_hecho_de_agua,stats_finish_top5,2,align-off__nb32__mix1.00__warp-on__stats-on,,trueno,goteo,chimera,32,False,True,1.0,-40.0,True,6.0,42,0.719329,0.369222,1.0,0.0,0.095631,,,,,False,,False,reschedule_drips,19,19,19,,,18,34.031406,-41.479025,-50.219828,,,,,,,,1,24.158754
trueno_hecho_de_agua,stats_finish_top5,2,align-off__nb24__mix1.00__warp-on__stats-on,,trueno,goteo,chimera,24,False,True,1.0,-40.0,True,6.0,42,0.822954,0.369222,0.333333,0.0,0.352625,,,,,False,,False,reschedule_drips,19,19,19,,,14,32.050438,-34.552029,-60.132173,,,,,,,,2,21.86275
trueno_hecho_de_agua,stats_finish_top5,2,align-on__nb24__mix1.00__warp-on__stats-on,,trueno,goteo,chimera,24,True,True,1.0,-40.0,True,6.0,42,0.806193,0.743855,0.666667,0.0,0.243406,181.942783,196.712331,14.769547,682.86063,False,goteo,False,reschedule_drips,19,19,19,,,14,27.36393,-28.322378,-59.346743,,,,,,,,3,21.072463
trueno_hecho_de_agua,stats_finish_top5,2,align-off__nb24__mix0.75__warp-on__stats-on,,trueno,goteo,chimera,24,False,True,0.75,-40.0,True,6.0,42,0.789556,0.369222,0.333333,0.0,0.334256,,,,,False,,False,reschedule_drips,19,19,19,,,14,29.587103,-31.906632,-59.783042,,,,,,,,4,21.851211
trueno_hecho_de_agua,stats_finish_top5,2,align-off__nb12__mix1.00__warp-on__stats-on,,trueno,goteo,chimera,12,False,True,1.0,-40.0,True,6.0,42,0.728718,0.369222,0.5,0.0,0.250795,,,,,False,,False,reschedule_drips,19,19,19,,,7,31.734676,-37.921109,-59.580143,,,,,,,,5,18.567105
trueno_hecho_de_canica,chimera_grid,1,align-off__nb2__mix0.00__warp-off,,trueno,canica,chimera,2,False,False,0.0,-40.0,False,6.0,42,0.256307,0.084442,0.428571,0.0,0.012397,,,,,False,,False,,,,,,,1,18.925449,-29.193763,-43.935534,True,muestra1,escucha_AB/fusion_v12/trueno_hecho_de_canica/muestra1__align-off__nb2__mix0.00__warp-off.wav,0.372056,linear,False,0.0,,4.039858
trueno_hecho_de_canica,chimera_grid,1,align-off__nb2__mix0.00__warp-on,,trueno,canica,chimera,2,False,True,0.0,-40.0,False,6.0,42,0.121202,0.084442,0.666667,0.0,-0.133339,,,,,False,,False,signal_warp,19,19,73,0.908065,,1,18.873752,-25.669611,-40.755816,,,,,,,,,1.899318
trueno_hecho_de_canica,chimera_grid,1,align-off__nb2__mix0.25__warp-off,,trueno,canica,chimera,2,False,False,0.25,-40.0,False,6.0,42,0.256658,0.084442,0.428571,0.0,0.012591,,,,,False,,False,,,,,,,1,18.927258,-29.194533,-43.934792,,,,,,,,,0.928306
trueno_hecho_de_canica,chimera_grid,1,align-off__nb2__mix0.25__warp-on,,trueno,canica,chimera,2,False,True,0.25,-40.0,False,6.0,42,0.121279,0.084442,0.666667,0.0,-0.133297,,,,,False,,False,signal_warp,19,19,73,0.908065,,1,18.872192,-25.669288,-40.752587,,,,,,,,,1.884645
trueno_hecho_de_canica,chimera_grid,1,align-off__nb2__mix0.50__warp-off,,trueno,canica,chimera,2,False,False,0.5,-40.0,False,6.0,42,0.257551,0.084442,0.428571,0.0,0.013082,,,,,False,,False,,,,,,,1,18.937594,-29.196887,-43.886862,,,,,,,,,0.923471
trueno_hecho_de_canica,chimera_grid,1,align-off__nb2__mix0.50__warp-on,,trueno,canica,chimera,2,False,True,0.5,-40.0,False,6.0,42,0.121802,0.084442,0.666667,0.0,-0.133009,,,,,False,,False,signal_warp,19,19,73,0.908065,,1,18.862772,-25.667355,-40.715266,,,,,,,,,1.886294
trueno_hecho_de_canica,chimera_grid,1,align-off__nb2__mix0.75__warp-off,,trueno,canica,chimera,2,False,False,0.75,-40.0,False,6.0,42,0.202988,0.084442,0.384615,0.0,-0.003741,,,,,False,,False,,,,,,,1,18.985214,-29.135306,-42.403833,,,,,,,,,0.927194
trueno_hecho_de_canica,chimera_grid,1,align-off__nb2__mix0.75__warp-on,,trueno,canica,chimera,2,False,True,0.75,-40.0,False,6.0,42,0.125115,0.084442,0.68,0.0,-0.135187,,,,,False,,False,signal_warp,19,19,73,0.908065,,1,18.798084,-25.654671,-39.937086,,,,,,,,,1.868454
trueno_hecho_de_canica,chimera_grid,1,align-off__nb2__mix1.00__warp-off,,trueno,canica,chimera,2,False,False,1.0,-40.0,False,6.0,42,0.02516,0.084442,1.0,0.0,-0.286162,,,,,False,,False,,,,,,,1,25.513263,-33.743483,-39.026329,,,,,,,,,0.927988
trueno_hecho_de_canica,chimera_grid,1,align-off__nb2__mix1.00__warp-on,,trueno,canica,chimera,2,False,True,1.0,-40.0,False,6.0,42,0.108515,0.084442,0.65,0.0,-0.135317,,,,,False,,False,signal_warp,19,19,73,0.908065,,1,18.593799,-25.99947,-32.438398,True,muestra7,escucha_AB/fusion_v12/trueno_hecho_de_canica/muestra7__align-off__nb2__mix1.00__warp-on.wav,0.358118,linear,False,0.0,,1.863461
trueno_hecho_de_canica,chimera_grid,1,align-off__nb4__mix0.00__warp-off,,trueno,canica,chimera,4,False,False,0.0,-40.0,False,6.0,42,0.191165,0.084442,0.756098,0.0,-0.121689,,,,,False,,False,,,,,,,2,19.550707,-21.85447,-50.665205,,,,,,,,,1.148444
trueno_hecho_de_canica,chimera_grid,1,align-off__nb4__mix0.00__warp-on,,trueno,canica,chimera,4,False,True,0.0,-40.0,False,6.0,42,0.164484,0.084442,0.916667,0.0,-0.184534,,,,,False,,False,signal_warp,19,19,73,0.908065,,2,19.541183,-21.569225,-47.800974,,,,,,,,,2.080323
trueno_hecho_de_canica,chimera_grid,1,align-off__nb4__mix0.25__warp-off,,trueno,canica,chimera,4,False,False,0.25,-40.0,False,6.0,42,0.22235,0.084442,0.636364,0.0,-0.068617,,,,,False,,False,,,,,,,2,19.495152,-23.880297,-50.120289,,,,,,,,,1.13351
trueno_hecho_de_canica,chimera_grid,1,align-off__nb4__mix0.25__warp-on,,trueno,canica,chimera,4,False,True,0.25,-40.0,False,6.0,42,0.119707,0.084442,0.826087,0.0,-0.181988,,,,,False,,False,signal_warp,19,19,73,0.908065,,2,19.462241,-22.962763,-45.571025,,,,,,,,,2.082266
trueno_hecho_de_canica,chimera_grid,1,align-off__nb4__mix0.50__warp-off,,trueno,canica,chimera,4,False,False,0.5,-40.0,False,6.0,42,0.257946,0.084442,0.674419,0.0,-0.060455,,,,,False,,False,,,,,,,2,18.886081,-26.15434,-48.985748,,,,,,,,,1.149673
trueno_hecho_de_canica,chimera_grid,1,align-off__nb4__mix0.50__warp-on,,trueno,canica,chimera,4,False,True,0.5,-40.0,False,6.0,42,0.093376,0.084442,0.789474,0.0,-0.185485,,,,,False,,False,signal_warp,19,19,73,0.908065,,2,18.867431,-24.094519,-43.747532,,,,,,,,,2.112388
trueno_hecho_de_canica,chimera_grid,1,align-off__nb4__mix0.75__warp-off,,trueno,canica,chimera,4,False,False,0.75,-40.0,False,6.0,42,0.081424,0.084442,0.714286,0.0,-0.169503,,,,,False,,False,,,,,,,2,18.582944,-28.116039,-45.336787,,,,,,,,,1.131176
trueno_hecho_de_canica,chimera_grid,1,align-off__nb4__mix0.75__warp-on,,trueno,canica,chimera,4,False,True,0.75,-40.0,False,6.0,42,0.058189,0.084442,0.904762,0.0,-0.239425,,,,,False,,False,signal_warp,19,19,73,0.908065,,2,18.08405,-24.637193,-41.676039,,,,,,,,,2.081571
trueno_hecho_de_canica,chimera_grid,1,align-off__nb4__mix1.00__warp-off,,trueno,canica,chimera,4,False,False,1.0,-40.0,False,6.0,42,0.119854,0.084442,0.0,0.0,0.06592,,,,,False,,False,,,,,,,2,35.006792,-37.526552,-49.92322,,,,,,,,,1.144057
trueno_hecho_de_canica,chimera_grid,1,align-off__nb4__mix1.00__warp-on,,trueno,canica,chimera,4,False,True,1.0,-40.0,False,6.0,42,0.034748,0.084442,0.875,0.0,-0.243389,,,,,False,,False,signal_warp,19,19,73,0.908065,,2,31.707805,-39.342949,-47.748416,,,,,,,,,2.081068
trueno_hecho_de_canica,chimera_grid,1,align-off__nb6__mix0.00__warp-off,,trueno,canica,chimera,6,False,False,0.0,-40.0,False,6.0,42,0.27268,0.084442,0.866667,0.0,-0.110026,,,,,False,,False,,,,,,,3,19.206929,-20.075264,-53.664612,,,,,,,,,1.363309
trueno_hecho_de_canica,chimera_grid,1,align-off__nb6__mix0.00__warp-on,,trueno,canica,chimera,6,False,True,0.0,-40.0,False,6.0,42,0.188591,0.084442,0.904762,0.0,-0.167703,,,,,False,,False,signal_warp,19,19,73,0.908065,,3,19.181051,-20.08292,-52.801371,,,,,,,,,2.312057
trueno_hecho_de_canica,chimera_grid,1,align-off__nb6__mix0.25__warp-off,,trueno,canica,chimera,6,False,False,0.25,-40.0,False,6.0,42,0.235019,0.084442,0.818182,0.0,-0.116194,,,,,False,,False,,,,,,,3,18.87526,-20.371493,-52.969257,,,,,,,,,1.356258
trueno_hecho_de_canica,chimera_grid,1,align-off__nb6__mix0.25__warp-on,,trueno,canica,chimera,6,False,True,0.25,-40.0,False,6.0,42,0.176441,0.084442,0.8,0.0,-0.142958,,,,,False,,False,signal_warp,19,19,73,0.908065,,3,18.855817,-20.203517,-50.535806,,,,,,,,,2.293534
trueno_hecho_de_canica,chimera_grid,1,align-off__nb6__mix0.50__warp-off,,trueno,canica,chimera,6,False,False,0.5,-40.0,False,6.0,42,0.229438,0.084442,0.888889,0.0,-0.140476,,,,,False,,False,,,,,,,3,17.98175,-21.734027,-50.608225,,,,,,,,,1.367855
trueno_hecho_de_canica,chimera_grid,1,align-off__nb6__mix0.50__warp-on,,trueno,canica,chimera,6,False,True,0.5,-40.0,False,6.0,42,0.153167,0.084442,1.0,0.0,-0.215758,,,,,False,,False,signal_warp,19,19,73,0.908065,,3,17.84346,-20.552708,-46.736643,,,,,,,,,2.294977
trueno_hecho_de_canica,chimera_grid,1,align-off__nb6__mix0.75__warp-off,,trueno,canica,chimera,6,False,False,0.75,-40.0,False,6.0,42,0.163995,0.084442,0.714286,0.0,-0.124089,,,,,False,,False,,,,,,,3,20.822437,-28.624561,-49.451205,,,,,,,,,1.35837
trueno_hecho_de_canica,chimera_grid,1,align-off__nb6__mix0.75__warp-on,,trueno,canica,chimera,6,False,True,0.75,-40.0,False,6.0,42,0.0833,0.084442,1.0,0.0,-0.254185,,,,,False,,False,signal_warp,19,19,73,0.908065,,3,18.769727,-24.165646,-44.910868,,,,,,,,,2.289557
trueno_hecho_de_canica,chimera_grid,1,align-off__nb6__mix1.00__warp-off,,trueno,canica,chimera,6,False,False,1.0,-40.0,False,6.0,42,0.192005,0.084442,0.333333,0.0,0.005603,,,,,False,,False,,,,,,,3,30.99291,-36.153369,-50.716715,,,,,,,,,1.350228
trueno_hecho_de_canica,chimera_grid,1,align-off__nb6__mix1.00__warp-on,,trueno,canica,chimera,6,False,True,1.0,-40.0,False,6.0,42,0.055729,0.084442,0.6,0.0,-0.149349,,,,,False,,False,signal_warp,19,19,73,0.908065,,3,26.231467,-34.419989,-45.289776,,,,,,,,,2.304546
trueno_hecho_de_canica,chimera_grid,1,align-off__nb8__mix0.00__warp-off,,trueno,canica,chimera,8,False,False,0.0,-40.0,False,6.0,42,0.153867,0.084442,0.722222,0.0,-0.13204,,,,,False,,False,,,,,,,4,17.564936,-18.389275,-53.8188,,,,,,,,,1.562385
trueno_hecho_de_canica,chimera_grid,1,align-off__nb8__mix0.00__warp-on,,trueno,canica,chimera,8,False,True,0.0,-40.0,False,6.0,42,0.179419,0.084442,0.862069,0.0,-0.15994,,,,,False,,False,signal_warp,19,19,73,0.908065,,4,18.29393,-19.16525,-55.252833,,,,,,,,,2.505654
trueno_hecho_de_canica,chimera_grid,1,align-off__nb8__mix0.25__warp-off,,trueno,canica,chimera,8,False,False,0.25,-40.0,False,6.0,42,0.167449,0.084442,0.673469,0.0,-0.109944,,,,,False,,False,,,,,,,4,17.859042,-18.86798,-54.008028,,,,,,,,,1.568361
trueno_hecho_de_canica,chimera_grid,1,align-off__nb8__mix0.25__warp-on,,trueno,canica,chimera,8,False,True,0.25,-40.0,False,6.0,42,0.182027,0.084442,0.72093,0.0,-0.116164,,,,,False,,False,signal_warp,19,19,73,0.908065,,4,18.161711,-19.271338,-53.878319,,,,,,,,,2.516891
trueno_hecho_de_canica,chimera_grid,1,align-off__nb8__mix0.50__warp-off,,trueno,canica,chimera,8,False,False,0.5,-40.0,False,6.0,42,0.175575,0.084442,1.0,0.0,-0.203434,,,,,False,,False,,,,,,,4,18.199537,-20.258457,-51.759429,True,muestra4,escucha_AB/fusion_v12/trueno_hecho_de_canica/muestra4__align-off__nb8__mix0.50__warp-off.wav,0.342226,linear,False,0.0,,1.555595
trueno_hecho_de_canica,chimera_grid,1,align-off__nb8__mix0.50__warp-on,,trueno,canica,chimera,8,False,True,0.5,-40.0,False,6.0,42,0.160045,0.084442,0.607143,0.0,-0.094118,,,,,False,,False,signal_warp,19,19,73,0.908065,,4,17.34076,-19.200049,-50.24781,,,,,,,,,2.529681
trueno_hecho_de_canica,chimera_grid,1,align-off__nb8__mix0.75__warp-off,,trueno,canica,chimera,8,False,False,0.75,-40.0,False,6.0,42,-0.012681,0.084442,0.0,0.0,-0.006974,,,,,False,,False,,,,,,,4,27.528914,-33.140494,-50.150113,,,,,,,,,1.552538
trueno_hecho_de_canica,chimera_grid,1,align-off__nb8__mix0.75__warp-on,,trueno,canica,chimera,8,False,True,0.75,-40.0,False,6.0,42,0.065849,0.084442,0.866667,0.0,-0.223783,,,,,False,,False,signal_warp,19,19,73,0.908065,,4,20.648356,-25.022152,-48.45987,,,,,,,,,2.527006
trueno_hecho_de_canica,chimera_grid,1,align-off__nb8__mix1.00__warp-off,,trueno,canica,chimera,8,False,False,1.0,-40.0,False,6.0,42,0.325462,0.084442,0.0,0.0,0.179004,,,,,False,,False,,,,,,,4,39.183437,-39.769397,-50.356302,,,,,,,,,1.554373
trueno_hecho_de_canica,chimera_grid,1,align-off__nb8__mix1.00__warp-on,,trueno,canica,chimera,8,False,True,1.0,-40.0,False,6.0,42,-0.011566,0.084442,0.0,0.0,-0.006361,,,,,False,,False,signal_warp,19,19,73,0.908065,,4,34.025581,-41.716777,-51.734484,,,,,,,,,2.531658
trueno_hecho_de_canica,chimera_grid,1,align-off__nb12__mix0.00__warp-off,,trueno,canica,chimera,12,False,False,0.0,-40.0,False,6.0,42,0.31441,0.084442,0.714286,0.0,-0.04136,,,,,False,,False,,,,,,,7,16.815659,-17.476962,-57.799645,,,,,,,,,2.000699
trueno_hecho_de_canica,chimera_grid,1,align-off__nb12__mix0.00__warp-on,,trueno,canica,chimera,12,False,True,0.0,-40.0,False,6.0,42,0.238182,0.084442,1.0,0.0,-0.169,,,,,False,,False,signal_warp,19,19,73,0.908065,,7,17.700188,-18.399864,-56.02534,,,,,,,,,2.94012
trueno_hecho_de_canica,chimera_grid,1,align-off__nb12__mix0.25__warp-off,,trueno,canica,chimera,12,False,False,0.25,-40.0,False,6.0,42,0.339665,0.084442,0.789474,0.0,-0.050026,,,,,False,,False,,,,,,,7,17.120701,-17.951032,-56.129544,,,,,,,,,1.98495
trueno_hecho_de_canica,chimera_grid,1,align-off__nb12__mix0.25__warp-on,,trueno,canica,chimera,12,False,True,0.25,-40.0,False,6.0,42,0.242097,0.084442,0.909091,0.0,-0.139574,,,,,False,,False,signal_warp,19,19,73,0.908065,,7,17.545668,-18.449754,-54.914928,,,,,,,,,2.939179
trueno_hecho_de_canica,chimera_grid,1,align-off__nb12__mix0.50__warp-off,,trueno,canica,chimera,12,False,False,0.5,-40.0,False,6.0,42,0.307668,0.084442,1.0,0.0,-0.130783,,,,,False,,False,,,,,,,7,18.200908,-19.649222,-49.052334,,,,,,,,,1.995133
trueno_hecho_de_canica,chimera_grid,1,align-off__nb12__mix0.50__warp-on,,trueno,canica,chimera,12,False,True,0.5,-40.0,False,6.0,42,0.177099,0.084442,1.0,0.0,-0.202596,,,,,False,,False,signal_warp,19,19,73,0.908065,,7,18.401375,-19.821135,-50.865777,,,,,,,,,2.937967
trueno_hecho_de_canica,chimera_grid,1,align-off__nb12__mix0.75__warp-off,,trueno,canica,chimera,12,False,False,0.75,-40.0,False,6.0,42,0.111316,0.084442,1.0,0.0,-0.238776,,,,,False,,False,,,,,,,7,29.954387,-34.957586,-46.031504,,,,,,,,,2.00399
trueno_hecho_de_canica,chimera_grid,1,align-off__nb12__mix0.75__warp-on,,trueno,canica,chimera,12,False,True,0.75,-40.0,False,6.0,42,0.015142,0.084442,0.6,0.0,-0.171672,,,,,False,,False,signal_warp,19,19,73,0.908065,,7,33.248491,-36.505446,-51.928026,,,,,,,,,2.934966
trueno_hecho_de_canica,chimera_grid,1,align-off__nb12__mix1.00__warp-off,,trueno,canica,chimera,12,False,False,1.0,-40.0,False,6.0,42,0.081274,0.084442,0.0,0.0,0.044701,,,,,False,,False,,,,,,,7,37.431485,-45.972494,-44.641049,,,,,,,,,1.990479
trueno_hecho_de_canica,chimera_grid,1,align-off__nb12__mix1.00__warp-on,,trueno,canica,chimera,12,False,True,1.0,-40.0,False,6.0,42,0.251808,0.084442,0.0,0.0,0.138495,,,,,False,,False,signal_warp,19,19,73,0.908065,,7,44.083571,-47.037287,-52.443189,,,,,,,,,2.941583
trueno_hecho_de_canica,chimera_grid,1,align-off__nb16__mix0.00__warp-off,,trueno,canica,chimera,16,False,False,0.0,-40.0,False,6.0,42,0.177068,0.084442,0.769231,0.0,-0.133382,,,,,False,,False,,,,,,,9,17.373765,-18.002786,-59.277511,,,,,,,,,2.422765
trueno_hecho_de_canica,chimera_grid,1,align-off__nb16__mix0.00__warp-on,,trueno,canica,chimera,16,False,True,0.0,-40.0,False,6.0,42,0.201662,0.084442,0.882353,0.0,-0.153792,,,,,False,,False,signal_warp,19,19,73,0.908065,,9,16.637213,-17.282285,-57.77027,,,,,,,,,3.388704
trueno_hecho_de_canica,chimera_grid,1,align-off__nb16__mix0.25__warp-off,,trueno,canica,chimera,16,False,False,0.25,-40.0,False,6.0,42,0.166015,0.084442,0.826087,0.0,-0.156518,,,,,False,,False,,,,,,,9,17.492023,-18.252231,-57.753749,,,,,,,,,2.429472
trueno_hecho_de_canica,chimera_grid,1,align-off__nb16__mix0.25__warp-on,,trueno,canica,chimera,16,False,True,0.25,-40.0,False,6.0,42,0.156793,0.084442,0.666667,0.0,-0.113764,,,,,False,,False,signal_warp,19,19,73,0.908065,,9,17.020273,-17.836846,-57.302142,,,,,,,,,3.36147
trueno_hecho_de_canica,chimera_grid,1,align-off__nb16__mix0.50__warp-off,,trueno,canica,chimera,16,False,False,0.5,-40.0,False,6.0,42,0.101845,0.084442,1.0,0.0,-0.243985,,,,,False,,False,,,,,,,9,17.693873,-18.964098,-49.405858,,,,,,,,,2.41642
trueno_hecho_de_canica,chimera_grid,1,align-off__nb16__mix0.50__warp-on,,trueno,canica,chimera,16,False,True,0.5,-40.0,False,6.0,42,0.048708,0.084442,1.0,0.0,-0.273211,,,,,False,,False,signal_warp,19,19,73,0.908065,,9,17.184975,-18.500285,-52.899298,,,,,,,,,3.390841
trueno_hecho_de_canica,chimera_grid,1,align-off__nb16__mix0.75__warp-off,,trueno,canica,chimera,16,False,False,0.75,-40.0,False,6.0,42,-0.002148,0.084442,0.6,0.0,-0.181181,,,,,False,,False,,,,,,,9,30.03652,-34.424575,-46.850127,,,,,,,,,2.452991
trueno_hecho_de_canica,chimera_grid,1,align-off__nb16__mix0.75__warp-on,,trueno,canica,chimera,16,False,True,0.75,-40.0,False,6.0,42,0.04033,0.084442,0.5,0.0,-0.127818,,,,,False,,False,signal_warp,19,19,73,0.908065,,9,22.275028,-25.578282,-44.923591,True,muestra5,escucha_AB/fusion_v12/trueno_hecho_de_canica/muestra5__align-off__nb16__mix0.75__warp-on.wav,0.547127,linear,False,0.0,,3.398088
trueno_hecho_de_canica,chimera_grid,1,align-off__nb16__mix1.00__warp-off,,trueno,canica,chimera,16,False,False,1.0,-40.0,False,6.0,42,0.10246,0.084442,0.0,0.0,0.056353,,,,,False,,False,,,,,,,9,37.261565,-50.498254,-45.874549,,,,,,,,,2.465332
trueno_hecho_de_canica,chimera_grid,1,align-off__nb16__mix1.00__warp-on,,trueno,canica,chimera,16,False,True,1.0,-40.0,False,6.0,42,0.511595,0.084442,0.333333,0.0,0.181377,,,,,False,,False,signal_warp,19,19,73,0.908065,,9,33.228349,-40.948113,-45.79322,,,,,,,,,3.412081
trueno_hecho_de_canica,chimera_grid,1,align-off__nb24__mix0.00__warp-off,,trueno,canica,chimera,24,False,False,0.0,-40.0,False,6.0,42,0.261077,0.084442,1.0,0.0,-0.156408,,,,,False,,False,,,,,,,14,18.411814,-18.98343,-62.773842,True,muestra8,escucha_AB/fusion_v12/trueno_hecho_de_canica/muestra8__align-off__nb24__mix0.00__warp-off.wav,0.350693,linear,False,0.0,,3.370151
trueno_hecho_de_canica,chimera_grid,1,align-off__nb24__mix0.00__warp-on,,trueno,canica,chimera,24,False,True,0.0,-40.0,False,6.0,42,0.257978,0.084442,1.0,0.0,-0.158112,,,,,False,,False,signal_warp,19,19,73,0.908065,,14,18.764458,-19.344366,-65.497063,,,,,,,,,4.30409
trueno_hecho_de_canica,chimera_grid,1,align-off__nb24__mix0.25__warp-off,,trueno,canica,chimera,24,False,False,0.25,-40.0,False,6.0,42,0.235268,0.084442,0.692308,0.0,-0.078295,,,,,False,,False,,,,,,,14,19.050895,-19.730303,-61.923486,,,,,,,,,3.354693
trueno_hecho_de_canica,chimera_grid,1,align-off__nb24__mix0.25__warp-on,,trueno,canica,chimera,24,False,True,0.25,-40.0,False,6.0,42,0.209952,0.084442,1.0,0.0,-0.184526,,,,,False,,False,signal_warp,19,19,73,0.908065,,14,18.412116,-19.131738,-62.145089,,,,,,,,,4.288251
trueno_hecho_de_canica,chimera_grid,1,align-off__nb24__mix0.50__warp-off,,trueno,canica,chimera,24,False,False,0.5,-40.0,False,6.0,42,0.068607,0.084442,1.0,0.0,-0.262266,,,,,False,,False,,,,,,,14,19.987724,-21.129156,-50.023045,,,,,,,,,3.346059
trueno_hecho_de_canica,chimera_grid,1,align-off__nb24__mix0.50__warp-on,,trueno,canica,chimera,24,False,True,0.5,-40.0,False,6.0,42,0.099793,0.084442,1.0,0.0,-0.245114,,,,,False,,False,signal_warp,19,19,73,0.908065,,14,20.469273,-21.653423,-49.658361,,,,,,,,,4.283224
trueno_hecho_de_canica,chimera_grid,1,align-off__nb24__mix0.75__warp-off,,trueno,canica,chimera,24,False,False,0.75,-40.0,False,6.0,42,0.603505,0.084442,0.0,0.0,0.331928,,,,,False,,False,,,,,,,14,32.262348,-34.718445,-46.140188,,,,,,,,,3.328907
trueno_hecho_de_canica,chimera_grid,1,align-off__nb24__mix0.75__warp-on,,trueno,canica,chimera,24,False,True,0.75,-40.0,False,6.0,42,0.056324,0.084442,1.0,0.0,-0.269022,,,,,False,,False,signal_warp,19,19,73,0.908065,,14,35.413137,-39.192667,-49.95775,,,,,,,,,4.278446
trueno_hecho_de_canica,chimera_grid,1,align-off__nb24__mix1.00__warp-off,,trueno,canica,chimera,24,False,False,1.0,-40.0,False,6.0,42,0.955047,0.084442,0.0,0.0,0.525276,,,,,False,,False,,,,,,,14,39.263406,-39.125866,-45.911607,,,,,,,,,3.3202
trueno_hecho_de_canica,chimera_grid,1,align-off__nb24__mix1.00__warp-on,,trueno,canica,chimera,24,False,True,1.0,-40.0,False,6.0,42,0.802236,0.084442,0.333333,0.0,0.34123,,,,,False,,False,signal_warp,19,19,73,0.908065,,14,42.671475,-52.548704,-50.337478,,,,,,,,,4.307061
trueno_hecho_de_canica,chimera_grid,1,align-off__nb32__mix0.00__warp-off,,trueno,canica,chimera,32,False,False,0.0,-40.0,False,6.0,42,0.102221,0.084442,1.0,0.0,-0.243778,,,,,False,,False,,,,,,,18,17.975689,-18.550571,-64.006237,,,,,,,,,4.217476
trueno_hecho_de_canica,chimera_grid,1,align-off__nb32__mix0.00__warp-on,,trueno,canica,chimera,32,False,True,0.0,-40.0,False,6.0,42,0.144423,0.084442,1.0,0.0,-0.220567,,,,,False,,False,signal_warp,19,19,73,0.908065,,18,18.749779,-19.309236,-67.375803,,,,,,,,,5.116968
trueno_hecho_de_canica,chimera_grid,1,align-off__nb32__mix0.25__warp-off,,trueno,canica,chimera,32,False,False,0.25,-40.0,False,6.0,42,0.088357,0.084442,0.818182,0.0,-0.196858,,,,,False,,False,,,,,,,18,18.281832,-18.96332,-62.835918,,,,,,,,,4.160933
trueno_hecho_de_canica,chimera_grid,1,align-off__nb32__mix0.25__warp-on,,trueno,canica,chimera,32,False,True,0.25,-40.0,False,6.0,42,0.124915,0.084442,1.0,0.0,-0.231297,,,,,False,,False,signal_warp,19,19,73,0.908065,,18,19.002508,-19.707219,-63.551874,,,,,,,,,5.12588
trueno_hecho_de_canica,chimera_grid,1,align-off__nb32__mix0.50__warp-off,,trueno,canica,chimera,32,False,False,0.5,-40.0,False,6.0,42,0.03896,0.084442,1.0,0.0,-0.278572,,,,,False,,False,,,,,,,18,18.551588,-19.678627,-49.160699,,,,,,,,,4.188938
trueno_hecho_de_canica,chimera_grid,1,align-off__nb32__mix0.50__warp-on,,trueno,canica,chimera,32,False,True,0.5,-40.0,False,6.0,42,0.017175,0.084442,1.0,0.0,-0.290554,,,,,False,,False,signal_warp,19,19,73,0.908065,,18,20.816131,-21.952584,-49.947817,,,,,,,,,5.169604
trueno_hecho_de_canica,chimera_grid,1,align-off__nb32__mix0.75__warp-off,,trueno,canica,chimera,32,False,False,0.75,-40.0,False,6.0,42,0.114309,0.084442,0.6,0.0,-0.11713,,,,,False,,False,,,,,,,18,27.680841,-32.092709,-41.706098,,,,,,,,,4.205319
trueno_hecho_de_canica,chimera_grid,1,align-off__nb32__mix0.75__warp-on,,trueno,canica,chimera,32,False,True,0.75,-40.0,False,6.0,42,0.434616,0.084442,0.333333,0.0,0.139039,,,,,False,,False,signal_warp,19,19,73,0.908065,,18,33.507633,-35.78675,-47.144076,,,,,,,,,5.149889
trueno_hecho_de_canica,chimera_grid,1,align-off__nb32__mix1.00__warp-off,,trueno,canica,chimera,32,False,False,1.0,-40.0,False,6.0,42,0.568693,0.084442,0.333333,0.0,0.212781,,,,,False,,False,,,,,,,18,36.38416,-39.944373,-42.551337,,,,,,,,,4.186208
trueno_hecho_de_canica,chimera_grid,1,align-off__nb32__mix1.00__warp-on,,trueno,canica,chimera,32,False,True,1.0,-40.0,False,6.0,42,0.753247,0.084442,0.333333,0.0,0.314286,,,,,False,,False,signal_warp,19,19,73,0.908065,,18,38.945709,-41.34107,-46.23314,,,,,,,,,5.17763
trueno_hecho_de_canica,chimera_grid,1,align-on__nb2__mix0.00__warp-off,,trueno,canica,chimera,2,True,False,0.0,-40.0,False,6.0,42,0.240039,0.119397,0.619048,0.0,-0.053693,682.86063,1185.118898,502.258269,1189.284565,False,canica,False,,,,,,,1,18.991353,-30.069163,-43.890551,,,,,,,,,5.801993
trueno_hecho_de_canica,chimera_grid,1,align-on__nb2__mix0.00__warp-on,,trueno,canica,chimera,2,True,True,0.0,-40.0,False,6.0,42,0.020784,0.119397,1.0,0.0,-0.288569,682.86063,1185.118898,502.258269,1189.284565,False,canica,False,signal_warp,19,19,68,0.441312,,1,18.947522,-27.187765,-41.612809,,,,,,,,,1.940645
trueno_hecho_de_canica,chimera_grid,1,align-on__nb2__mix0.25__warp-off,,trueno,canica,chimera,2,True,False,0.25,-40.0,False,6.0,42,0.241086,0.119397,0.581395,0.0,-0.041822,682.86063,1185.118898,502.258269,1189.284565,False,canica,False,,,,,,,1,18.991163,-30.074364,-43.888567,,,,,,,,,1.888505
trueno_hecho_de_canica,chimera_grid,1,align-on__nb2__mix0.25__warp-on,,trueno,canica,chimera,2,True,True,0.25,-40.0,False,6.0,42,0.02116,0.119397,1.0,0.0,-0.288362,682.86063,1185.118898,502.258269,1189.284565,False,canica,False,signal_warp,19,19,68,0.441312,,1,18.94825,-27.191739,-41.611438,,,,,,,,,1.928156
trueno_hecho_de_canica,chimera_grid,1,align-on__nb2__mix0.50__warp-off,,trueno,canica,chimera,2,True,False,0.5,-40.0,False,6.0,42,0.246317,0.119397,0.581395,0.0,-0.038944,682.86063,1185.118898,502.258269,1189.284565,False,canica,False,,,,,,,1,18.989723,-30.102486,-43.842949,,,,,,,,,1.796119
trueno_hecho_de_canica,chimera_grid,1,align-on__nb2__mix0.50__warp-on,,trueno,canica,chimera,2,True,True,0.5,-40.0,False,6.0,42,0.023415,0.119397,1.0,0.0,-0.287122,682.86063,1185.118898,502.258269,1189.284565,False,canica,False,signal_warp,19,19,68,0.441312,,1,18.952054,-27.213037,-41.583676,,,,,,,,,1.870328
trueno_hecho_de_canica,chimera_grid,1,align-on__nb2__mix0.75__warp-off,,trueno,canica,chimera,2,True,False,0.75,-40.0,False,6.0,42,0.242079,0.084442,0.6,0.0,-0.046856,682.86063,1185.118898,502.258269,1189.284565,False,canica,False,,,,,,,1,18.970208,-30.203543,-42.644561,,,,,,,,,0.929175
trueno_hecho_de_canica,chimera_grid,1,align-on__nb2__mix0.75__warp-on,,trueno,canica,chimera,2,True,True,0.75,-40.0,False,6.0,42,0.033386,0.119397,0.909091,0.0,-0.254365,682.86063,1185.118898,502.258269,1189.284565,False,canica,False,signal_warp,19,19,68,0.441312,,1,18.963298,-27.293262,-40.859355,,,,,,,,,1.911705
trueno_hecho_de_canica,chimera_grid,1,align-on__nb2__mix1.00__warp-off,,trueno,canica,chimera,2,True,False,1.0,-40.0,False,6.0,42,0.057896,0.119397,0.894737,0.0,-0.236578,682.86063,1185.118898,502.258269,1189.284565,False,canica,False,,,,,,,1,26.140431,-36.576669,-40.917602,,,,,,,,,1.780102
trueno_hecho_de_canica,chimera_grid,1,align-on__nb2__mix1.00__warp-on,,trueno,canica,chimera,2,True,True,1.0,-40.0,False,6.0,42,-0.025542,0.119397,0.888889,0.0,-0.280715,682.86063,1185.118898,502.258269,1189.284565,False,canica,False,signal_warp,19,19,68,0.441312,,1,25.69275,-33.537049,-40.443298,,,,,,,,,1.884677
trueno_hecho_de_canica,chimera_grid,1,align-on__nb4__mix0.00__warp-off,,trueno,canica,chimera,4,True,False,0.0,-40.0,False,6.0,42,0.205346,0.119397,0.764706,0.0,-0.116471,682.86063,1185.118898,502.258269,1189.284565,False,canica,False,,,,,,,2,19.52976,-21.812904,-48.975283,,,,,,,,,2.015483
trueno_hecho_de_canica,chimera_grid,1,align-on__nb4__mix0.00__warp-on,,trueno,canica,chimera,4,True,True,0.0,-40.0,False,6.0,42,0.124653,0.119397,0.724138,0.0,-0.148682,682.86063,1185.118898,502.258269,1189.284565,False,canica,False,signal_warp,19,19,68,0.441312,,2,19.119582,-21.183667,-47.876824,,,,,,,,,2.085172
trueno_hecho_de_canica,chimera_grid,1,align-on__nb4__mix0.25__warp-off,,trueno,canica,chimera,4,True,False,0.25,-40.0,False,6.0,42,0.262114,0.119397,0.609756,0.0,-0.038764,682.86063,1185.118898,502.258269,1189.284565,False,canica,False,,,,,,,2,19.377479,-24.329105,-47.941497,,,,,,,,,2.018922
trueno_hecho_de_canica,chimera_grid,1,align-on__nb4__mix0.25__warp-on,,trueno,canica,chimera,4,True,True,0.25,-40.0,False,6.0,42,0.098647,0.119397,0.826087,0.0,-0.19357,682.86063,1185.118898,502.258269,1189.284565,False,canica,False,signal_warp,19,19,68,0.441312,,2,19.147125,-23.174567,-45.840965,True,muestra2,escucha_AB/fusion_v12/trueno_hecho_de_canica/muestra2__align-on__nb4__mix0.25__warp-on.wav,0.381674,linear,False,0.0,,2.096682
trueno_hecho_de_canica,chimera_grid,1,align-on__nb4__mix0.50__warp-off,,trueno,canica,chimera,4,True,False,0.5,-40.0,False,6.0,42,0.325947,0.119397,0.652174,0.0,-0.016381,682.86063,1185.118898,502.258269,1189.284565,False,canica,False,,,,,,,2,18.494717,-26.954822,-46.480898,,,,,,,,,2.027592
trueno_hecho_de_canica,chimera_grid,1,align-on__nb4__mix0.50__warp-on,,trueno,canica,chimera,4,True,True,0.5,-40.0,False,6.0,42,0.092683,0.119397,1.0,0.0,-0.249024,682.86063,1185.118898,502.258269,1189.284565,False,canica,False,signal_warp,19,19,68,0.441312,,2,18.516343,-24.83054,-44.114935,,,,,,,,,2.08602
trueno_hecho_de_canica,chimera_grid,1,align-on__nb4__mix0.75__warp-off,,trueno,canica,chimera,4,True,False,0.75,-40.0,False,6.0,42,0.182606,0.084442,0.655172,0.0,-0.096118,682.86063,1185.118898,502.258269,1189.284565,False,canica,False,,,,,,,2,18.58829,-29.350431,-44.750098,,,,,,,,,1.132932
trueno_hecho_de_canica,chimera_grid,1,align-on__nb4__mix0.75__warp-on,,trueno,canica,chimera,4,True,True,0.75,-40.0,False,6.0,42,0.010793,0.119397,0.888889,0.0,-0.26073,682.86063,1185.118898,502.258269,1189.284565,False,canica,False,signal_warp,19,19,68,0.441312,,2,17.952843,-25.532879,-42.144833,,,,,,,,,2.091086
trueno_hecho_de_canica,chimera_grid,1,align-on__nb4__mix1.00__warp-off,,trueno,canica,chimera,4,True,False,1.0,-40.0,False,6.0,42,0.135157,0.119397,0.0,0.0,0.074336,682.86063,1185.118898,502.258269,1189.284565,False,canica,False,,,,,,,2,33.356591,-39.363752,-49.570622,,,,,,,,,2.04162
trueno_hecho_de_canica,chimera_grid,1,align-on__nb4__mix1.00__warp-on,,trueno,canica,chimera,4,True,True,1.0,-40.0,False,6.0,42,0.173065,0.119397,0.0,0.0,0.095186,682.86063,1185.118898,502.258269,1189.284565,False,canica,False,signal_warp,19,19,68,0.441312,,2,33.583899,-36.133721,-49.538274,,,,,,,,,2.107353
trueno_hecho_de_canica,chimera_grid,1,align-on__nb6__mix0.00__warp-off,,trueno,canica,chimera,6,True,False,0.0,-40.0,False,6.0,42,0.193749,0.119397,0.764706,0.0,-0.12285,682.86063,1185.118898,502.258269,1189.284565,False,canica,False,,,,,,,3,19.223515,-20.094383,-54.133682,,,,,,,,,2.219652
trueno_hecho_de_canica,chimera_grid,1,align-on__nb6__mix0.00__warp-on,,trueno,canica,chimera,6,True,True,0.0,-40.0,False,6.0,42,0.178195,0.119397,0.818182,0.0,-0.147447,682.86063,1185.118898,502.258269,1189.284565,False,canica,False,signal_warp,19,19,68,0.441312,,3,18.139595,-19.031371,-52.145343,,,,,,,,,2.305249
trueno_hecho_de_canica,chimera_grid,1,align-on__nb6__mix0.25__warp-off,,trueno,canica,chimera,6,True,False,0.25,-40.0,False,6.0,42,0.188617,0.119397,0.818182,0.0,-0.141715,682.86063,1185.118898,502.258269,1189.284565,False,canica,False,,,,,,,3,19.014091,-20.584526,-52.654473,,,,,,,,,2.245674
trueno_hecho_de_canica,chimera_grid,1,align-on__nb6__mix0.25__warp-on,,trueno,canica,chimera,6,True,True,0.25,-40.0,False,6.0,42,0.144154,0.119397,0.652174,0.0,-0.116367,682.86063,1185.118898,502.258269,1189.284565,False,canica,False,signal_warp,19,19,68,0.441312,,3,18.458602,-19.896435,-49.631185,,,,,,,,,2.302232
trueno_hecho_de_canica,chimera_grid,1,align-on__nb6__mix0.50__warp-off,,trueno,canica,chimera,6,True,False,0.5,-40.0,False,6.0,42,0.205058,0.119397,0.9,0.0,-0.157218,682.86063,1185.118898,502.258269,1189.284565,False,canica,False,,,,,,,3,18.545012,-22.515783,-50.035457,,,,,,,,,2.221195
trueno_hecho_de_canica,chimera_grid,1,align-on__nb6__mix0.50__warp-on,,trueno,canica,chimera,6,True,True,0.5,-40.0,False,6.0,42,0.110502,0.119397,0.882353,0.0,-0.20393,682.86063,1185.118898,502.258269,1189.284565,False,canica,False,signal_warp,19,19,68,0.441312,,3,18.228973,-21.287364,-46.120203,,,,,,,,,2.317441
trueno_hecho_de_canica,chimera_grid,1,align-on__nb6__mix0.75__warp-off,,trueno,canica,chimera,6,True,False,0.75,-40.0,False,6.0,42,0.156582,0.119397,0.826087,0.0,-0.161706,682.86063,1185.118898,502.258269,1189.284565,False,canica,False,,,,,,,3,18.570637,-26.927942,-47.765517,,,,,,,,,2.217551
trueno_hecho_de_canica,chimera_grid,1,align-on__nb6__mix0.75__warp-on,,trueno,canica,chimera,6,True,True,0.75,-40.0,False,6.0,42,0.045092,0.119397,1.0,0.0,-0.275199,682.86063,1185.118898,502.258269,1189.284565,False,canica,False,signal_warp,19,19,68,0.441312,,3,18.309269,-24.208131,-43.708349,,,,,,,,,2.311111
trueno_hecho_de_canica,chimera_grid,1,align-on__nb6__mix1.00__warp-off,,trueno,canica,chimera,6,True,False,1.0,-40.0,False,6.0,42,0.201157,0.119397,0.333333,0.0,0.010637,682.86063,1185.118898,502.258269,1189.284565,False,canica,False,,,,,,,3,28.032399,-40.188392,-50.268718,,,,,,,,,2.233843
trueno_hecho_de_canica,chimera_grid,1,align-on__nb6__mix1.00__warp-on,,trueno,canica,chimera,6,True,True,1.0,-40.0,False,6.0,42,0.179722,0.119397,0.333333,0.0,-0.001153,682.86063,1185.118898,502.258269,1189.284565,False,canica,False,signal_warp,19,19,68,0.441312,,3,27.599327,-31.146753,-48.188351,,,,,,,,,2.357369
trueno_hecho_de_canica,chimera_grid,1,align-on__nb8__mix0.00__warp-off,,trueno,canica,chimera,8,True,False,0.0,-40.0,False,6.0,42,0.230592,0.119397,0.913043,0.0,-0.147087,682.86063,1185.118898,502.258269,1189.284565,False,canica,False,,,,,,,4,17.819659,-18.643251,-55.117522,,,,,,,,,2.54119
trueno_hecho_de_canica,chimera_grid,1,align-on__nb8__mix0.00__warp-on,,trueno,canica,chimera,8,True,True,0.0,-40.0,False,6.0,42,0.255167,0.119397,0.625,0.0,-0.047158,682.86063,1185.118898,502.258269,1189.284565,False,canica,False,signal_warp,19,19,68,0.441312,,4,18.135621,-19.060005,-51.785777,,,,,,,,,2.541248
trueno_hecho_de_canica,chimera_grid,1,align-on__nb8__mix0.25__warp-off,,trueno,canica,chimera,8,True,False,0.25,-40.0,False,6.0,42,0.248766,0.119397,0.733333,0.0,-0.083179,682.86063,1185.118898,502.258269,1189.284565,False,canica,False,,,,,,,4,17.429058,-18.521915,-53.928091,,,,,,,,,2.429555
trueno_hecho_de_canica,chimera_grid,1,align-on__nb8__mix0.25__warp-on,,trueno,canica,chimera,8,True,True,0.25,-40.0,False,6.0,42,0.250718,0.119397,0.857143,0.0,-0.119248,682.86063,1185.118898,502.258269,1189.284565,False,canica,False,signal_warp,19,19,68,0.441312,,4,18.362826,-19.625902,-50.933592,,,,,,,,,2.517078
trueno_hecho_de_canica,chimera_grid,1,align-on__nb8__mix0.50__warp-off,,trueno,canica,chimera,8,True,False,0.5,-40.0,False,6.0,42,0.216672,0.119397,0.837838,0.0,-0.132182,682.86063,1185.118898,502.258269,1189.284565,False,canica,False,,,,,,,4,17.875309,-20.115344,-52.255967,,,,,,,,,2.474995
trueno_hecho_de_canica,chimera_grid,1,align-on__nb8__mix0.50__warp-on,,trueno,canica,chimera,8,True,True,0.5,-40.0,False,6.0,42,0.198572,0.119397,0.789474,0.0,-0.127627,682.86063,1185.118898,502.258269,1189.284565,False,canica,False,signal_warp,19,19,68,0.441312,,4,17.971698,-20.096132,-48.991587,,,,,,,,,2.507216
trueno_hecho_de_canica,chimera_grid,1,align-on__nb8__mix0.75__warp-off,,trueno,canica,chimera,8,True,False,0.75,-40.0,False,6.0,42,0.06612,0.119397,0.5,0.0,-0.113634,682.86063,1185.118898,502.258269,1189.284565,False,canica,False,,,,,,,4,22.127365,-28.371387,-46.984685,,,,,,,,,2.436842
trueno_hecho_de_canica,chimera_grid,1,align-on__nb8__mix0.75__warp-on,,trueno,canica,chimera,8,True,True,0.75,-40.0,False,6.0,42,0.029701,0.119397,0.818182,0.0,-0.229119,682.86063,1185.118898,502.258269,1189.284565,False,canica,False,signal_warp,19,19,68,0.441312,,4,22.122243,-26.781681,-45.073417,,,,,,,,,2.512923
trueno_hecho_de_canica,chimera_grid,1,align-on__nb8__mix1.00__warp-off,,trueno,canica,chimera,8,True,False,1.0,-40.0,False,6.0,42,0.434591,0.119397,0.0,0.0,0.239025,682.86063,1185.118898,502.258269,1189.284565,False,canica,False,,,,,,,4,32.840936,-39.766932,-45.309309,,,,,,,,,2.436609
trueno_hecho_de_canica,chimera_grid,1,align-on__nb8__mix1.00__warp-on,,trueno,canica,chimera,8,True,True,1.0,-40.0,False,6.0,42,0.409127,0.119397,0.333333,0.0,0.12502,682.86063,1185.118898,502.258269,1189.284565,False,canica,False,signal_warp,19,19,68,0.441312,,4,34.721073,-43.051596,-44.989546,,,,,,,,,2.519633
trueno_hecho_de_canica,chimera_grid,1,align-on__nb12__mix0.00__warp-off,,trueno,canica,chimera,12,True,False,0.0,-40.0,False,6.0,42,0.346014,0.119397,0.888889,0.0,-0.076359,682.86063,1185.118898,502.258269,1189.284565,False,canica,False,,,,,,,7,18.200245,-18.885339,-57.495838,,,,,,,,,2.845676
trueno_hecho_de_canica,chimera_grid,1,align-on__nb12__mix0.00__warp-on,,trueno,canica,chimera,12,True,True,0.0,-40.0,False,6.0,42,0.205291,0.119397,0.64,0.0,-0.07909,682.86063,1185.118898,502.258269,1189.284565,False,canica,False,signal_warp,19,19,68,0.441312,,7,18.225989,-18.894423,-59.269996,,,,,,,,,2.965731
trueno_hecho_de_canica,chimera_grid,1,align-on__nb12__mix0.25__warp-off,,trueno,canica,chimera,12,True,False,0.25,-40.0,False,6.0,42,0.358639,0.119397,0.789474,0.0,-0.039591,682.86063,1185.118898,502.258269,1189.284565,False,canica,False,,,,,,,7,17.88834,-18.79652,-55.520842,,,,,,,,,2.874679
trueno_hecho_de_canica,chimera_grid,1,align-on__nb12__mix0.25__warp-on,,trueno,canica,chimera,12,True,True,0.25,-40.0,False,6.0,42,0.186459,0.119397,0.754386,0.0,-0.123763,682.86063,1185.118898,502.258269,1189.284565,False,canica,False,signal_warp,19,19,68,0.441312,,7,17.814444,-18.711234,-57.185752,,,,,,,,,2.931766
trueno_hecho_de_canica,chimera_grid,1,align-on__nb12__mix0.50__warp-off,,trueno,canica,chimera,12,True,False,0.5,-40.0,False,6.0,42,0.24254,0.119397,1.0,0.0,-0.166603,682.86063,1185.118898,502.258269,1189.284565,False,canica,False,,,,,,,7,19.231868,-20.776303,-50.672353,,,,,,,,,2.86319
trueno_hecho_de_canica,chimera_grid,1,align-on__nb12__mix0.50__warp-on,,trueno,canica,chimera,12,True,True,0.5,-40.0,False,6.0,42,0.10322,0.119397,0.777778,0.0,-0.176562,682.86063,1185.118898,502.258269,1189.284565,False,canica,False,signal_warp,19,19,68,0.441312,,7,18.097758,-19.545637,-53.720177,,,,,,,,,2.936065
trueno_hecho_de_canica,chimera_grid,1,align-on__nb12__mix0.75__warp-off,,trueno,canica,chimera,12,True,False,0.75,-40.0,False,6.0,42,0.400022,0.119397,0.0,0.0,0.220012,682.86063,1185.118898,502.258269,1189.284565,False,canica,False,,,,,,,7,32.988894,-34.168434,-50.859315,,,,,,,,,2.856478
trueno_hecho_de_canica,chimera_grid,1,align-on__nb12__mix0.75__warp-on,,trueno,canica,chimera,12,True,True,0.75,-40.0,False,6.0,42,0.105774,0.119397,0.333333,0.0,-0.041824,682.86063,1185.118898,502.258269,1189.284565,False,canica,False,signal_warp,19,19,68,0.441312,,7,29.571242,-32.427207,-51.534343,,,,,,,,,2.922922
trueno_hecho_de_canica,chimera_grid,1,align-on__nb12__mix1.00__warp-off,,trueno,canica,chimera,12,True,False,1.0,-40.0,False,6.0,42,0.952282,0.119397,0.0,0.0,0.523755,682.86063,1185.118898,502.258269,1189.284565,False,canica,False,,,,,,,7,41.46027,-35.811295,-51.023559,,,,,,,,,2.859277
trueno_hecho_de_canica,chimera_grid,1,align-on__nb12__mix1.00__warp-on,,trueno,canica,chimera,12,True,True,1.0,-40.0,False,6.0,42,0.34784,0.119397,0.333333,0.0,0.091312,682.86063,1185.118898,502.258269,1189.284565,False,canica,False,signal_warp,19,19,68,0.441312,,7,39.279305,-42.912706,-49.895776,,,,,,,,,2.953265
trueno_hecho_de_canica,chimera_grid,1,align-on__nb16__mix0.00__warp-off,,trueno,canica,chimera,16,True,False,0.0,-40.0,False,6.0,42,0.146253,0.119397,0.931034,0.0,-0.198871,682.86063,1185.118898,502.258269,1189.284565,False,canica,False,,,,,,,9,17.595749,-18.228232,-58.105531,,,,,,,,,3.314992
trueno_hecho_de_canica,chimera_grid,1,align-on__nb16__mix0.00__warp-on,,trueno,canica,chimera,16,True,True,0.0,-40.0,False,6.0,42,0.206066,0.084442,0.846154,0.0,-0.14051,682.86063,1185.118898,502.258269,1189.284565,False,canica,False,signal_warp,19,19,68,0.441312,,9,18.745757,-19.390488,-59.595623,,,,,,,,,2.52404
trueno_hecho_de_canica,chimera_grid,1,align-on__nb16__mix0.25__warp-off,,trueno,canica,chimera,16,True,False,0.25,-40.0,False,6.0,42,0.143485,0.119397,0.8,0.0,-0.161083,682.86063,1185.118898,502.258269,1189.284565,False,canica,False,,,,,,,9,17.796357,-18.611831,-56.892169,,,,,,,,,3.2935
trueno_hecho_de_canica,chimera_grid,1,align-on__nb16__mix0.25__warp-on,,trueno,canica,chimera,16,True,True,0.25,-40.0,False,6.0,42,0.188734,0.119397,0.875,0.0,-0.158696,682.86063,1185.118898,502.258269,1189.284565,False,canica,False,signal_warp,19,19,68,0.441312,,9,18.471315,-19.355225,-57.00704,,,,,,,,,3.397264
trueno_hecho_de_canica,chimera_grid,1,align-on__nb16__mix0.50__warp-off,,trueno,canica,chimera,16,True,False,0.5,-40.0,False,6.0,42,0.086972,0.119397,1.0,0.0,-0.252165,682.86063,1185.118898,502.258269,1189.284565,False,canica,False,,,,,,,9,18.662383,-20.083601,-49.21119,,,,,,,,,3.313001
trueno_hecho_de_canica,chimera_grid,1,align-on__nb16__mix0.50__warp-on,,trueno,canica,chimera,16,True,True,0.5,-40.0,False,6.0,42,0.157668,0.119397,1.0,0.0,-0.213283,682.86063,1185.118898,502.258269,1189.284565,False,canica,False,signal_warp,19,19,68,0.441312,,9,17.261884,-18.742809,-51.226471,,,,,,,,,3.38062
trueno_hecho_de_canica,chimera_grid,1,align-on__nb16__mix0.75__warp-off,,trueno,canica,chimera,16,True,False,0.75,-40.0,False,6.0,42,0.109671,0.119397,0.333333,0.0,-0.039681,682.86063,1185.118898,502.258269,1189.284565,False,canica,False,,,,,,,9,31.885272,-36.052141,-47.968897,,,,,,,,,3.267583
trueno_hecho_de_canica,chimera_grid,1,align-on__nb16__mix0.75__warp-on,,trueno,canica,chimera,16,True,True,0.75,-40.0,False,6.0,42,0.148813,0.119397,0.333333,0.0,-0.018153,682.86063,1185.118898,502.258269,1189.284565,False,canica,False,signal_warp,19,19,68,0.441312,,9,30.120979,-32.346658,-51.786478,,,,,,,,,3.37748
trueno_hecho_de_canica,chimera_grid,1,align-on__nb16__mix1.00__warp-off,,trueno,canica,chimera,16,True,False,1.0,-40.0,False,6.0,42,0.435547,0.119397,0.333333,0.0,0.139551,682.86063,1185.118898,502.258269,1189.284565,False,canica,False,,,,,,,9,38.65345,-45.056846,-47.275458,,,,,,,,,3.286179
trueno_hecho_de_canica,chimera_grid,1,align-on__nb16__mix1.00__warp-on,,trueno,canica,chimera,16,True,True,1.0,-40.0,False,6.0,42,0.790263,0.119397,0.333333,0.0,0.334645,682.86063,1185.118898,502.258269,1189.284565,False,canica,False,signal_warp,19,19,68,0.441312,,9,38.287587,-36.76733,-49.874934,,,,,,,,,3.359615
trueno_hecho_de_canica,chimera_grid,1,align-on__nb24__mix0.00__warp-off,,trueno,canica,chimera,24,True,False,0.0,-40.0,False,6.0,42,0.287759,0.119397,0.75,0.0,-0.066733,682.86063,1185.118898,502.258269,1189.284565,False,canica,False,,,,,,,14,18.51799,-19.08925,-63.415511,,,,,,,,,4.139389
trueno_hecho_de_canica,chimera_grid,1,align-on__nb24__mix0.00__warp-on,,trueno,canica,chimera,24,True,True,0.0,-40.0,False,6.0,42,0.218174,0.119397,1.0,0.0,-0.180005,682.86063,1185.118898,502.258269,1189.284565,False,canica,False,signal_warp,19,19,68,0.441312,,14,18.126359,-18.709861,-59.988772,,,,,,,,,4.231978
trueno_hecho_de_canica,chimera_grid,1,align-on__nb24__mix0.25__warp-off,,trueno,canica,chimera,24,True,False,0.25,-40.0,False,6.0,42,0.272503,0.119397,1.0,0.0,-0.150123,682.86063,1185.118898,502.258269,1189.284565,False,canica,False,,,,,,,14,18.185524,-18.896699,-60.695051,,,,,,,,,4.17653
trueno_hecho_de_canica,chimera_grid,1,align-on__nb24__mix0.25__warp-on,,trueno,canica,chimera,24,True,True,0.25,-40.0,False,6.0,42,0.211084,0.119397,1.0,0.0,-0.183904,682.86063,1185.118898,502.258269,1189.284565,False,canica,False,signal_warp,19,19,68,0.441312,,14,18.460254,-19.214876,-59.070972,,,,,,,,,4.274015
trueno_hecho_de_canica,chimera_grid,1,align-on__nb24__mix0.50__warp-off,,trueno,canica,chimera,24,True,False,0.5,-40.0,False,6.0,42,0.207797,0.119397,1.0,0.0,-0.185712,682.86063,1185.118898,502.258269,1189.284565,False,canica,False,,,,,,,14,18.590607,-19.88932,-51.588169,,,,,,,,,4.14438
trueno_hecho_de_canica,chimera_grid,1,align-on__nb24__mix0.50__warp-on,,trueno,canica,chimera,24,True,True,0.5,-40.0,False,6.0,42,0.130932,0.119397,1.0,0.0,-0.227987,682.86063,1185.118898,502.258269,1189.284565,False,canica,False,signal_warp,19,19,68,0.441312,,14,18.781519,-20.020221,-49.047404,,,,,,,,,4.223586
trueno_hecho_de_canica,chimera_grid,1,align-on__nb24__mix0.75__warp-off,,trueno,canica,chimera,24,True,False,0.75,-40.0,False,6.0,42,0.083615,0.119397,0.6,0.0,-0.134012,682.86063,1185.118898,502.258269,1189.284565,False,canica,False,,,,,,,14,29.648887,-34.516948,-47.08248,,,,,,,,,4.122506
trueno_hecho_de_canica,chimera_grid,1,align-on__nb24__mix0.75__warp-on,,trueno,canica,chimera,24,True,True,0.75,-40.0,False,6.0,42,0.253326,0.119397,0.333333,0.0,0.039329,682.86063,1185.118898,502.258269,1189.284565,False,canica,False,signal_warp,19,19,68,0.441312,,14,30.451061,-32.122666,-45.14635,,,,,,,,,4.212436
trueno_hecho_de_canica,chimera_grid,1,align-on__nb24__mix1.00__warp-off,,trueno,canica,chimera,24,True,False,1.0,-40.0,False,6.0,42,0.610241,0.119397,0.333333,0.0,0.235632,682.86063,1185.118898,502.258269,1189.284565,False,canica,False,,,,,,,14,37.974597,-46.760799,-47.045532,,,,,,,,,4.117182
trueno_hecho_de_canica,chimera_grid,1,align-on__nb24__mix1.00__warp-on,,trueno,canica,chimera,24,True,True,1.0,-40.0,False,6.0,42,0.899479,0.119397,0.333333,0.0,0.394714,682.86063,1185.118898,502.258269,1189.284565,False,canica,False,signal_warp,19,19,68,0.441312,,14,40.298174,-37.523369,-46.190004,,,,,,,,,4.200973
trueno_hecho_de_canica,chimera_grid,1,align-on__nb32__mix0.00__warp-off,,trueno,canica,chimera,32,True,False,0.0,-40.0,False,6.0,42,0.104433,0.119397,1.0,0.0,-0.242562,682.86063,1185.118898,502.258269,1189.284565,False,canica,False,,,,,,,18,18.510834,-19.08435,-63.660603,,,,,,,,,5.036822
trueno_hecho_de_canica,chimera_grid,1,align-on__nb32__mix0.00__warp-on,,trueno,canica,chimera,32,True,True,0.0,-40.0,False,6.0,42,0.252666,0.119397,0.714286,0.0,-0.075319,682.86063,1185.118898,502.258269,1189.284565,False,canica,False,signal_warp,19,19,68,0.441312,,18,19.255876,-19.835666,-65.003629,,,,,,,,,5.034065
trueno_hecho_de_canica,chimera_grid,1,align-on__nb32__mix0.25__warp-off,,trueno,canica,chimera,32,True,False,0.25,-40.0,False,6.0,42,0.111241,0.119397,0.8,0.0,-0.178818,682.86063,1185.118898,502.258269,1189.284565,False,canica,False,,,,,,,18,18.043986,-18.754308,-60.52656,,,,,,,,,4.963132
trueno_hecho_de_canica,chimera_grid,1,align-on__nb32__mix0.25__warp-on,,trueno,canica,chimera,32,True,True,0.25,-40.0,False,6.0,42,0.23615,0.119397,1.0,0.0,-0.170117,682.86063,1185.118898,502.258269,1189.284565,False,canica,False,signal_warp,19,19,68,0.441312,,18,19.904161,-20.663207,-63.116003,,,,,,,,,5.045499
trueno_hecho_de_canica,chimera_grid,1,align-on__nb32__mix0.50__warp-off,,trueno,canica,chimera,32,True,False,0.5,-40.0,False,6.0,42,0.093382,0.119397,0.6,0.0,-0.12864,682.86063,1185.118898,502.258269,1189.284565,False,canica,False,,,,,,,18,18.016015,-19.214963,-48.229428,,,,,,,,,5.016766
trueno_hecho_de_canica,chimera_grid,1,align-on__nb32__mix0.50__warp-on,,trueno,canica,chimera,32,True,True,0.5,-40.0,False,6.0,42,0.139377,0.119397,1.0,0.0,-0.223342,682.86063,1185.118898,502.258269,1189.284565,False,canica,False,signal_warp,19,19,68,0.441312,,18,20.135197,-21.406973,-50.800591,,,,,,,,,4.182162
trueno_hecho_de_canica,chimera_grid,1,align-on__nb32__mix0.75__warp-off,,trueno,canica,chimera,32,True,False,0.75,-40.0,False,6.0,42,0.004992,0.119397,1.0,0.0,-0.297255,682.86063,1185.118898,502.258269,1189.284565,False,canica,False,,,,,,,18,31.414347,-35.994513,-45.934662,,,,,,,,,4.109908
trueno_hecho_de_canica,chimera_grid,1,align-on__nb32__mix0.75__warp-on,,trueno,canica,chimera,32,True,True,0.75,-40.0,False,6.0,42,0.065496,0.119397,1.0,0.0,-0.263977,682.86063,1185.118898,502.258269,1189.284565,False,canica,False,signal_warp,19,19,68,0.441312,,18,30.084836,-33.743551,-46.142229,,,,,,,,,5.070259
trueno_hecho_de_canica,chimera_grid,1,align-on__nb32__mix1.00__warp-off,,trueno,canica,chimera,32,True,False,1.0,-40.0,False,6.0,42,0.238914,0.119397,0.333333,0.0,0.031403,682.86063,1185.118898,502.258269,1189.284565,False,canica,False,,,,,,,18,38.645004,-45.149386,-45.580248,,,,,,,,,4.992965
trueno_hecho_de_canica,chimera_grid,1,align-on__nb32__mix1.00__warp-on,,trueno,canica,chimera,32,True,True,1.0,-40.0,False,6.0,42,0.757665,0.119397,0.333333,0.0,0.316716,682.86063,1185.118898,502.258269,1189.284565,False,canica,False,signal_warp,19,19,68,0.441312,,18,36.577121,-47.97386,-45.01429,,,,,,,,,5.032878
trueno_hecho_de_canica,chimera_plana,1,plana__align-off__nb2__warp-off,,trueno,canica,chimera_plana,2,False,False,,-40.0,False,6.0,42,0.256632,0.119397,0.428571,0.0,0.012576,,,,,False,,False,,,,,,color_mix;a_floor_db,1,18.927117,-38.850976,-53.591428,,,,,,,,,0.918566
trueno_hecho_de_canica,chimera_plana,1,plana__align-off__nb4__warp-off,,trueno,canica,chimera_plana,4,False,False,,-40.0,False,6.0,42,0.192339,0.119397,0.756098,0.0,-0.121043,,,,,False,,False,,,,,,color_mix;a_floor_db,2,19.558673,-31.321944,-60.073196,,,,,,,,,1.124189
trueno_hecho_de_canica,chimera_plana,1,plana__align-off__nb6__warp-off,,trueno,canica,chimera_plana,6,False,False,,-40.0,False,6.0,42,0.271851,0.119397,0.866667,0.0,-0.110482,,,,,False,,False,,,,,,color_mix;a_floor_db,3,19.218293,-29.584611,-63.137978,True,muestra3,escucha_AB/fusion_v12/trueno_hecho_de_canica/muestra3__plana__align-off__nb6__warp-off.wav,1.148285,linear,False,-0.0,,1.340386
trueno_hecho_de_canica,chimera_plana,1,plana__align-off__nb8__warp-off,,trueno,canica,chimera_plana,8,False,False,,-40.0,False,6.0,42,0.155277,0.119397,0.72973,0.0,-0.133517,,,,,False,,False,,,,,,color_mix;a_floor_db,4,17.545665,-29.420668,-64.824342,,,,,,,,,1.538607
trueno_hecho_de_canica,chimera_plana,1,plana__align-off__nb12__warp-off,,trueno,canica,chimera_plana,12,False,False,,-40.0,False,6.0,42,0.315532,0.119397,0.756098,0.0,-0.053287,,,,,False,,False,,,,,,color_mix;a_floor_db,7,16.791837,-29.299398,-69.573755,,,,,,,,,1.961595
trueno_hecho_de_canica,chimera_plana,1,plana__align-off__nb16__warp-off,,trueno,canica,chimera_plana,16,False,False,,-40.0,False,6.0,42,0.179592,0.119397,0.769231,0.0,-0.131994,,,,,False,,False,,,,,,color_mix;a_floor_db,9,17.349475,-29.169122,-70.387711,,,,,,,,,2.381222
trueno_hecho_de_canica,chimera_plana,1,plana__align-off__nb24__warp-off,,trueno,canica,chimera_plana,24,False,False,,-40.0,False,6.0,42,0.259469,0.119397,1.0,0.0,-0.157292,,,,,False,,False,,,,,,color_mix;a_floor_db,14,18.351171,-29.170491,-72.910064,,,,,,,,,3.222382
trueno_hecho_de_canica,chimera_plana,1,plana__align-off__nb32__warp-off,,trueno,canica,chimera_plana,32,False,False,,-40.0,False,6.0,42,0.101732,0.119397,1.0,0.0,-0.244048,,,,,False,,False,,,,,,color_mix;a_floor_db,18,17.949979,-29.297115,-74.842143,,,,,,,,,4.094017
trueno_hecho_de_canica,baseline_v11,1,align-off__nb6__mixV11__warp-off,,trueno,canica,chimera,6,False,False,,-40.0,False,6.0,42,0.990407,0.119397,0.0,0.0,0.544724,,,,,False,,False,,,,,,a_floor_db,3,47.285335,-36.379889,-49.590615,True,baseline_v11,escucha_AB/fusion_v12/trueno_hecho_de_canica/baseline_v11__align-off__nb6__mixV11__warp-off.wav,9.740991,soft_limit,True,-8.07077,,1.386704
trueno_hecho_de_canica,suma_ancla,1,suma,,trueno,canica,suma,8,False,False,,-40.0,False,6.0,42,0.397588,0.119397,0.581356,0.436527,-0.021212,,,,,False,,False,,,,,,color_mix;a_floor_db;n_bands,,16.194021,-32.410826,-28.889988,True,suma_ancla,escucha_AB/fusion_v12/trueno_hecho_de_canica/suma_ancla__suma.wav,0.61995,linear,False,0.0,,0.724653
trueno_hecho_de_canica,vocoder,1,vocoder__align-off__nb8__warp-off,,trueno,canica,vocoder,8,False,False,,-40.0,False,6.0,42,0.140124,0.119397,1.0,0.0,-0.222932,,,,,False,,False,,,,,,color_mix;a_floor_db,4,21.765717,-23.528552,-55.064749,,,,,,,,,2.402772
trueno_hecho_de_canica,vocoder,1,vocoder__align-off__nb12__warp-off,,trueno,canica,vocoder,12,False,False,,-40.0,False,6.0,42,0.116275,0.119397,1.0,0.0,-0.236049,,,,,False,,False,,,,,,color_mix;a_floor_db,7,21.456293,-23.031657,-53.244301,True,muestra6,escucha_AB/fusion_v12/trueno_hecho_de_canica/muestra6__vocoder__align-off__nb12__warp-off.wav,0.497911,linear,False,0.0,,1.789982
trueno_hecho_de_canica,vocoder,1,vocoder__align-off__nb16__warp-off,,trueno,canica,vocoder,16,False,False,,-40.0,False,6.0,42,0.14844,0.119397,1.0,0.0,-0.218358,,,,,False,,False,,,,,,color_mix;a_floor_db,9,20.930918,-22.337076,-52.720435,,,,,,,,,2.078441
trueno_hecho_de_canica,stats_finish_top5,2,align-off__nb24__mix1.00__warp-off__stats-on,,trueno,canica,chimera,24,False,False,1.0,-40.0,True,6.0,42,0.730898,0.084442,0.333333,0.0,0.301994,,,,,False,,False,,,,,,,14,34.562625,-39.462531,-49.033704,,,,,,,,1,15.420761
trueno_hecho_de_canica,stats_finish_top5,2,align-on__nb12__mix1.00__warp-off__stats-on,,trueno,canica,chimera,12,True,False,1.0,-40.0,True,6.0,42,0.745912,0.119397,0.333333,0.0,0.310252,682.86063,1185.118898,502.258269,1189.284565,False,canica,False,,,,,,,7,32.204292,-36.756549,-55.131566,,,,,,,,2,13.335675
trueno_hecho_de_canica,stats_finish_top5,2,align-on__nb24__mix1.00__warp-on__stats-on,,trueno,canica,chimera,24,True,True,1.0,-40.0,True,6.0,42,0.723514,0.119397,0.333333,0.0,0.297932,682.86063,1185.118898,502.258269,1189.284565,False,canica,False,signal_warp,19,19,68,0.441312,,14,31.205776,-38.606707,-51.177584,,,,,,,,3,15.65694
trueno_hecho_de_canica,stats_finish_top5,2,align-off__nb24__mix1.00__warp-on__stats-on,,trueno,canica,chimera,24,False,True,1.0,-40.0,True,6.0,42,0.788147,0.084442,0.333333,0.0,0.333481,,,,,False,,False,signal_warp,19,19,73,0.908065,,14,36.011227,-50.636063,-55.380687,,,,,,,,4,15.672933
trueno_hecho_de_canica,stats_finish_top5,2,align-on__nb16__mix1.00__warp-on__stats-on,,trueno,canica,chimera,16,True,True,1.0,-40.0,True,6.0,42,0.694863,0.119397,0.333333,0.0,0.282175,682.86063,1185.118898,502.258269,1189.284565,False,canica,False,signal_warp,19,19,68,0.441312,,9,33.10501,-36.888645,-52.704435,,,,,,,,5,14.725702
